{"stats":{"minecraft:mined":{"divinerpg:skeleton_wall_torch":1,"minecraft:spruce_planks":15,"minecraft:white_bed":2,"divinerpg:realmite_ore":28,"minecraft:cave_vines_plant":1,"minecraft:granite":15,"minecraft:grass_block":3,"minecraft:infested_cobblestone":2,"minecraft:tall_seagrass":1,"regions_unexplored:stone_bud":1,"minecraft:glowstone":1,"minecraft:iron_ore":64,"minecraft:cobbled_deepslate":8,"minecraft:moss_carpet":2,"minecraft:cave_vines":1,"minecraft:oak_stairs":2,"minecraft:azalea":1,"regions_unexplored:silt_grass_block":13,"regions_unexplored:dead_steppe_shrub":1,"minecraft:torch":6,"regions_unexplored:small_desert_shrub":2,"iceandfire:ghost_chest":2,"minecraft:chest":1,"minecraft:cobblestone":21,"minecraft:sugar_cane":7,"minecraft:oak_planks":21,"minecraft:wall_torch":18,"minecraft:skeleton_skull":1,"minecraft:wheat":3,"minecraft:grass":32,"minecraft:oak_log":30,"regions_unexplored:eucalyptus_log":23,"minecraft:beetroots":2,"minecraft:sand":1,"minecraft:dirt":15,"minecraft:oak_leaves":13,"minecraft:deepslate":193,"regions_unexplored:spruce_shrub":1,"minecraft:tuff":13,"iceandfire:silver_ore":21,"minecraft:deepslate_diamond_ore":1,"regions_unexplored:barley":14,"minecraft:oak_door":1,"divinerpg:arlemite_ore_deepslate":9,"iceandfire:deepslate_silver_ore":4,"regions_unexplored:saguaro_cactus":1,"minecraft:spruce_leaves":4,"regions_unexplored:raw_redstone_block":2,"minecraft:hay_block":65,"regions_unexplored:baobab_log":14,"minecraft:furnace":7,"minecraft:carrots":4,"minecraft:andesite":25,"regions_unexplored:eucalyptus_shrub":1,"minecraft:deepslate_iron_ore":15,"minecraft:vine":2,"crittersandcompanions:silk_cocoon":1,"regions_unexplored:apple_oak_leaves":4,"regions_unexplored:medium_grass":25,"regions_unexplored:stripped_eucalyptus_log":1,"regions_unexplored:small_oak_log":1,"minecraft:stone":357,"regions_unexplored:redstone_bulb":1,"regions_unexplored:silver_birch_leaf_pile":2,"minecraft:oak_fence":1,"minecraft:crafting_table":8,"regions_unexplored:silt_dirt":10,"minecraft:tall_grass":53,"minecraft:copper_ore":20,"minecraft:deepslate_gold_ore":15,"minecraft:lapis_ore":4,"minecraft:diorite":26,"minecraft:coarse_dirt":1,"regions_unexplored:redstone_bud":2,"minecraft:spruce_log":4,"minecraft:coal_ore":158,"minecraft:gravel":7,"minecraft:cobweb":2,"minecraft:gold_ore":2,"minecraft:fern":3},"minecraft:killed_by":{"iceandfire:fire_dragon":1,"minecraft:player":2,"iceandfire:ghost":1},"minecraft:used":{"regions_unexplored:silt_dirt":7,"minecraft:chest":6,"minecraft:shield":5,"minecraft:stone":2,"minecraft:iron_chestplate":2,"minecraft:carrot":2,"regions_unexplored:mauve_sapling":1,"minecraft:tuff":10,"regions_unexplored:barley":7,"iceandfire:armor_silver_metal_leggings":1,"minecraft:iron_helmet":1,"minecraft:furnace":17,"minecraft:oak_sapling":4,"minecraft:diorite":1,"minecraft:stone_pickaxe":2,"minecraft:oak_planks":34,"iceandfire:silver_pickaxe":460,"iceandfire:armor_copper_metal_chestplate":1,"minecraft:bread":95,"divinerpg:arlemite_boots":1,"minecraft:gravel":5,"regions_unexplored:baobab_log":14,"minecraft:coarse_dirt":1,"minecraft:stone_sword":22,"minecraft:spruce_planks":15,"minecraft:torch":25,"minecraft:dirt":4,"iceandfire:copper_sword":168,"regions_unexplored:eucalyptus_log":7,"minecraft:golden_shovel":4,"tombstone:ankh_of_pray":6,"divinerpg:arlemite_axe":55,"minecraft:golden_carrot":2,"tombstone:gift":8,"minecraft:cobbled_deepslate":116,"minecraft:water_bucket":51,"divinerpg:realmite_shield":20,"regions_unexplored:dead_steppe_shrub":1,"minecraft:oak_slab":2,"minecraft:crafting_table":11,"divinerpg:arlemite_stabber":233,"minecraft:white_bed":2,"justhammers:iron_hammer":101,"minecraft:oak_log":1,"minecraft:apple":10,"minecraft:iron_pickaxe":548,"minecraft:stone_axe":70,"iceandfire:silver_hoe":68,"minecraft:cobblestone":354,"minecraft:cooked_porkchop":5,"minecraft:porkchop":1,"minecraft:bucket":52,"alexsmobs:animal_dictionary":1},"minecraft:crafted":{"minecraft:oak_planks":120,"minecraft:stone":5,"aether:golden_ring":1,"iceandfire:armor_silver_metal_leggings":1,"minecraft:chest":5,"divinerpg:arlemite_stabber":1,"minecraft:oak_slab":12,"minecraft:cooked_porkchop":5,"minecraft:crafting_table":6,"minecraft:spruce_planks":16,"minecraft:wooden_pickaxe":1,"minecraft:iron_helmet":1,"divinerpg:realmite_shield":1,"minecraft:gold_block":2,"minecraft:iron_chestplate":1,"minecraft:paper":3,"minecraft:shield":1,"minecraft:stick":36,"minecraft:iron_ingot":91,"minecraft:iron_pickaxe":3,"minecraft:iron_block":7,"minecraft:stone_sword":1,"minecraft:gold_ingot":26,"minecraft:golden_carrot":2,"divinerpg:arlemite_shovel":1,"divinerpg:arlemite_boots":1,"minecraft:furnace":11,"divinerpg:realmite_ingot":51,"minecraft:stone_pickaxe":1,"divinerpg:realmite_block":5,"divinerpg:arlemite_axe":1,"tombstone:strange_scroll":1,"minecraft:wheat":540,"iceandfire:silver_ingot":19,"tombstone:ankh_of_pray":1,"iceandfire:silver_block":1,"minecraft:bucket":1,"minecraft:stone_axe":1,"minecraft:bread":180,"minecraft:air":0,"justhammers:iron_hammer":1,"aether:golden_pendant":1,"minecraft:gold_nugget":18,"tombstone:grave_plate":1,"iceandfire:silver_pickaxe":1,"minecraft:torch":8,"divinerpg:arlemite_ingot":9,"iceandfire:silver_hoe":1},"minecraft:custom":{"minecraft:interact_with_crafting_table":61,"minecraft:leave_game":3,"minecraft:time_since_death":37703,"minecraft:sprint_one_cm":636419,"minecraft:damage_blocked_by_shield":720,"minecraft:drop":136,"minecraft:play_time":247637,"minecraft:deaths":6,"tombstone:tomb_raiding":3,"minecraft:jump":5703,"minecraft:walk_on_water_one_cm":26049,"minecraft:interact_with_furnace":178,"minecraft:sleep_in_bed":9,"tombstone:sneak_grave":7,"minecraft:damage_dealt":20548,"minecraft:player_kills":5,"minecraft:crouch_one_cm":52480,"tombstone:undead_killed":46,"minecraft:mob_kills":86,"minecraft:climb_one_cm":223,"minecraft:walk_one_cm":462015,"minecraft:sneak_time":17224,"minecraft:walk_under_water_one_cm":15744,"minecraft:interact_with_lectern":1,"minecraft:interact_with_blast_furnace":1,"minecraft:total_world_time":247637,"minecraft:interact_with_grindstone":1,"minecraft:time_since_rest":37689,"minecraft:damage_taken":5899,"minecraft:trigger_trapped_chest":4,"minecraft:swim_one_cm":79079,"minecraft:fly_one_cm":971828,"minecraft:open_chest":217,"minecraft:fall_one_cm":160864},"minecraft:killed":{"divinerpg:cave_crawler":2,"minecraft:spider":8,"minecraft:skeleton":20,"friendsandfoes:glare":1,"minecraft:silverfish":4,"minecraft:pig":3,"minecraft:iron_golem":1,"minecraft:creeper":1,"minecraft:zombie":15,"minecraft:cow":6,"divinerpg:jungle_dramcryx":3,"mca:female_zombie_villager":1,"divinerpg:rotatick":1,"divinerpg:kobblin":5,"crittersandcompanions:otter":1,"crittersandcompanions:ferret":1,"divinerpg:miner":3,"iceandfire:ghost":7,"alexsmobs:crow":1},"minecraft:picked_up":{"iceandfire:copper_sword":1,"regions_unexplored:silt_dirt":8,"minecraft:oak_stairs":2,"tombstone:grave_key":1,"regions_unexplored:stripped_eucalyptus_log":1,"iceandfire:manuscript":2,"minecraft:string":14,"minecraft:raw_copper":50,"minecraft:cobbled_deepslate":376,"minecraft:spruce_planks":31,"minecraft:azalea":1,"divinerpg:raw_arlemite":9,"minecraft:furnace":7,"iceandfire:ghost_chest":2,"minecraft:stick":1,"minecraft:oak_fence":1,"minecraft:torch":25,"minecraft:porkchop":6,"minecraft:diorite":68,"tombstone:grave_dust":8,"regions_unexplored:raw_redstone_block":1,"regions_unexplored:barley":7,"minecraft:rotten_flesh":29,"minecraft:cobblestone":703,"minecraft:andesite":47,"regions_unexplored:dead_steppe_shrub":1,"minecraft:flint":1,"minecraft:tuff":13,"minecraft:lapis_lazuli":99,"minecraft:dirt":12,"minecraft:bone":24,"minecraft:bow":2,"minecraft:wheat_seeds":15,"minecraft:raw_gold":23,"minecraft:glowstone_dust":3,"minecraft:oak_planks":21,"divinerpg:realmite_ingot":1,"minecraft:oak_pressure_plate":1,"minecraft:diamond":2,"minecraft:granite":24,"minecraft:bread":2,"alexsmobs:maggot":1,"minecraft:oak_sapling":5,"iceandfire:raw_silver":27,"regions_unexplored:baobab_log":14,"minecraft:crafting_table":8,"minecraft:coarse_dirt":1,"iceandfire:silver_hoe":1,"minecraft:moss_carpet":1,"regions_unexplored:spruce_shrub":1,"minecraft:beef":15,"minecraft:iron_nugget":1,"minecraft:sugar_cane":16,"minecraft:chest":1,"crittersandcompanions:clam":1,"minecraft:raw_iron":107,"minecraft:stone":1,"regions_unexplored:silver_birch_leaf_pile":5,"minecraft:oak_door":1,"minecraft:copper_ingot":2,"divinerpg:terran_shards":3,"minecraft:carrot":4,"minecraft:redstone":24,"regions_unexplored:redstone_bulb":3,"divinerpg:jungle_shards":5,"iceandfire:silver_ingot":5,"minecraft:arrow":13,"regions_unexplored:mauve_sapling":1,"minecraft:beetroot_seeds":2,"regions_unexplored:eucalyptus_shrub":1,"minecraft:hay_block":60,"divinerpg:raw_realmite":51,"crittersandcompanions:silk":3,"minecraft:glow_berries":1,"minecraft:skeleton_skull":1,"regions_unexplored:eucalyptus_log":23,"minecraft:leather":9,"minecraft:oak_log":30,"iceandfire:ectoplasm":5,"mca:book_romance":1,"tombstone:gift":1,"minecraft:apple":31,"minecraft:iron_ingot":5,"minecraft:cobweb":2,"minecraft:gravel":6,"minecraft:white_bed":2,"minecraft:spruce_log":4,"minecraft:spider_eye":4,"tombstone:scroll_of_knowledge":1,"minecraft:coal":210,"regions_unexplored:small_oak_log":1},"minecraft:dropped":{"minecraft:iron_sword":1,"iceandfire:raw_silver":7,"minecraft:moss_block":3,"crittersandcompanions:clam":1,"minecraft:cooked_beef":7,"minecraft:baked_potato":3,"minecraft:dirt":8,"minecraft:writable_book":1,"divinerpg:realmite_ingot":1,"iceandfire:silver_hoe":2,"regions_unexplored:redstone_bulb":3,"minecraft:bone":6,"regions_unexplored:eucalyptus_shrub":1,"minecraft:gravel":1,"regions_unexplored:raw_redstone_block":1,"minecraft:iron_nugget":1,"alexsmobs:animal_dictionary":2,"minecraft:cobbled_deepslate":20,"minecraft:rotten_flesh":20,"minecraft:oak_planks":24,"justhammers:iron_hammer":1,"divinerpg:terran_shards":1,"minecraft:beetroot_seeds":2,"tombstone:scroll_of_knowledge":1,"minecraft:arrow":8,"minecraft:enchanted_book":1,"minecraft:bread":60,"minecraft:wheat_seeds":13,"minecraft:cobblestone":317,"minecraft:granite":39,"minecraft:coal":40,"minecraft:stick":3,"minecraft:cobweb":2,"mca:book_romance":2,"minecraft:diorite":63,"minecraft:torch":3,"regions_unexplored:eucalyptus_log":16,"regions_unexplored:silver_birch_leaf_pile":5,"minecraft:string":5,"minecraft:redstone":4,"regions_unexplored:stripped_eucalyptus_log":1,"minecraft:moss_carpet":4,"alexsmobs:maggot":1,"minecraft:raw_iron":52,"minecraft:clay_ball":71,"crittersandcompanions:silk":3,"minecraft:stone":2,"minecraft:spruce_planks":16,"minecraft:andesite":73,"minecraft:oak_sapling":1,"minecraft:spider_eye":2,"minecraft:bow":1,"minecraft:stone_pickaxe":1,"minecraft:wooden_pickaxe":1,"minecraft:magma_block":7,"regions_unexplored:silt_dirt":1},"minecraft:broken":{"iceandfire:silver_pickaxe":1,"justhammers:iron_hammer":1,"minecraft:iron_pickaxe":1}},"DataVersion":3465}