{"stats":{"minecraft:picked_up":{"regions_unexplored:small_oak_log":1,"iceandfire:dread_stone_bricks":1,"iceandfire:copper_sword":1,"regions_unexplored:silt_dirt":9,"minecraft:oak_stairs":2,"tombstone:grave_key":1,"regions_unexplored:stripped_eucalyptus_log":1,"iceandfire:manuscript":2,"minecraft:string":32,"minecraft:raw_copper":50,"minecraft:cobbled_deepslate":439,"minecraft:spruce_planks":31,"minecraft:azalea":1,"divinerpg:raw_arlemite":30,"alexsmobs:raccoon_tail":1,"minecraft:furnace":8,"minecraft:stick":5,"iceandfire:ghost_chest":3,"minecraft:oak_fence":1,"minecraft:torch":28,"minecraft:porkchop":15,"regions_unexplored:raw_redstone_block":1,"tombstone:grave_dust":11,"minecraft:diorite":68,"regions_unexplored:barley":7,"divinerpg:realmite_boots":1,"minecraft:cactus":3,"minecraft:rotten_flesh":36,"minecraft:obsidian":4,"minecraft:cobblestone":733,"minecraft:feather":4,"minecraft:andesite":48,"regions_unexplored:dead_steppe_shrub":1,"minecraft:flint":1,"minecraft:tuff":13,"minecraft:lapis_lazuli":99,"minecraft:dirt":14,"biomemakeover:crude_fragment":4,"minecraft:bone":27,"minecraft:bow":5,"minecraft:wheat_seeds":18,"minecraft:raw_gold":26,"biomemakeover:cladded_leggings":1,"minecraft:glowstone_dust":3,"minecraft:oak_planks":22,"divinerpg:realmite_ingot":1,"minecraft:oak_pressure_plate":1,"regions_unexplored:palm_log":8,"minecraft:diamond":6,"minecraft:crossbow":3,"minecraft:granite":24,"minecraft:bone_meal":1,"minecraft:bread":26,"alexsmobs:maggot":1,"minecraft:oak_sapling":5,"regions_unexplored:baobab_log":14,"iceandfire:raw_silver":30,"minecraft:coarse_dirt":1,"minecraft:crafting_table":10,"divinerpg:arlemite_shickaxe":1,"regions_unexplored:red_maple_leaf_pile":4,"iceandfire:silver_hoe":1,"minecraft:moss_carpet":1,"divinerpg:realmite_helmet":2,"regions_unexplored:spruce_shrub":1,"biomesoplenty:black_sand":1,"minecraft:beef":26,"minecraft:iron_nugget":1,"minecraft:sugar_cane":16,"minecraft:chest":1,"crittersandcompanions:clam":1,"minecraft:egg":1,"minecraft:raw_iron":118,"minecraft:stone":1,"regions_unexplored:silver_birch_leaf_pile":5,"minecraft:oak_door":1,"minecraft:copper_ingot":2,"divinerpg:terran_shards":6,"regions_unexplored:blue_lupine":1,"minecraft:carrot":4,"minecraft:redstone":24,"iceandfire:silver_ingot":5,"divinerpg:jungle_shards":5,"minecraft:arrow":19,"regions_unexplored:mauve_sapling":1,"regions_unexplored:redstone_bulb":3,"regions_unexplored:joshua_log":2,"minecraft:beetroot_seeds":2,"regions_unexplored:eucalyptus_shrub":1,"minecraft:hay_block":60,"divinerpg:raw_realmite":51,"crittersandcompanions:silk":6,"minecraft:glow_berries":1,"minecraft:skeleton_skull":2,"regions_unexplored:eucalyptus_log":23,"divinerpg:raw_rupee":2,"minecraft:leather":13,"minecraft:oak_log":34,"iceandfire:ectoplasm":6,"minecraft:gunpowder":3,"mca:book_romance":1,"minecraft:white_banner":1,"tombstone:gift":1,"minecraft:apple":31,"minecraft:iron_ingot":5,"minecraft:cobweb":2,"minecraft:sweet_berries":3,"minecraft:gravel":6,"minecraft:white_bed":2,"minecraft:spruce_log":4,"minecraft:spruce_door":1,"minecraft:spider_eye":5,"biomemakeover:cladding_upgrade_smithing_template":1,"tombstone:scroll_of_knowledge":1,"minecraft:coal":219},"minecraft:dropped":{"minecraft:iron_sword":1,"iceandfire:raw_silver":7,"minecraft:moss_block":3,"minecraft:porkchop":9,"crittersandcompanions:clam":1,"minecraft:cooked_beef":7,"minecraft:baked_potato":3,"minecraft:crossbow":2,"minecraft:flint":1,"minecraft:dirt":8,"regions_unexplored:red_maple_leaf_pile":4,"iceandfire:dread_stone_bricks":1,"minecraft:writable_book":1,"minecraft:bone_meal":1,"divinerpg:realmite_ingot":1,"iceandfire:silver_hoe":2,"alexsmobs:raccoon_tail":1,"regions_unexplored:redstone_bulb":3,"minecraft:bone":6,"regions_unexplored:eucalyptus_shrub":1,"minecraft:gravel":1,"regions_unexplored:raw_redstone_block":1,"minecraft:iron_nugget":1,"alexsmobs:animal_dictionary":2,"minecraft:cobbled_deepslate":20,"divinerpg:realmite_helmet":2,"minecraft:rotten_flesh":27,"minecraft:oak_planks":24,"justhammers:iron_hammer":1,"divinerpg:terran_shards":1,"iceandfire:ghost_chest":1,"minecraft:skeleton_skull":1,"minecraft:beetroot_seeds":2,"tombstone:scroll_of_knowledge":1,"minecraft:arrow":11,"minecraft:enchanted_book":1,"minecraft:bread":60,"minecraft:wheat_seeds":15,"minecraft:feather":4,"minecraft:cobblestone":317,"minecraft:granite":39,"minecraft:coal":40,"minecraft:stick":7,"minecraft:cobweb":2,"mca:book_romance":2,"minecraft:diorite":63,"regions_unexplored:eucalyptus_log":16,"minecraft:torch":3,"regions_unexplored:silver_birch_leaf_pile":5,"minecraft:cactus":3,"minecraft:string":5,"minecraft:redstone":4,"regions_unexplored:stripped_eucalyptus_log":1,"minecraft:moss_carpet":4,"minecraft:sweet_berries":1,"alexsmobs:maggot":1,"minecraft:raw_iron":52,"minecraft:clay_ball":71,"divinerpg:arlemite_shickaxe":1,"crittersandcompanions:silk":4,"minecraft:stone":2,"minecraft:spruce_planks":16,"minecraft:iron_chestplate":1,"minecraft:andesite":73,"minecraft:oak_sapling":1,"minecraft:spider_eye":3,"divinerpg:realmite_boots":1,"minecraft:bow":4,"minecraft:stone_pickaxe":1,"minecraft:wooden_pickaxe":1,"minecraft:magma_block":7,"regions_unexplored:silt_dirt":1,"regions_unexplored:blue_lupine":1},"minecraft:broken":{"iceandfire:silver_pickaxe":1,"iceandfire:armor_silver_metal_leggings":1,"justhammers:iron_hammer":1,"aether:iron_gloves":1,"minecraft:iron_pickaxe":1,"minecraft:iron_helmet":1},"minecraft:crafted":{"minecraft:oak_planks":124,"divinerpg:arlemite_pickaxe":1,"minecraft:stone":5,"aether:golden_ring":1,"iceandfire:armor_silver_metal_leggings":1,"minecraft:chest":5,"divinerpg:arlemite_stabber":1,"divinerpg:arlemite_shickaxe":1,"regions_unexplored:palm_planks":32,"minecraft:oak_slab":12,"minecraft:cooked_porkchop":5,"minecraft:crafting_table":7,"minecraft:spruce_planks":48,"minecraft:wooden_pickaxe":1,"minecraft:iron_helmet":2,"tombstone:impregnated_diamond":1,"minecraft:smithing_table":1,"divinerpg:realmite_shield":1,"minecraft:gold_block":2,"minecraft:iron_chestplate":1,"minecraft:paper":3,"minecraft:shield":1,"minecraft:stick":92,"minecraft:iron_ingot":120,"minecraft:iron_pickaxe":3,"minecraft:iron_block":7,"minecraft:stone_sword":1,"minecraft:gold_ingot":33,"minecraft:golden_carrot":2,"divinerpg:arlemite_shovel":1,"divinerpg:arlemite_boots":1,"divinerpg:arlemite_hoe":1,"minecraft:furnace":11,"regions_unexplored:joshua_planks":4,"divinerpg:realmite_ingot":51,"biomemakeover:crude_cladding":1,"minecraft:stone_pickaxe":1,"divinerpg:realmite_block":5,"tombstone:strange_scroll":1,"divinerpg:arlemite_axe":1,"minecraft:wheat":540,"divinerpg:rupee_rapier":1,"divinerpg:rupee_ingot":2,"iceandfire:silver_ingot":30,"tombstone:ankh_of_pray":1,"iceandfire:silver_block":1,"minecraft:bucket":1,"minecraft:stone_axe":1,"minecraft:bread":180,"minecraft:air":0,"justhammers:iron_hammer":1,"aether:golden_pendant":1,"minecraft:gold_nugget":18,"tombstone:grave_plate":1,"iceandfire:silver_pickaxe":1,"minecraft:torch":8,"tombstone:bone_needle":1,"divinerpg:arlemite_ingot":30,"iceandfire:silver_hoe":1},"minecraft:killed_by":{"iceandfire:fire_dragon":1,"minecraft:player":2,"iceandfire:ghost":1},"minecraft:custom":{"minecraft:interact_with_crafting_table":71,"minecraft:leave_game":5,"minecraft:time_since_death":122236,"minecraft:sprint_one_cm":910581,"minecraft:damage_blocked_by_shield":1110,"minecraft:drop":187,"minecraft:play_time":332170,"minecraft:deaths":6,"tombstone:tomb_raiding":3,"minecraft:jump":7867,"minecraft:walk_on_water_one_cm":39650,"minecraft:interact_with_furnace":247,"minecraft:sleep_in_bed":10,"tombstone:sneak_grave":7,"minecraft:damage_dealt":31418,"minecraft:player_kills":9,"minecraft:crouch_one_cm":68003,"tombstone:undead_killed":70,"minecraft:interact_with_smithing_table":4,"minecraft:mob_kills":139,"minecraft:climb_one_cm":223,"minecraft:walk_one_cm":692545,"minecraft:sneak_time":22076,"minecraft:walk_under_water_one_cm":18743,"minecraft:interact_with_lectern":1,"minecraft:interact_with_blast_furnace":1,"minecraft:total_world_time":332170,"tombstone:raider_killed":1,"minecraft:interact_with_grindstone":1,"minecraft:time_since_rest":22715,"minecraft:damage_taken":8641,"minecraft:damage_absorbed":40,"minecraft:trigger_trapped_chest":5,"minecraft:swim_one_cm":109700,"minecraft:fly_one_cm":1303831,"minecraft:open_chest":322,"minecraft:fall_one_cm":216298},"minecraft:killed":{"minecraft:cave_spider":4,"divinerpg:cave_crawler":3,"minecraft:spider":10,"minecraft:skeleton":30,"friendsandfoes:glare":1,"minecraft:silverfish":4,"minecraft:pig":6,"minecraft:iron_golem":1,"minecraft:creeper":3,"minecraft:pillager":1,"minecraft:zombie":26,"alexsmobs:rain_frog":3,"alexsmobs:roadrunner":2,"minecraft:cow":11,"divinerpg:jungle_dramcryx":3,"mca:female_zombie_villager":1,"alexsmobs:raccoon":1,"divinerpg:rotatick":2,"divinerpg:kobblin":9,"crittersandcompanions:otter":1,"crittersandcompanions:ferret":1,"divinerpg:miner":4,"iceandfire:ghost":9,"alexsmobs:crow":1},"minecraft:used":{"minecraft:chest":6,"minecraft:shield":5,"minecraft:stone":2,"minecraft:iron_chestplate":3,"minecraft:carrot":2,"regions_unexplored:mauve_sapling":1,"minecraft:tuff":10,"minecraft:obsidian":5,"regions_unexplored:barley":7,"iceandfire:ghost_chest":1,"iceandfire:armor_silver_metal_leggings":1,"minecraft:iron_helmet":2,"divinerpg:arlemite_shickaxe":10,"minecraft:bow":3,"minecraft:sweet_berries":3,"minecraft:oak_sapling":4,"minecraft:furnace":18,"minecraft:egg":1,"minecraft:diorite":1,"minecraft:spruce_door":1,"minecraft:oak_planks":39,"minecraft:stone_pickaxe":2,"minecraft:golden_apple":1,"minecraft:crossbow":8,"divinerpg:rupee_rapier":1,"iceandfire:silver_pickaxe":460,"iceandfire:armor_copper_metal_chestplate":1,"minecraft:bread":158,"divinerpg:arlemite_boots":1,"minecraft:gravel":5,"regions_unexplored:baobab_log":14,"minecraft:smithing_table":1,"minecraft:andesite":1,"minecraft:coarse_dirt":1,"divinerpg:realmite_pickaxe":124,"minecraft:stone_sword":22,"minecraft:spruce_planks":47,"minecraft:torch":29,"minecraft:dirt":6,"iceandfire:copper_sword":168,"regions_unexplored:eucalyptus_log":7,"minecraft:golden_shovel":4,"tombstone:ankh_of_pray":6,"divinerpg:arlemite_axe":74,"minecraft:golden_carrot":2,"tombstone:gift":10,"minecraft:cobbled_deepslate":176,"biomesoplenty:black_sand":1,"minecraft:water_bucket":81,"divinerpg:realmite_shield":32,"regions_unexplored:dead_steppe_shrub":1,"minecraft:oak_slab":2,"minecraft:crafting_table":14,"divinerpg:arlemite_stabber":448,"minecraft:white_bed":2,"biomemakeover:cladded_leggings":1,"justhammers:iron_hammer":101,"minecraft:oak_log":4,"minecraft:apple":10,"minecraft:iron_pickaxe":603,"minecraft:stone_axe":70,"iceandfire:silver_hoe":68,"minecraft:cobblestone":382,"minecraft:porkchop":1,"minecraft:white_banner":1,"minecraft:cooked_porkchop":5,"minecraft:bucket":82,"alexsmobs:animal_dictionary":1,"regions_unexplored:silt_dirt":7},"minecraft:mined":{"divinerpg:skeleton_wall_torch":1,"minecraft:spruce_planks":15,"minecraft:white_bed":2,"regions_unexplored:blue_lupine":1,"regions_unexplored:joshua_beard":1,"divinerpg:realmite_ore":28,"minecraft:obsidian":5,"minecraft:cave_vines_plant":1,"minecraft:granite":15,"minecraft:grass_block":4,"minecraft:infested_cobblestone":2,"minecraft:spawner":2,"minecraft:tall_seagrass":1,"regions_unexplored:stone_bud":1,"minecraft:glowstone":1,"minecraft:iron_ore":70,"minecraft:cobbled_deepslate":9,"minecraft:moss_carpet":2,"minecraft:cave_vines":1,"minecraft:oak_stairs":2,"minecraft:azalea":1,"regions_unexplored:silt_grass_block":14,"regions_unexplored:dead_steppe_shrub":1,"minecraft:torch":6,"minecraft:calcite":3,"minecraft:chest":1,"iceandfire:ghost_chest":3,"regions_unexplored:small_desert_shrub":2,"minecraft:dead_bush":1,"minecraft:cobblestone":25,"minecraft:sugar_cane":7,"minecraft:oak_planks":24,"regions_unexplored:bamboo_log":1,"minecraft:wall_torch":18,"minecraft:amethyst_block":5,"minecraft:skeleton_skull":1,"minecraft:wheat":3,"minecraft:grass":36,"biomesoplenty:clover":2,"regions_unexplored:joshua_log":2,"minecraft:oak_log":34,"regions_unexplored:eucalyptus_log":23,"minecraft:beetroots":2,"minecraft:sand":1,"minecraft:dirt":16,"minecraft:smooth_basalt":2,"minecraft:oak_leaves":13,"iceandfire:dread_stone_bricks":1,"minecraft:deepslate":263,"regions_unexplored:spruce_shrub":1,"minecraft:tuff":13,"iceandfire:silver_ore":21,"minecraft:deepslate_diamond_ore":5,"regions_unexplored:barley":16,"minecraft:oak_door":1,"divinerpg:arlemite_ore_deepslate":30,"minecraft:glow_lichen":1,"iceandfire:deepslate_silver_ore":7,"regions_unexplored:saguaro_cactus":1,"minecraft:spruce_leaves":6,"regions_unexplored:raw_redstone_block":2,"minecraft:hay_block":65,"regions_unexplored:baobab_log":14,"minecraft:furnace":8,"minecraft:carrots":4,"minecraft:andesite":26,"regions_unexplored:eucalyptus_shrub":1,"minecraft:deepslate_iron_ore":20,"minecraft:vine":2,"crittersandcompanions:silk_cocoon":1,"regions_unexplored:apple_oak_leaves":4,"regions_unexplored:medium_grass":26,"regions_unexplored:stripped_eucalyptus_log":1,"regions_unexplored:small_oak_log":1,"minecraft:stone":387,"regions_unexplored:barrel_cactus":3,"regions_unexplored:redstone_bulb":1,"regions_unexplored:silver_birch_leaf_pile":2,"biomesoplenty:black_sand":1,"minecraft:oak_fence":3,"minecraft:crafting_table":10,"regions_unexplored:silt_dirt":10,"minecraft:tall_grass":58,"minecraft:copper_ore":20,"minecraft:deepslate_gold_ore":18,"biomesoplenty:huge_clover_petal":4,"minecraft:lapis_ore":4,"divinerpg:rupee_ore_deepslate":2,"minecraft:diorite":26,"minecraft:cactus":1,"minecraft:coarse_dirt":1,"regions_unexplored:redstone_bud":2,"minecraft:sweet_berry_bush":1,"minecraft:spruce_log":4,"regions_unexplored:red_maple_leaf_pile":1,"minecraft:coal_ore":167,"regions_unexplored:palm_log":8,"minecraft:gravel":7,"minecraft:cobweb":16,"minecraft:cracked_stone_bricks":2,"minecraft:stone_bricks":2,"minecraft:gold_ore":2,"minecraft:fern":3}},"DataVersion":3465}