{"stats":{"minecraft:mined":{"divinerpg:skeleton_wall_torch":1,"minecraft:spruce_planks":15,"minecraft:white_bed":2,"regions_unexplored:blue_lupine":1,"regions_unexplored:joshua_beard":1,"minecraft:cobblestone_stairs":2,"divinerpg:realmite_ore":28,"minecraft:obsidian":22,"minecraft:cave_vines_plant":1,"minecraft:granite":15,"minecraft:grass_block":11,"minecraft:infested_cobblestone":2,"minecraft:spawner":2,"minecraft:tall_seagrass":1,"regions_unexplored:stone_bud":1,"minecraft:glowstone":1,"minecraft:iron_ore":70,"minecraft:cobbled_deepslate":9,"minecraft:fire":8,"minecraft:moss_carpet":2,"minecraft:cave_vines":1,"minecraft:dirt_path":41,"minecraft:oak_stairs":16,"minecraft:iron_bars":2,"minecraft:azalea":1,"regions_unexplored:silt_grass_block":58,"regions_unexplored:dead_steppe_shrub":1,"minecraft:torch":13,"minecraft:calcite":3,"regions_unexplored:small_desert_shrub":2,"iceandfire:ghost_chest":3,"minecraft:chest":2,"minecraft:dead_bush":1,"minecraft:cobblestone":117,"minecraft:oak_planks":48,"minecraft:sugar_cane":38,"regions_unexplored:bamboo_log":1,"minecraft:wall_torch":18,"minecraft:amethyst_block":5,"minecraft:skeleton_skull":1,"minecraft:white_terracotta":1,"minecraft:wheat":5,"minecraft:smooth_stone_slab":8,"regions_unexplored:joshua_log":2,"minecraft:grass":50,"biomesoplenty:clover":2,"minecraft:oak_log":46,"regions_unexplored:eucalyptus_log":23,"minecraft:beetroots":2,"minecraft:sand":14,"minecraft:dirt":16,"minecraft:smooth_basalt":2,"iceandfire:dread_stone_bricks":1,"minecraft:oak_leaves":13,"minecraft:deepslate":263,"regions_unexplored:spruce_shrub":1,"minecraft:tuff":13,"iceandfire:silver_ore":21,"minecraft:mossy_cobblestone":12,"regions_unexplored:barley":18,"minecraft:deepslate_diamond_ore":5,"minecraft:oak_door":3,"divinerpg:arlemite_ore_deepslate":30,"minecraft:glow_lichen":1,"iceandfire:deepslate_silver_ore":7,"regions_unexplored:saguaro_cactus":1,"minecraft:spruce_leaves":6,"regions_unexplored:raw_redstone_block":2,"minecraft:hay_block":65,"regions_unexplored:baobab_log":14,"minecraft:furnace":10,"minecraft:carrots":4,"minecraft:andesite":28,"regions_unexplored:eucalyptus_shrub":1,"minecraft:deepslate_iron_ore":20,"minecraft:vine":2,"crittersandcompanions:silk_cocoon":1,"regions_unexplored:apple_oak_leaves":4,"regions_unexplored:medium_grass":37,"regions_unexplored:stripped_eucalyptus_log":1,"regions_unexplored:small_oak_log":1,"minecraft:stone":465,"regions_unexplored:redstone_bulb":1,"regions_unexplored:barrel_cactus":3,"minecraft:glass_pane":1,"regions_unexplored:silver_birch_leaf_pile":2,"travelersbackpack:standard":1,"biomesoplenty:black_sand":1,"minecraft:spruce_door":1,"minecraft:oak_fence":4,"minecraft:crafting_table":10,"regions_unexplored:silt_dirt":20,"minecraft:copper_ore":20,"minecraft:tall_grass":82,"minecraft:lapis_ore":4,"biomesoplenty:huge_clover_petal":4,"minecraft:deepslate_gold_ore":18,"divinerpg:rupee_ore_deepslate":2,"minecraft:diorite":26,"minecraft:cactus":1,"minecraft:coarse_dirt":1,"minecraft:cobblestone_wall":1,"regions_unexplored:redstone_bud":2,"minecraft:sweet_berry_bush":1,"minecraft:spruce_log":4,"regions_unexplored:red_maple_leaf_pile":1,"minecraft:white_wall_banner":1,"minecraft:coal_ore":167,"regions_unexplored:palm_log":8,"minecraft:gravel":7,"minecraft:cobweb":16,"minecraft:cracked_stone_bricks":2,"minecraft:stone_bricks":2,"minecraft:gold_ore":2,"minecraft:fern":3},"minecraft:crafted":{"minecraft:oak_planks":164,"divinerpg:arlemite_pickaxe":1,"minecraft:stone":12,"aether:golden_ring":1,"minecraft:glass":12,"iceandfire:armor_silver_metal_chestplate":1,"minecraft:bow":1,"minecraft:iron_boots":1,"divinerpg:terran_stone":1,"iceandfire:armor_silver_metal_leggings":2,"minecraft:chest":9,"divinerpg:arlemite_stabber":1,"divinerpg:arlemite_shickaxe":1,"regions_unexplored:palm_planks":32,"minecraft:oak_slab":12,"minecraft:cooked_porkchop":5,"minecraft:crafting_table":7,"minecraft:spruce_planks":48,"travelersbackpack:standard":1,"minecraft:wooden_pickaxe":1,"minecraft:iron_helmet":3,"tombstone:impregnated_diamond":1,"divinerpg:realmite_shield":1,"minecraft:smithing_table":1,"minecraft:gold_block":2,"minecraft:iron_chestplate":1,"minecraft:book":3,"minecraft:paper":12,"minecraft:shield":1,"minecraft:stick":92,"minecraft:iron_ingot":138,"minecraft:iron_pickaxe":3,"minecraft:iron_block":10,"minecraft:stone_sword":1,"minecraft:gold_ingot":54,"divinerpg:shuriken":8,"minecraft:golden_carrot":2,"divinerpg:arlemite_shovel":1,"divinerpg:arlemite_boots":1,"tombstone:strange_tablet":1,"divinerpg:arlemite_hoe":1,"minecraft:furnace":11,"tombstone:blue_marble":2,"minecraft:bone_meal":3,"regions_unexplored:joshua_planks":8,"travelersbackpack:white_sleeping_bag":1,"divinerpg:realmite_ingot":51,"biomemakeover:crude_cladding":1,"minecraft:stone_pickaxe":1,"iceandfire:armor_silver_metal_boots":1,"divinerpg:realmite_block":5,"divinerpg:bacon":24,"divinerpg:arlemite_axe":1,"tombstone:strange_scroll":1,"minecraft:wheat":540,"minecraft:cooked_beef":26,"divinerpg:rupee_rapier":1,"divinerpg:rupee_ingot":2,"iceandfire:silver_ingot":32,"minecraft:enchanting_table":1,"travelersbackpack:backpack_tank":2,"tombstone:ankh_of_pray":1,"securitycraft:taser":1,"iceandfire:silver_block":1,"minecraft:bucket":2,"minecraft:stone_axe":1,"minecraft:air":0,"minecraft:bread":180,"iceandfire:armor_silver_metal_helmet":1,"divinerpg:terran_dagger":1,"justhammers:iron_hammer":2,"aether:golden_pendant":1,"minecraft:golden_apple":3,"minecraft:gold_nugget":18,"tombstone:grave_plate":1,"minecraft:torch":8,"iceandfire:silver_pickaxe":1,"tombstone:bone_needle":1,"divinerpg:arlemite_ingot":30,"iceandfire:silver_hoe":1},"minecraft:picked_up":{"regions_unexplored:small_oak_log":1,"iceandfire:dread_stone_bricks":1,"iceandfire:copper_sword":1,"securitycraft:taser":3,"regions_unexplored:silt_dirt":67,"minecraft:oak_stairs":3,"tombstone:grave_key":1,"regions_unexplored:stripped_eucalyptus_log":1,"iceandfire:manuscript":2,"minecraft:string":32,"minecraft:raw_copper":66,"minecraft:smooth_stone_slab":15,"minecraft:cobbled_deepslate":439,"minecraft:spruce_planks":31,"minecraft:azalea":1,"divinerpg:raw_arlemite":30,"minecraft:iron_pickaxe":1,"alexsmobs:raccoon_tail":1,"minecraft:furnace":8,"minecraft:stick":5,"iceandfire:ghost_chest":3,"divinerpg:terran_dagger":1,"minecraft:oak_fence":1,"minecraft:torch":40,"minecraft:porkchop":19,"regions_unexplored:raw_redstone_block":1,"tombstone:grave_dust":18,"minecraft:diorite":68,"regions_unexplored:barley":10,"divinerpg:realmite_boots":1,"minecraft:cactus":3,"minecraft:rotten_flesh":52,"minecraft:white_terracotta":1,"minecraft:obsidian":20,"minecraft:iron_bars":1,"minecraft:cobblestone":1615,"minecraft:feather":4,"minecraft:water_bucket":4,"minecraft:andesite":50,"minecraft:potato":1,"regions_unexplored:dead_steppe_shrub":1,"minecraft:flint":1,"minecraft:tuff":13,"minecraft:lapis_lazuli":99,"minecraft:dirt":74,"biomemakeover:crude_fragment":5,"minecraft:bone":27,"minecraft:bow":5,"minecraft:wheat_seeds":30,"minecraft:raw_gold":26,"biomemakeover:cladded_leggings":1,"minecraft:glowstone_dust":3,"minecraft:oak_planks":45,"divinerpg:realmite_ingot":2,"minecraft:oak_pressure_plate":1,"minecraft:sand":12,"regions_unexplored:palm_log":8,"minecraft:mossy_cobblestone":20,"minecraft:yellow_carpet":3,"minecraft:diamond":6,"minecraft:crossbow":3,"minecraft:granite":24,"minecraft:bone_meal":1,"minecraft:bread":26,"alexsmobs:maggot":1,"minecraft:oak_sapling":5,"regions_unexplored:baobab_log":14,"iceandfire:raw_silver":32,"minecraft:coarse_dirt":1,"minecraft:crafting_table":10,"divinerpg:arlemite_shickaxe":1,"regions_unexplored:red_maple_leaf_pile":4,"iceandfire:silver_hoe":2,"divinerpg:realmite_helmet":2,"minecraft:moss_carpet":2,"regions_unexplored:poppy_bush":1,"regions_unexplored:spruce_shrub":1,"biomesoplenty:black_sand":1,"minecraft:beef":26,"minecraft:iron_nugget":1,"minecraft:sugar_cane":64,"minecraft:chest":2,"crittersandcompanions:clam":1,"minecraft:egg":2,"minecraft:raw_iron":119,"minecraft:stone":1,"regions_unexplored:silver_birch_leaf_pile":5,"minecraft:oak_door":2,"minecraft:copper_ingot":2,"divinerpg:terran_shards":11,"regions_unexplored:blue_lupine":1,"minecraft:carrot":4,"minecraft:redstone":24,"iceandfire:silver_ingot":5,"minecraft:arrow":21,"divinerpg:jungle_shards":5,"regions_unexplored:mauve_sapling":1,"regions_unexplored:redstone_bulb":3,"regions_unexplored:joshua_log":2,"minecraft:beetroot_seeds":2,"regions_unexplored:eucalyptus_shrub":1,"divinerpg:raw_realmite":51,"minecraft:hay_block":60,"crittersandcompanions:silk":6,"minecraft:glow_berries":1,"minecraft:skeleton_skull":2,"minecraft:white_wool":3,"divinerpg:raw_rupee":2,"regions_unexplored:eucalyptus_log":23,"minecraft:leather":13,"minecraft:oak_log":43,"iceandfire:ectoplasm":8,"minecraft:cobblestone_wall":1,"minecraft:gunpowder":3,"minecraft:cobblestone_stairs":2,"mca:book_romance":1,"minecraft:white_banner":3,"tombstone:gift":1,"minecraft:apple":31,"minecraft:iron_ingot":5,"minecraft:cobweb":2,"minecraft:iron_sword":1,"regions_unexplored:yellow_lupine":2,"minecraft:sweet_berries":3,"minecraft:gravel":6,"minecraft:white_bed":2,"minecraft:spruce_log":4,"minecraft:spruce_door":2,"minecraft:spider_eye":8,"biomemakeover:cladding_upgrade_smithing_template":2,"travelersbackpack:standard":3,"biomemakeover:cladded_boots":1,"tombstone:scroll_of_knowledge":1,"minecraft:coal":219},"minecraft:used":{"minecraft:moss_carpet":1,"minecraft:chest":10,"minecraft:shield":5,"minecraft:stone":2,"minecraft:iron_sword":1,"minecraft:iron_chestplate":3,"minecraft:carrot":2,"regions_unexplored:mauve_sapling":1,"minecraft:tuff":10,"minecraft:snowball":13,"minecraft:obsidian":22,"regions_unexplored:barley":7,"iceandfire:ghost_chest":2,"iceandfire:armor_silver_metal_leggings":1,"minecraft:iron_helmet":2,"divinerpg:arlemite_shickaxe":393,"minecraft:bow":3,"minecraft:sweet_berries":3,"minecraft:oak_sapling":4,"minecraft:furnace":18,"minecraft:egg":1,"minecraft:diorite":1,"minecraft:spruce_door":2,"minecraft:oak_planks":82,"minecraft:stone_pickaxe":2,"minecraft:sugar_cane":46,"regions_unexplored:joshua_planks":3,"minecraft:golden_apple":2,"minecraft:crossbow":8,"divinerpg:rupee_rapier":210,"iceandfire:silver_pickaxe":460,"iceandfire:armor_copper_metal_chestplate":1,"minecraft:bread":193,"divinerpg:arlemite_boots":1,"minecraft:gravel":5,"regions_unexplored:baobab_log":14,"minecraft:andesite":1,"minecraft:smithing_table":1,"minecraft:coarse_dirt":1,"divinerpg:bacon":24,"divinerpg:realmite_pickaxe":127,"minecraft:enchanting_table":1,"minecraft:stone_sword":22,"minecraft:spruce_planks":47,"divinerpg:terran_dagger":86,"minecraft:torch":40,"minecraft:dirt":56,"iceandfire:copper_sword":168,"regions_unexplored:eucalyptus_log":7,"minecraft:golden_shovel":4,"tombstone:ankh_of_pray":17,"divinerpg:arlemite_axe":74,"minecraft:golden_carrot":2,"tombstone:gift":12,"minecraft:cooked_beef":18,"minecraft:cobbled_deepslate":428,"biomesoplenty:black_sand":1,"minecraft:wheat_seeds":1,"minecraft:water_bucket":217,"minecraft:cobblestone_stairs":1,"divinerpg:realmite_shield":32,"regions_unexplored:dead_steppe_shrub":1,"minecraft:mossy_cobblestone":2,"minecraft:oak_slab":2,"minecraft:crafting_table":14,"divinerpg:arlemite_stabber":448,"minecraft:white_bed":2,"biomemakeover:cladded_leggings":1,"justhammers:iron_hammer":193,"minecraft:oak_log":8,"minecraft:apple":25,"minecraft:iron_pickaxe":603,"minecraft:stone_axe":70,"iceandfire:silver_hoe":68,"minecraft:potion":1,"travelersbackpack:standard":2,"minecraft:cobblestone":1579,"minecraft:porkchop":1,"minecraft:white_banner":2,"minecraft:cooked_porkchop":5,"minecraft:bucket":219,"alexsmobs:animal_dictionary":1,"minecraft:wither_rose":2,"regions_unexplored:silt_dirt":35},"minecraft:custom":{"minecraft:interact_with_crafting_table":102,"minecraft:leave_game":7,"minecraft:time_since_death":3049,"minecraft:sprint_one_cm":1282885,"minecraft:damage_blocked_by_shield":1110,"minecraft:drop":312,"minecraft:play_time":501686,"minecraft:deaths":13,"tombstone:tomb_raiding":7,"minecraft:jump":10884,"minecraft:walk_on_water_one_cm":113647,"minecraft:interact_with_furnace":329,"minecraft:sleep_in_bed":15,"tombstone:sneak_grave":8,"minecraft:damage_dealt":44568,"minecraft:player_kills":24,"minecraft:crouch_one_cm":124138,"tombstone:undead_killed":90,"minecraft:interact_with_smithing_table":5,"minecraft:mob_kills":175,"minecraft:climb_one_cm":223,"minecraft:walk_one_cm":1028868,"minecraft:sneak_time":33191,"minecraft:walk_under_water_one_cm":78487,"minecraft:interact_with_lectern":1,"minecraft:interact_with_blast_furnace":1,"minecraft:total_world_time":501686,"tombstone:raider_killed":3,"minecraft:interact_with_grindstone":1,"minecraft:time_since_rest":2893,"minecraft:damage_taken":17645,"minecraft:damage_absorbed":81,"minecraft:trigger_trapped_chest":6,"minecraft:swim_one_cm":344946,"minecraft:fly_one_cm":1803072,"minecraft:open_chest":601,"minecraft:fall_one_cm":349244},"minecraft:broken":{"iceandfire:silver_pickaxe":1,"iceandfire:armor_silver_metal_leggings":1,"biomemakeover:cladded_leggings":1,"justhammers:iron_hammer":1,"aether:iron_gloves":1,"minecraft:iron_pickaxe":1,"minecraft:iron_helmet":1},"minecraft:dropped":{"minecraft:iron_sword":1,"iceandfire:raw_silver":7,"minecraft:moss_block":3,"minecraft:porkchop":9,"minecraft:cooked_beef":7,"crittersandcompanions:clam":1,"minecraft:oak_log":64,"minecraft:baked_potato":3,"minecraft:glass_bottle":1,"divinerpg:realmite_shield":1,"minecraft:crossbow":2,"minecraft:leather":9,"travelersbackpack:standard":1,"minecraft:flint":1,"regions_unexplored:red_maple_leaf_pile":5,"minecraft:dirt":20,"minecraft:snowball":176,"iceandfire:armor_copper_metal_boots":1,"iceandfire:dread_stone_bricks":1,"tombstone:bone_needle":1,"minecraft:writable_book":1,"minecraft:bone_meal":1,"iceandfire:silver_hoe":3,"divinerpg:realmite_ingot":34,"alexsmobs:raccoon_tail":1,"divinerpg:realmite_chestplate":2,"minecraft:white_wool":1,"regions_unexplored:redstone_bulb":3,"minecraft:armor_stand":1,"minecraft:bone":6,"regions_unexplored:eucalyptus_shrub":1,"minecraft:gravel":1,"regions_unexplored:raw_redstone_block":1,"minecraft:sugar_cane":3,"minecraft:iron_nugget":1,"alexsmobs:animal_dictionary":2,"minecraft:cobbled_deepslate":20,"divinerpg:realmite_helmet":3,"minecraft:rotten_flesh":33,"securitycraft:taser":5,"minecraft:oak_planks":28,"divinerpg:realmite_leggings":2,"justhammers:iron_hammer":1,"divinerpg:terran_shards":1,"iceandfire:shiny_scales":4,"alexsmobs:leafcutter_ant_pupa":1,"iceandfire:ghost_chest":1,"minecraft:skeleton_skull":1,"minecraft:beetroot_seeds":2,"minecraft:chest":1,"tombstone:scroll_of_knowledge":1,"minecraft:arrow":11,"iceandfire:armor_copper_metal_leggings":1,"minecraft:egg":1,"minecraft:enchanted_book":1,"minecraft:water_bucket":5,"minecraft:bread":92,"minecraft:oak_slab":1,"minecraft:wheat_seeds":24,"divinerpg:terran_dagger":1,"divinerpg:realmite_axe":3,"minecraft:cobblestone":318,"iceandfire:armor_copper_metal_chestplate":1,"minecraft:iron_helmet":2,"minecraft:feather":4,"minecraft:granite":39,"minecraft:coal":40,"minecraft:yellow_carpet":4,"minecraft:stick":7,"minecraft:cobweb":2,"mca:book_romance":2,"minecraft:diorite":63,"minecraft:torch":3,"regions_unexplored:eucalyptus_log":16,"regions_unexplored:barley":1,"minecraft:oak_stairs":7,"minecraft:cactus":3,"regions_unexplored:silver_birch_leaf_pile":5,"minecraft:string":5,"minecraft:bucket":1,"divinerpg:arlemite_boots":1,"minecraft:redstone":4,"regions_unexplored:stripped_eucalyptus_log":1,"minecraft:moss_carpet":4,"alexsmobs:maggot":1,"minecraft:sweet_berries":1,"minecraft:raw_iron":52,"minecraft:light_gray_wool":3,"minecraft:clay_ball":71,"minecraft:iron_boots":1,"iceandfire:armor_copper_metal_helmet":1,"divinerpg:arlemite_shickaxe":2,"crittersandcompanions:silk":4,"minecraft:stone":2,"minecraft:spruce_planks":16,"minecraft:iron_chestplate":2,"minecraft:andesite":73,"minecraft:oak_sapling":1,"minecraft:spider_eye":5,"minecraft:slime_ball":3,"divinerpg:realmite_boots":3,"minecraft:bow":4,"minecraft:stone_pickaxe":1,"minecraft:wooden_pickaxe":1,"minecraft:magma_block":7,"regions_unexplored:silt_dirt":1,"regions_unexplored:blue_lupine":1},"minecraft:killed_by":{"iceandfire:fire_dragon":1,"minecraft:player":6,"iceandfire:ghost":1,"divinerpg:ender_spider":1},"minecraft:killed":{"minecraft:cave_spider":4,"divinerpg:cave_crawler":5,"minecraft:spider":11,"minecraft:skeleton":32,"friendsandfoes:glare":1,"minecraft:silverfish":4,"minecraft:pig":8,"minecraft:iron_golem":1,"minecraft:creeper":3,"minecraft:pillager":3,"minecraft:zombie":38,"alexsmobs:rain_frog":3,"alexsmobs:roadrunner":2,"minecraft:cow":11,"divinerpg:jungle_dramcryx":3,"mca:female_zombie_villager":1,"alexsmobs:raccoon":1,"divinerpg:rotatick":2,"divinerpg:kobblin":17,"crittersandcompanions:otter":1,"crittersandcompanions:ferret":1,"divinerpg:miner":5,"iceandfire:ghost":14,"alexsmobs:crow":1}},"DataVersion":3465}