{"stats":{"minecraft:mined":{"divinerpg:skeleton_wall_torch":1,"regions_unexplored:spruce_shrub":1,"minecraft:tuff":13,"minecraft:spruce_planks":15,"minecraft:white_bed":2,"iceandfire:silver_ore":20,"regions_unexplored:barley":14,"minecraft:deepslate_diamond_ore":1,"minecraft:oak_door":1,"divinerpg:arlemite_ore_deepslate":9,"divinerpg:realmite_ore":28,"minecraft:cave_vines_plant":1,"minecraft:granite":15,"minecraft:grass_block":3,"minecraft:infested_cobblestone":2,"iceandfire:deepslate_silver_ore":4,"regions_unexplored:saguaro_cactus":1,"minecraft:spruce_leaves":4,"regions_unexplored:raw_redstone_block":2,"minecraft:tall_seagrass":1,"minecraft:hay_block":65,"regions_unexplored:baobab_log":14,"minecraft:glowstone":1,"minecraft:carrots":4,"minecraft:furnace":7,"minecraft:iron_ore":64,"minecraft:cobbled_deepslate":8,"minecraft:andesite":25,"regions_unexplored:eucalyptus_shrub":1,"minecraft:vine":2,"minecraft:cave_vines":1,"minecraft:deepslate_iron_ore":15,"minecraft:oak_stairs":2,"crittersandcompanions:silk_cocoon":1,"regions_unexplored:apple_oak_leaves":4,"regions_unexplored:medium_grass":24,"minecraft:azalea":1,"regions_unexplored:stripped_eucalyptus_log":1,"regions_unexplored:small_oak_log":1,"minecraft:stone":357,"regions_unexplored:silt_grass_block":13,"regions_unexplored:redstone_bulb":1,"regions_unexplored:dead_steppe_shrub":1,"regions_unexplored:silver_birch_leaf_pile":2,"minecraft:oak_fence":1,"minecraft:crafting_table":8,"minecraft:torch":6,"regions_unexplored:silt_dirt":10,"iceandfire:ghost_chest":1,"minecraft:chest":1,"regions_unexplored:small_desert_shrub":2,"minecraft:copper_ore":20,"minecraft:tall_grass":53,"minecraft:cobblestone":20,"minecraft:lapis_ore":4,"minecraft:deepslate_gold_ore":15,"minecraft:oak_planks":21,"minecraft:sugar_cane":7,"minecraft:diorite":26,"minecraft:wall_torch":17,"minecraft:coarse_dirt":1,"regions_unexplored:redstone_bud":2,"minecraft:wheat":3,"minecraft:spruce_log":4,"minecraft:grass":29,"minecraft:coal_ore":158,"minecraft:oak_log":30,"regions_unexplored:eucalyptus_log":23,"minecraft:beetroots":2,"minecraft:gravel":7,"minecraft:dirt":15,"minecraft:sand":1,"minecraft:cobweb":2,"minecraft:gold_ore":2,"minecraft:deepslate":193,"minecraft:oak_leaves":7,"minecraft:fern":3},"minecraft:killed_by":{"minecraft:player":2,"iceandfire:ghost":1,"iceandfire:fire_dragon":1},"minecraft:used":{"minecraft:stone_sword":22,"minecraft:chest":6,"minecraft:spruce_planks":15,"minecraft:shield":5,"minecraft:stone":2,"minecraft:iron_chestplate":2,"minecraft:torch":24,"minecraft:dirt":4,"iceandfire:copper_sword":168,"minecraft:carrot":2,"regions_unexplored:mauve_sapling":1,"regions_unexplored:eucalyptus_log":7,"minecraft:golden_shovel":4,"minecraft:tuff":10,"tombstone:ankh_of_pray":6,"regions_unexplored:barley":7,"divinerpg:arlemite_axe":54,"iceandfire:armor_silver_metal_leggings":1,"minecraft:iron_helmet":1,"minecraft:golden_carrot":2,"minecraft:oak_sapling":3,"minecraft:furnace":17,"tombstone:gift":8,"minecraft:cobbled_deepslate":116,"minecraft:water_bucket":38,"minecraft:diorite":1,"minecraft:oak_planks":34,"minecraft:stone_pickaxe":2,"divinerpg:realmite_shield":20,"regions_unexplored:dead_steppe_shrub":1,"minecraft:oak_slab":2,"divinerpg:arlemite_stabber":225,"minecraft:crafting_table":11,"minecraft:white_bed":2,"justhammers:iron_hammer":101,"iceandfire:silver_pickaxe":460,"minecraft:oak_log":1,"minecraft:apple":10,"iceandfire:armor_copper_metal_chestplate":1,"minecraft:iron_pickaxe":544,"minecraft:bread":89,"divinerpg:arlemite_boots":1,"minecraft:gravel":5,"minecraft:stone_axe":70,"regions_unexplored:baobab_log":14,"iceandfire:silver_hoe":68,"minecraft:cobblestone":326,"minecraft:porkchop":1,"minecraft:cooked_porkchop":5,"minecraft:bucket":39,"alexsmobs:animal_dictionary":1,"minecraft:coarse_dirt":1,"regions_unexplored:silt_dirt":7},"minecraft:crafted":{"minecraft:golden_carrot":2,"divinerpg:arlemite_shovel":1,"minecraft:oak_planks":120,"divinerpg:arlemite_boots":1,"minecraft:furnace":11,"minecraft:stone":5,"aether:golden_ring":1,"iceandfire:armor_silver_metal_leggings":1,"divinerpg:realmite_ingot":51,"minecraft:stone_pickaxe":1,"minecraft:chest":5,"divinerpg:realmite_block":5,"tombstone:strange_scroll":1,"divinerpg:arlemite_axe":1,"minecraft:wheat":540,"divinerpg:arlemite_stabber":1,"minecraft:oak_slab":12,"iceandfire:silver_ingot":19,"minecraft:cooked_porkchop":5,"minecraft:crafting_table":6,"minecraft:spruce_planks":16,"minecraft:wooden_pickaxe":1,"minecraft:iron_helmet":1,"divinerpg:realmite_shield":1,"tombstone:ankh_of_pray":1,"minecraft:gold_block":2,"minecraft:bucket":1,"iceandfire:silver_block":1,"minecraft:stone_axe":1,"minecraft:bread":180,"minecraft:air":0,"justhammers:iron_hammer":1,"minecraft:iron_chestplate":1,"minecraft:paper":3,"aether:golden_pendant":1,"minecraft:gold_nugget":18,"minecraft:shield":1,"minecraft:stick":36,"tombstone:grave_plate":1,"minecraft:iron_ingot":91,"minecraft:iron_pickaxe":3,"minecraft:iron_block":7,"minecraft:stone_sword":1,"minecraft:gold_ingot":26,"minecraft:torch":8,"iceandfire:silver_pickaxe":1,"iceandfire:silver_hoe":1,"divinerpg:arlemite_ingot":9},"minecraft:custom":{"minecraft:mob_kills":82,"minecraft:interact_with_crafting_table":61,"minecraft:leave_game":3,"minecraft:time_since_death":25703,"minecraft:climb_one_cm":223,"minecraft:sprint_one_cm":579858,"minecraft:walk_one_cm":442021,"minecraft:damage_blocked_by_shield":720,"minecraft:drop":135,"minecraft:play_time":235637,"minecraft:sneak_time":16973,"minecraft:deaths":6,"minecraft:walk_under_water_one_cm":13050,"minecraft:interact_with_lectern":1,"tombstone:tomb_raiding":3,"minecraft:jump":5191,"minecraft:interact_with_blast_furnace":1,"minecraft:walk_on_water_one_cm":24840,"minecraft:total_world_time":235637,"minecraft:interact_with_furnace":178,"minecraft:interact_with_grindstone":1,"minecraft:sleep_in_bed":9,"minecraft:time_since_rest":25689,"minecraft:damage_taken":5784,"tombstone:sneak_grave":7,"minecraft:trigger_trapped_chest":4,"minecraft:damage_dealt":20015,"minecraft:player_kills":5,"minecraft:swim_one_cm":69590,"minecraft:fly_one_cm":891015,"minecraft:open_chest":217,"minecraft:crouch_one_cm":52042,"tombstone:undead_killed":46,"minecraft:fall_one_cm":149851},"minecraft:killed":{"divinerpg:jungle_dramcryx":3,"mca:female_zombie_villager":1,"divinerpg:cave_crawler":2,"minecraft:spider":8,"minecraft:skeleton":20,"friendsandfoes:glare":1,"divinerpg:rotatick":1,"divinerpg:kobblin":5,"minecraft:silverfish":4,"crittersandcompanions:otter":1,"minecraft:pig":3,"minecraft:iron_golem":1,"minecraft:creeper":1,"divinerpg:miner":3,"minecraft:zombie":15,"iceandfire:ghost":7,"alexsmobs:crow":1,"minecraft:cow":3},"minecraft:picked_up":{"minecraft:coarse_dirt":1,"minecraft:crafting_table":8,"iceandfire:copper_sword":1,"regions_unexplored:silt_dirt":8,"minecraft:oak_stairs":2,"tombstone:grave_key":1,"regions_unexplored:stripped_eucalyptus_log":1,"iceandfire:silver_hoe":1,"iceandfire:manuscript":2,"minecraft:string":14,"minecraft:raw_copper":50,"regions_unexplored:spruce_shrub":1,"minecraft:cobbled_deepslate":376,"minecraft:spruce_planks":31,"minecraft:beef":8,"minecraft:azalea":1,"minecraft:iron_nugget":1,"divinerpg:raw_arlemite":9,"minecraft:sugar_cane":16,"minecraft:chest":1,"crittersandcompanions:clam":1,"minecraft:furnace":7,"minecraft:raw_iron":107,"minecraft:stick":1,"iceandfire:ghost_chest":1,"minecraft:stone":1,"regions_unexplored:silver_birch_leaf_pile":5,"minecraft:oak_door":1,"minecraft:copper_ingot":2,"minecraft:oak_fence":1,"minecraft:torch":24,"divinerpg:terran_shards":3,"minecraft:porkchop":6,"regions_unexplored:raw_redstone_block":1,"tombstone:grave_dust":8,"minecraft:diorite":68,"minecraft:carrot":4,"minecraft:redstone":24,"regions_unexplored:barley":7,"iceandfire:silver_ingot":5,"minecraft:arrow":13,"regions_unexplored:mauve_sapling":1,"minecraft:rotten_flesh":29,"divinerpg:jungle_shards":5,"regions_unexplored:redstone_bulb":3,"minecraft:beetroot_seeds":2,"regions_unexplored:eucalyptus_shrub":1,"crittersandcompanions:silk":3,"divinerpg:raw_realmite":51,"minecraft:hay_block":60,"minecraft:glow_berries":1,"minecraft:cobblestone":703,"regions_unexplored:eucalyptus_log":23,"minecraft:andesite":47,"minecraft:leather":5,"regions_unexplored:dead_steppe_shrub":1,"minecraft:flint":1,"minecraft:tuff":13,"minecraft:oak_log":30,"iceandfire:ectoplasm":5,"mca:book_romance":1,"minecraft:lapis_lazuli":99,"minecraft:dirt":12,"tombstone:gift":1,"minecraft:bone":23,"minecraft:apple":31,"minecraft:bow":2,"minecraft:wheat_seeds":15,"minecraft:raw_gold":23,"minecraft:iron_ingot":5,"minecraft:cobweb":2,"minecraft:glowstone_dust":3,"minecraft:oak_planks":21,"divinerpg:realmite_ingot":1,"minecraft:oak_pressure_plate":1,"minecraft:gravel":6,"minecraft:white_bed":2,"minecraft:spruce_log":4,"minecraft:spider_eye":4,"minecraft:diamond":2,"tombstone:scroll_of_knowledge":1,"minecraft:granite":24,"minecraft:bread":2,"alexsmobs:maggot":1,"minecraft:oak_sapling":4,"minecraft:coal":210,"regions_unexplored:baobab_log":14,"iceandfire:raw_silver":26,"regions_unexplored:small_oak_log":1},"minecraft:dropped":{"minecraft:enchanted_book":1,"minecraft:bread":60,"minecraft:iron_sword":1,"iceandfire:raw_silver":7,"minecraft:moss_block":3,"minecraft:wheat_seeds":13,"minecraft:cooked_beef":7,"crittersandcompanions:clam":1,"minecraft:baked_potato":3,"minecraft:cobblestone":317,"minecraft:granite":39,"minecraft:coal":40,"minecraft:stick":3,"minecraft:cobweb":2,"minecraft:dirt":8,"mca:book_romance":2,"minecraft:diorite":63,"regions_unexplored:eucalyptus_log":16,"minecraft:torch":3,"minecraft:writable_book":1,"regions_unexplored:silver_birch_leaf_pile":5,"minecraft:string":5,"iceandfire:silver_hoe":2,"divinerpg:realmite_ingot":1,"regions_unexplored:redstone_bulb":3,"minecraft:bone":6,"minecraft:redstone":4,"regions_unexplored:eucalyptus_shrub":1,"minecraft:gravel":1,"regions_unexplored:stripped_eucalyptus_log":1,"minecraft:moss_carpet":3,"regions_unexplored:raw_redstone_block":1,"alexsmobs:maggot":1,"minecraft:iron_nugget":1,"minecraft:cobbled_deepslate":20,"alexsmobs:animal_dictionary":2,"minecraft:raw_iron":52,"minecraft:rotten_flesh":20,"minecraft:oak_planks":24,"minecraft:clay_ball":71,"justhammers:iron_hammer":1,"divinerpg:terran_shards":1,"crittersandcompanions:silk":3,"minecraft:stone":2,"minecraft:spruce_planks":16,"minecraft:andesite":73,"minecraft:beetroot_seeds":2,"minecraft:oak_sapling":1,"tombstone:scroll_of_knowledge":1,"minecraft:spider_eye":2,"minecraft:bow":1,"minecraft:arrow":8,"minecraft:stone_pickaxe":1,"minecraft:wooden_pickaxe":1,"minecraft:magma_block":7,"regions_unexplored:silt_dirt":1},"minecraft:broken":{"justhammers:iron_hammer":1,"iceandfire:silver_pickaxe":1,"minecraft:iron_pickaxe":1}},"DataVersion":3465}