{"stats":{"minecraft:mined":{"minecraft:dark_oak_planks":112,"minecraft:dark_prismarine_stairs":2,"biomesoplenty:mossy_black_sand":2,"divinerpg:skeleton_wall_torch":1,"minecraft:white_bed":2,"regions_unexplored:blue_lupine":1,"minecraft:jungle_leaves":10,"regions_unexplored:magnolia_log":13,"divinerpg:realmite_ore":28,"minecraft:obsidian":23,"regions_unexplored:kapok_log":15,"regions_unexplored:bleeding_heart":2,"minecraft:granite":15,"minecraft:acacia_log":39,"biomesoplenty:fir_slab":131,"minecraft:brown_wool":3,"divinerpg:asphalt":1,"minecraft:oxeye_daisy":6,"regions_unexplored:blue_bioshroom":1,"minecraft:spawner":10,"minecraft:tall_seagrass":2,"regions_unexplored:stone_bud":1,"minecraft:cobbled_deepslate":9,"minecraft:fire":8,"minecraft:pumpkin":3,"minecraft:moss_carpet":2,"minecraft:nether_brick_stairs":1,"minecraft:enchanting_table":1,"regions_unexplored:pine_leaves":3,"divinerpg:divine_planks":1,"minecraft:cave_vines":1,"regions_unexplored:kapok_planks":5,"minecraft:dirt_path":42,"minecraft:oak_stairs":16,"minecraft:light_gray_concrete":25,"minecraft:spruce_wood":21,"iceandfire:dread_stone_bricks_cracked":21,"regions_unexplored:silt_grass_block":64,"minecraft:player_head":1,"minecraft:tripwire":4,"regions_unexplored:dead_steppe_shrub":1,"minecraft:powder_snow":10,"biomesoplenty:black_sandstone":13,"minecraft:torch":70,"minecraft:blast_furnace":2,"minecraft:melon":6,"minecraft:dead_bush":1,"minecraft:nether_brick_slab":1,"minecraft:sugar_cane":423,"minecraft:amethyst_block":5,"minecraft:skeleton_skull":1,"minecraft:white_terracotta":1,"regions_unexplored:hyssop":11,"minecraft:repeater":1,"minecraft:wheat":118,"minecraft:wither_rose":1,"minecraft:grass":268,"regions_unexplored:eucalyptus_log":23,"minecraft:smooth_quartz":5,"minecraft:sandstone_wall":1,"regions_unexplored:clover":1,"minecraft:smooth_basalt":2,"travelersbackpack:emerald":2,"minecraft:deepslate":263,"minecraft:dark_prismarine":11,"regions_unexplored:spruce_shrub":1,"iceandfire:silver_ore":23,"biomesoplenty:fir_button":1,"minecraft:mossy_cobblestone":13,"minecraft:dark_oak_log":40,"divinerpg:arlemite_ore_deepslate":30,"minecraft:spruce_fence":1,"minecraft:redstone_wire":8,"iceandfire:deepslate_silver_ore":7,"regions_unexplored:saguaro_cactus":1,"biomesoplenty:dune_grass":1,"minecraft:snow":9,"minecraft:acacia_wood":110,"regions_unexplored:glowing_blue_bioshroom_block":3,"minecraft:andesite":28,"biomesoplenty:fir_wall_sign":1,"regions_unexplored:larch_leaves":2,"regions_unexplored:eucalyptus_shrub":1,"minecraft:potatoes":1,"minecraft:vine":2,"regions_unexplored:apple_oak_leaves":4,"minecraft:bamboo":65,"regions_unexplored:small_oak_log":1,"minecraft:bone_block":45,"regions_unexplored:windswept_grass":1,"regions_unexplored:barrel_cactus":3,"minecraft:birch_stairs":11,"minecraft:redstone_block":1,"minecraft:gray_concrete":12,"minecraft:glass_pane":2,"minecraft:hanging_roots":2,"minecraft:brown_carpet":4,"regions_unexplored:pink_bioshroom":1,"biomesoplenty:black_sand":51,"minecraft:dandelion":8,"minecraft:cornflower":4,"minecraft:emerald_ore":1,"biomesoplenty:fir_planks":7,"regions_unexplored:silt_dirt":22,"minecraft:tall_grass":92,"minecraft:copper_ore":20,"minecraft:deepslate_gold_ore":18,"divinerpg:rupee_ore_deepslate":2,"minecraft:diorite":26,"minecraft:coarse_dirt":1,"minecraft:cobblestone_wall":1,"minecraft:spruce_log":53,"minecraft:gravel":29,"minecraft:cobweb":18,"minecraft:acacia_planks":213,"regions_unexplored:viridescent_nylium":1,"minecraft:stone_bricks":4,"minecraft:gold_ore":2,"regions_unexplored:peat_podzol":1,"minecraft:fern":289,"regions_unexplored:tassel":1,"minecraft:spruce_planks":132,"iceandfire:graveyard_soil":1,"minecraft:farmland":7,"regions_unexplored:joshua_beard":1,"minecraft:cobblestone_stairs":2,"minecraft:spruce_trapdoor":2,"minecraft:cave_vines_plant":1,"minecraft:grass_block":1136,"minecraft:infested_cobblestone":2,"iceandfire:lectern":1,"iceandfire:dread_spawner":1,"regions_unexplored:elephant_ear":1,"regions_unexplored:blue_bioshroom_block":10,"minecraft:glowstone":1,"minecraft:iron_ore":80,"minecraft:dark_oak_stairs":17,"minecraft:iron_bars":2,"minecraft:azalea":1,"minecraft:spruce_slab":31,"regions_unexplored:peat_coarse_dirt":8,"minecraft:chiseled_quartz_block":3,"minecraft:calcite":3,"minecraft:poppy":4,"minecraft:chest":10,"iceandfire:ghost_chest":5,"regions_unexplored:small_desert_shrub":2,"minecraft:cobblestone":178,"minecraft:grindstone":3,"minecraft:oak_planks":48,"regions_unexplored:bamboo_log":5,"minecraft:wall_torch":23,"minecraft:tnt":79,"biomesoplenty:fir_log":535,"minecraft:smooth_stone_slab":8,"biomesoplenty:clover":2,"iceandfire:dread_stone_bricks_mossy":4,"regions_unexplored:joshua_log":2,"minecraft:oak_log":46,"minecraft:beetroots":2,"regions_unexplored:peat_dirt":6,"minecraft:sand":14,"minecraft:dirt":554,"biomesoplenty:fir_sapling":9,"minecraft:tripwire_hook":2,"minecraft:oak_leaves":13,"iceandfire:dread_stone_bricks":31,"minecraft:tuff":13,"minecraft:dark_oak_leaves":2,"minecraft:deepslate_diamond_ore":5,"regions_unexplored:barley":18,"minecraft:oak_door":3,"minecraft:glow_lichen":1,"divinerpg:divine_leaves":1,"minecraft:spruce_leaves":10,"regions_unexplored:raw_redstone_block":2,"minecraft:rooted_dirt":24,"minecraft:large_fern":6,"minecraft:hay_block":65,"regions_unexplored:baobab_log":14,"minecraft:furnace":11,"minecraft:carrots":57,"biomesoplenty:toadstool":6,"minecraft:bookshelf":10,"minecraft:shroomlight":7,"minecraft:deepslate_iron_ore":20,"crittersandcompanions:silk_cocoon":2,"regions_unexplored:medium_grass":60,"regions_unexplored:stripped_eucalyptus_log":1,"biomesoplenty:spider_egg":1,"minecraft:stone":680,"regions_unexplored:redstone_bulb":1,"minecraft:acacia_leaves":1,"biomesoplenty:orange_sand":197,"regions_unexplored:silver_birch_leaf_pile":3,"divinerpg:divine_log":6,"minecraft:snow_block":26,"minecraft:spruce_door":1,"travelersbackpack:standard":4,"minecraft:oak_fence":4,"minecraft:crafting_table":31,"biomesoplenty:sprout":2,"biomesoplenty:huge_clover_petal":4,"minecraft:lapis_ore":4,"minecraft:blue_bed":1,"minecraft:spruce_stairs":28,"minecraft:birch_planks":4,"minecraft:cactus":1,"biomesoplenty:fir_fence":28,"regions_unexplored:redstone_bud":2,"biomesoplenty:mahogany_log":1,"minecraft:sweet_berry_bush":66,"regions_unexplored:icicle":2,"minecraft:white_wall_banner":1,"regions_unexplored:red_maple_leaf_pile":1,"minecraft:coal_ore":256,"biomesoplenty:fir_leaves":281,"regions_unexplored:palm_log":8,"regions_unexplored:green_bioshroom_stem":8,"minecraft:cracked_stone_bricks":2,"minecraft:stripped_acacia_wood":2,"minecraft:mossy_stone_bricks":2,"regions_unexplored:larch_shrub":1},"minecraft:crafted":{"minecraft:bookshelf":4,"minecraft:cooked_mutton":12,"minecraft:glass":12,"iceandfire:armor_silver_metal_chestplate":1,"cfm:white_sofa":2,"divinerpg:palavence":1,"divinerpg:arlemite_stabber":1,"divinerpg:arlemite_shickaxe":2,"regions_unexplored:palm_planks":32,"minecraft:emerald":16,"minecraft:cooked_porkchop":33,"minecraft:diamond_axe":1,"travelersbackpack:standard":1,"divinerpg:divine_planks":24,"iceandfire:sapphire_block":1,"minecraft:smithing_table":2,"minecraft:fletching_table":1,"minecraft:campfire":9,"divinerpg:hot_pumpkin_pie":3,"travelersbackpack:emerald":1,"minecraft:bamboo_planks":6,"minecraft:iron_pickaxe":3,"minecraft:iron_block":20,"minecraft:gold_ingot":61,"iceandfire:silver_sword":1,"naturalist:cooked_egg":1,"minecraft:golden_carrot":32,"divinerpg:arlemite_boots":1,"minecraft:iron_nugget":27,"tombstone:strange_tablet":1,"mca:bouquet":1,"tombstone:blue_marble":2,"iceandfire:dragon_flute":1,"minecraft:bone_meal":36,"travelersbackpack:white_sleeping_bag":1,"regions_unexplored:mauve_planks":40,"minecraft:spruce_slab":288,"minecraft:stone_pickaxe":1,"iceandfire:armor_silver_metal_boots":1,"divinerpg:realmite_block":5,"minecraft:dark_oak_planks":160,"regions_unexplored:magnolia_planks":52,"tombstone:strange_scroll":1,"minecraft:wheat":540,"divinerpg:rupee_rapier":1,"minecraft:enchanting_table":1,"minecraft:red_bed":1,"securitycraft:taser":1,"iceandfire:silver_block":1,"biomesoplenty:fir_fence":75,"minecraft:golden_apple":9,"tombstone:grave_plate":1,"minecraft:iron_leggings":2,"iceandfire:silver_pickaxe":1,"tombstone:bone_needle":1,"divinerpg:arlemite_ingot":30,"minecraft:oak_planks":236,"iceandfire:lectern":1,"divinerpg:arlemite_pickaxe":2,"minecraft:stone":164,"aether:golden_ring":1,"regions_unexplored:kapok_planks":52,"minecraft:bow":2,"minecraft:iron_boots":3,"divinerpg:terran_stone":3,"iceandfire:armor_silver_metal_leggings":2,"biomesoplenty:fir_slab":1614,"minecraft:chest":35,"iceandfire:dread_torch":8,"minecraft:oak_slab":12,"minecraft:arrow":4,"minecraft:crafting_table":11,"minecraft:spruce_planks":344,"divinerpg:ice_stone":5,"minecraft:baked_potato":3,"minecraft:wooden_pickaxe":1,"minecraft:iron_helmet":4,"tombstone:impregnated_diamond":1,"divinerpg:realmite_shield":1,"minecraft:gold_block":2,"minecraft:acacia_button":1,"biomesoplenty:fir_planks":1472,"minecraft:book":10,"minecraft:iron_chestplate":4,"minecraft:paper":75,"minecraft:charcoal":4,"minecraft:shield":1,"minecraft:stick":832,"minecraft:iron_ingot":224,"minecraft:stone_sword":1,"divinerpg:shuriken":80,"divinerpg:arlemite_shovel":2,"minecraft:netherite_sword":4,"minecraft:leather_boots":2,"divinerpg:arlemite_hoe":2,"minecraft:furnace":20,"regions_unexplored:joshua_planks":8,"divinerpg:realmite_ingot":103,"biomemakeover:crude_cladding":1,"divinerpg:bacon":24,"divinerpg:arlemite_axe":2,"minecraft:cooked_beef":26,"divinerpg:rupee_ingot":2,"iceandfire:silver_ingot":32,"travelersbackpack:backpack_tank":2,"minecraft:iron_sword":1,"tombstone:ankh_of_pray":1,"minecraft:bucket":3,"minecraft:stone_axe":1,"minecraft:bread":181,"minecraft:air":0,"biomesoplenty:fir_sign":30,"justhammers:iron_hammer":2,"iceandfire:armor_silver_metal_helmet":1,"divinerpg:terran_dagger":1,"aether:golden_pendant":1,"minecraft:gold_nugget":261,"minecraft:acacia_planks":504,"minecraft:torch":184,"biomesoplenty:fir_fence_gate":1,"iceandfire:silver_hoe":1},"minecraft:picked_up":{"regions_unexplored:small_oak_log":1,"iceandfire:dread_stone_bricks":27,"minecraft:iron_chestplate":1,"iceandfire:copper_sword":5,"regions_unexplored:magnolia_log":13,"securitycraft:taser":9,"regions_unexplored:silt_dirt":92,"minecraft:oak_stairs":3,"minecraft:wither_rose":1,"iceandfire:manuscript":16,"minecraft:string":62,"minecraft:shroomlight":11,"minecraft:gold_nugget":6,"minecraft:cobbled_deepslate":439,"minecraft:spruce_planks":138,"crittersandcompanions:koi_fish":1,"divinerpg:raw_arlemite":30,"minecraft:melon_slice":25,"regions_unexplored:kapok_planks":5,"minecraft:acacia_log":38,"minecraft:sandstone_wall":2,"tombstone:bone_needle":1,"regions_unexplored:raw_redstone_block":1,"minecraft:golden_chestplate":7,"minecraft:brown_carpet":4,"divinerpg:ice_shards":44,"divinerpg:realmite_boots":1,"minecraft:carved_pumpkin":48,"biomesoplenty:fir_slab":159,"minecraft:white_terracotta":1,"minecraft:iron_bars":1,"minecraft:snowball":548,"minecraft:feather":19,"minecraft:cooked_beef":53,"divinerpg:tomato":11,"minecraft:water_bucket":15,"minecraft:brown_wool":5,"biomesoplenty:fir_sapling":66,"biomesoplenty:fir_log":549,"regions_unexplored:dead_steppe_shrub":1,"minecraft:flint":4,"travelersbackpack:gold_tier_upgrade":1,"minecraft:gray_concrete":12,"biomemakeover:crude_fragment":5,"regions_unexplored:pink_bioshroom":3,"minecraft:glowstone_dust":3,"regions_unexplored:bamboo_log":4,"divinerpg:realmite_shield":4,"divinerpg:realmite_pickaxe":1,"divinerpg:realmite_ingot":4,"minecraft:stripped_acacia_wood":4,"regions_unexplored:palm_log":8,"minecraft:dark_oak_log":40,"minecraft:bundle":1,"regions_unexplored:hyssop":10,"iceandfire:lectern":1,"regions_unexplored:clover":1,"minecraft:blue_ice":2,"minecraft:granite":24,"minecraft:bread":35,"alexsmobs:maggot":1,"minecraft:rooted_dirt":24,"regions_unexplored:baobab_log":14,"iceandfire:raw_silver":34,"minecraft:crafting_table":32,"minecraft:coarse_dirt":1,"iceandfire:witherbone":42,"minecraft:leather_leggings":11,"divinerpg:arlemite_shickaxe":4,"regions_unexplored:blue_bioshroom":3,"minecraft:acacia_button":1,"minecraft:cornflower":9,"divinerpg:realmite_helmet":2,"regions_unexplored:poppy_bush":1,"minecraft:netherite_sword":6,"iceandfire:graveyard_soil":6,"travelersbackpack:lapis":1,"minecraft:beef":65,"iceandfire:dread_shard":6,"iceandfire:dread_knight_sword":2,"minecraft:iron_nugget":5,"minecraft:poppy":9,"minecraft:spruce_slab":35,"minecraft:chest":10,"minecraft:egg":118,"minecraft:stone":1,"minecraft:oak_door":2,"divinerpg:terran_shards":45,"minecraft:spruce_fence":1,"regions_unexplored:green_bioshroom_stem":8,"minecraft:carrot":188,"minecraft:redstone":31,"regions_unexplored:kapok_log":13,"iceandfire:dragon_skull_ice":4,"minecraft:tnt":25,"regions_unexplored:mauve_sapling":1,"regions_unexplored:joshua_log":2,"minecraft:beetroot_seeds":2,"minecraft:hay_block":60,"minecraft:gold_ingot":7,"biomesoplenty:orange_sand":287,"minecraft:glow_berries":1,"minecraft:mutton":17,"minecraft:bone_block":44,"minecraft:white_wool":16,"minecraft:oxeye_daisy":11,"biomesoplenty:black_sandstone":13,"divinerpg:palavence":1,"regions_unexplored:eucalyptus_log":23,"minecraft:tripwire_hook":2,"biomesoplenty:fir_button":3,"minecraft:acacia_wood":106,"minecraft:oak_log":43,"minecraft:blue_bed":1,"tombstone:gift":1,"minecraft:white_banner":3,"minecraft:apple":45,"minecraft:cobweb":2,"tombstone:bag_of_seeds":2,"minecraft:glass_bottle":1,"minecraft:iron_sword":2,"minecraft:dark_oak_stairs":14,"minecraft:sweet_berries":425,"minecraft:red_wool":4,"minecraft:birch_stairs":11,"minecraft:gravel":24,"minecraft:spruce_log":52,"travelersbackpack:standard":7,"iceandfire:dragon_flute":1,"biomesoplenty:mahogany_log":1,"minecraft:slime_ball":7,"tombstone:scroll_of_knowledge":1,"minecraft:gray_wool":2,"minecraft:baked_potato":9,"minecraft:ender_pearl":1,"minecraft:wheat":79,"minecraft:redstone_block":1,"tombstone:grave_key":1,"regions_unexplored:stripped_eucalyptus_log":1,"travelersbackpack:emerald":2,"iceandfire:armor_silver_metal_chestplate":1,"minecraft:raw_copper":66,"minecraft:smooth_stone_slab":15,"minecraft:iron_leggings":4,"minecraft:experience_bottle":1,"biomesoplenty:fir_sign":1,"biomesoplenty:fir_planks":8,"minecraft:rose_bush":2,"minecraft:azalea":1,"minecraft:smooth_quartz":3,"minecraft:iron_pickaxe":2,"alexsmobs:raccoon_tail":1,"divinerpg:divine_planks":1,"minecraft:iron_boots":2,"minecraft:furnace":9,"minecraft:tipped_arrow":1,"minecraft:stick":48,"iceandfire:ghost_chest":4,"divinerpg:terran_dagger":6,"minecraft:oak_fence":1,"minecraft:torch":114,"minecraft:spruce_stairs":40,"minecraft:porkchop":296,"iceandfire:rotten_egg":3,"tombstone:grave_dust":45,"minecraft:diorite":68,"regions_unexplored:barley":10,"minecraft:cactus":3,"minecraft:rotten_flesh":120,"regions_unexplored:peat_coarse_dirt":8,"minecraft:obsidian":21,"minecraft:cobblestone":1902,"minecraft:enchanting_table":1,"minecraft:repeater":1,"divinerpg:realmite_axe":1,"minecraft:andesite":50,"minecraft:potato":10,"minecraft:tuff":13,"minecraft:smooth_sandstone_stairs":1,"minecraft:wither_skeleton_skull":4,"minecraft:lapis_lazuli":110,"minecraft:dirt":1736,"minecraft:bone":172,"minecraft:acacia_planks":195,"minecraft:bow":5,"minecraft:wheat_seeds":381,"minecraft:raw_gold":26,"biomemakeover:cladded_leggings":1,"minecraft:grindstone":3,"minecraft:mossy_stone_bricks":3,"minecraft:bamboo":549,"regions_unexplored:larch_shrub":1,"minecraft:oak_planks":75,"friendsandfoes:totem_of_freezing":2,"biomesoplenty:toadstool":15,"minecraft:cooked_porkchop":32,"minecraft:oak_pressure_plate":1,"minecraft:sand":13,"biomesoplenty:fir_fence":29,"minecraft:grass_block":2,"minecraft:mossy_cobblestone":23,"minecraft:dark_prismarine":9,"minecraft:light_gray_concrete":25,"minecraft:yellow_carpet":5,"minecraft:diamond":7,"iceandfire:dread_stone_bricks_mossy":4,"minecraft:crossbow":3,"minecraft:bone_meal":2,"minecraft:emerald":15,"minecraft:oak_sapling":5,"divinerpg:realmite_shovel":1,"minecraft:chicken":16,"minecraft:wooden_pickaxe":1,"regions_unexplored:red_maple_leaf_pile":5,"iceandfire:silver_hoe":3,"minecraft:moss_carpet":2,"divinerpg:aqua_ball":1,"minecraft:iron_axe":1,"regions_unexplored:spruce_shrub":1,"biomesoplenty:black_sand":53,"minecraft:dark_prismarine_stairs":2,"minecraft:player_head":7,"regions_unexplored:peat_podzol":1,"minecraft:sugar_cane":695,"minecraft:spruce_trapdoor":2,"crittersandcompanions:clam":1,"regions_unexplored:bleeding_heart":2,"minecraft:raw_iron":129,"iceandfire:dragonbone":37,"regions_unexplored:silver_birch_leaf_pile":5,"minecraft:copper_ingot":2,"regions_unexplored:blue_lupine":1,"divinerpg:ice_stone":1,"minecraft:dark_oak_planks":104,"divinerpg:white_mushroom":4,"iceandfire:silver_ingot":7,"minecraft:arrow":64,"regions_unexplored:redstone_bulb":3,"divinerpg:jungle_shards":9,"regions_unexplored:eucalyptus_shrub":1,"divinerpg:raw_realmite":51,"crittersandcompanions:silk":11,"minecraft:skeleton_skull":4,"minecraft:netherite_boots":3,"regions_unexplored:peat_dirt":6,"divinerpg:raw_rupee":2,"minecraft:salmon":8,"twilightforest:experiment_115":3,"minecraft:leather":74,"minecraft:birch_planks":4,"iceandfire:ectoplasm":13,"iceandfire:dread_stone_bricks_cracked":14,"minecraft:gunpowder":5,"minecraft:cobblestone_wall":1,"minecraft:cobblestone_stairs":2,"mca:book_romance":1,"regions_unexplored:tassel":1,"minecraft:cooked_mutton":14,"naturalist:bass":6,"minecraft:spruce_wood":21,"minecraft:iron_ingot":12,"minecraft:cooked_chicken":16,"regions_unexplored:yellow_lupine":2,"minecraft:book":42,"minecraft:pumpkin":32,"minecraft:dandelion":11,"divinerpg:cyclops_eye_shards":3,"divinerpg:divine_log":6,"minecraft:blast_furnace":2,"minecraft:white_bed":2,"minecraft:spruce_door":2,"minecraft:spider_eye":22,"biomemakeover:cladding_upgrade_smithing_template":2,"biomemakeover:cladded_boots":1,"minecraft:iron_helmet":7,"tombstone:magic_scroll":2,"minecraft:coal":350},"minecraft:used":{"iceandfire:lectern":2,"minecraft:spruce_slab":202,"minecraft:chest":44,"minecraft:stone":3,"regions_unexplored:mauve_sapling":1,"minecraft:acacia_button":1,"travelersbackpack:emerald":4,"minecraft:snowball":135,"regions_unexplored:barley":7,"minecraft:grass_block":1,"iceandfire:ghost_chest":2,"friendsandfoes:totem_of_freezing":2,"divinerpg:arlemite_shickaxe":3899,"minecraft:bow":4,"minecraft:sweet_berries":354,"minecraft:oak_sapling":4,"minecraft:furnace":28,"minecraft:egg":106,"minecraft:potato":3,"minecraft:dark_prismarine_stairs":1,"minecraft:mossy_stone_bricks":2,"minecraft:diorite":1,"minecraft:spruce_door":2,"iceandfire:dread_stone_bricks":26,"minecraft:golden_apple":4,"minecraft:blast_furnace":1,"minecraft:blue_ice":2,"minecraft:gray_concrete":12,"divinerpg:rupee_rapier":1657,"iceandfire:silver_pickaxe":460,"minecraft:smithing_table":2,"biomesoplenty:fir_sign":1,"divinerpg:bacon":24,"minecraft:enchanting_table":2,"minecraft:stone_sword":22,"divinerpg:terran_dagger":555,"minecraft:torch":213,"iceandfire:copper_sword":239,"regions_unexplored:clover":1,"regions_unexplored:eucalyptus_log":7,"minecraft:golden_shovel":4,"tombstone:ankh_of_pray":18,"minecraft:bamboo":15,"tombstone:gift":12,"minecraft:acacia_planks":658,"minecraft:cobbled_deepslate":428,"naturalist:bass":6,"minecraft:wheat_seeds":156,"minecraft:water_bucket":398,"minecraft:birch_planks":2,"divinerpg:tomato":4,"minecraft:fletching_table":1,"minecraft:leather_boots":1,"biomesoplenty:mahogany_log":1,"regions_unexplored:dead_steppe_shrub":1,"minecraft:salmon":8,"minecraft:mossy_cobblestone":2,"biomesoplenty:fir_slab":1527,"minecraft:tnt":8,"minecraft:oak_slab":2,"minecraft:crafting_table":38,"minecraft:red_bed":1,"divinerpg:arlemite_stabber":448,"biomemakeover:cladded_leggings":1,"minecraft:white_bed":2,"minecraft:campfire":9,"justhammers:iron_hammer":193,"iceandfire:armor_silver_metal_chestplate":1,"minecraft:oak_log":8,"minecraft:dark_prismarine":2,"cfm:white_sofa":2,"minecraft:suspicious_stew":1,"minecraft:iron_pickaxe":604,"minecraft:leather_helmet":1,"divinerpg:realmite_shovel":3,"minecraft:cobblestone":1718,"minecraft:potion":3,"travelersbackpack:standard":8,"minecraft:porkchop":4,"minecraft:cooked_porkchop":46,"divinerpg:hot_pumpkin_pie":3,"biomesoplenty:fir_log":67,"iceandfire:dread_stone_bricks_cracked":9,"regions_unexplored:silt_dirt":40,"minecraft:moss_carpet":1,"travelersbackpack:lapis":1,"minecraft:shield":5,"minecraft:iron_sword":266,"biomesoplenty:fir_button":1,"minecraft:iron_chestplate":4,"crittersandcompanions:koi_fish":1,"minecraft:carrot":56,"minecraft:tuff":10,"minecraft:obsidian":24,"iceandfire:dread_torch":1,"biomesoplenty:fir_sapling":9,"iceandfire:armor_silver_metal_leggings":1,"minecraft:iron_helmet":4,"minecraft:stone_bricks":2,"regions_unexplored:blue_bioshroom":3,"biomesoplenty:fir_fence_gate":1,"biomesoplenty:fir_fence":84,"minecraft:dark_oak_stairs":1,"naturalist:cooked_egg":1,"minecraft:stone_pickaxe":51,"minecraft:oak_planks":112,"minecraft:ender_pearl":1,"biomesoplenty:fir_planks":40,"minecraft:diamond_axe":874,"minecraft:sugar_cane":130,"minecraft:blue_bed":1,"regions_unexplored:joshua_planks":3,"regions_unexplored:tassel":1,"minecraft:crossbow":8,"iceandfire:armor_copper_metal_chestplate":1,"minecraft:light_gray_concrete":15,"regions_unexplored:kapok_planks":50,"minecraft:bread":206,"minecraft:string":1,"divinerpg:divine_planks":21,"divinerpg:arlemite_boots":1,"minecraft:gravel":15,"regions_unexplored:baobab_log":14,"minecraft:andesite":1,"minecraft:coarse_dirt":1,"minecraft:bone_meal":34,"minecraft:experience_bottle":4,"minecraft:netherite_sword":473,"divinerpg:realmite_pickaxe":328,"minecraft:spruce_planks":277,"minecraft:dirt":1265,"biomesoplenty:black_sandstone":13,"minecraft:dark_oak_planks":137,"divinerpg:arlemite_axe":74,"minecraft:bookshelf":4,"biomesoplenty:orange_sand":139,"minecraft:golden_carrot":32,"minecraft:cooked_beef":61,"minecraft:pumpkin":7,"minecraft:iron_leggings":1,"biomesoplenty:black_sand":1,"minecraft:cooked_mutton":31,"minecraft:cobblestone_stairs":1,"minecraft:baked_potato":7,"regions_unexplored:peat_dirt":6,"iceandfire:dread_knight_sword":2,"divinerpg:realmite_shield":40,"regions_unexplored:peat_coarse_dirt":8,"regions_unexplored:peat_podzol":1,"iceandfire:dread_stone_bricks_mossy":3,"divinerpg:palavence":1,"regions_unexplored:magnolia_planks":11,"tombstone:bag_of_seeds":4,"minecraft:apple":37,"minecraft:chicken":4,"minecraft:map":1,"biomesoplenty:toadstool":1,"minecraft:stone_axe":70,"iceandfire:silver_hoe":68,"minecraft:white_banner":2,"minecraft:bucket":406,"alexsmobs:animal_dictionary":1,"minecraft:wither_rose":2},"minecraft:custom":{"minecraft:interact_with_crafting_table":193,"minecraft:open_barrel":17,"minecraft:leave_game":13,"minecraft:time_since_death":144153,"minecraft:damage_blocked_by_shield":1425,"minecraft:play_time":1201770,"minecraft:deaths":48,"tombstone:tomb_raiding":9,"minecraft:jump":24817,"minecraft:enchant_item":1,"minecraft:interact_with_furnace":442,"minecraft:traded_with_villager":16,"minecraft:sleep_in_bed":22,"tombstone:sneak_grave":16,"minecraft:damage_dealt":188604,"tombstone:undead_killed":275,"minecraft:interact_with_smoker":16,"minecraft:use_cauldron":1,"minecraft:inspect_dispenser":1,"minecraft:interact_with_smithing_table":11,"minecraft:sneak_time":80566,"minecraft:interact_with_lectern":1,"minecraft:interact_with_blast_furnace":1,"minecraft:total_world_time":1201770,"tombstone:raider_killed":9,"minecraft:time_since_rest":143272,"tombstone:cast_on_ally":0,"minecraft:swim_one_cm":894507,"minecraft:fly_one_cm":4172259,"minecraft:open_chest":1724,"minecraft:fall_one_cm":661359,"minecraft:animals_bred":22,"minecraft:open_shulker_box":5,"minecraft:sprint_one_cm":3150249,"minecraft:drop":730,"minecraft:talked_to_villager":4,"minecraft:walk_on_water_one_cm":179288,"minecraft:player_kills":40,"minecraft:crouch_one_cm":284451,"minecraft:mob_kills":640,"minecraft:interact_with_campfire":108,"minecraft:climb_one_cm":37823,"minecraft:walk_one_cm":2985955,"minecraft:walk_under_water_one_cm":163604,"minecraft:interact_with_grindstone":1,"minecraft:damage_taken":2147483647,"minecraft:damage_absorbed":135,"minecraft:trigger_trapped_chest":6},"minecraft:broken":{"divinerpg:terran_dagger":1,"minecraft:iron_boots":3,"minecraft:iron_chestplate":1,"minecraft:iron_leggings":2,"minecraft:iron_sword":1,"iceandfire:armor_silver_metal_chestplate":1,"iceandfire:armor_silver_metal_leggings":1,"biomemakeover:cladded_leggings":1,"aether:iron_gloves":2,"minecraft:iron_pickaxe":1,"minecraft:iron_helmet":4,"iceandfire:silver_pickaxe":1,"divinerpg:realmite_pickaxe":1,"divinerpg:rupee_rapier":1,"justhammers:iron_hammer":1,"minecraft:leather_boots":1},"minecraft:dropped":{"minecraft:iron_sword":3,"iceandfire:raw_silver":7,"minecraft:porkchop":9,"crittersandcompanions:clam":1,"minecraft:cooked_beef":14,"minecraft:glass_bottle":1,"minecraft:diamond":1,"minecraft:crafting_table":2,"minecraft:crossbow":2,"iceandfire:ectoplasm":4,"minecraft:leather_helmet":1,"minecraft:emerald":20,"minecraft:dirt":20,"iceandfire:armor_copper_metal_boots":1,"iceandfire:dread_stone_bricks":1,"minecraft:gold_nugget":3,"tombstone:bone_needle":2,"minecraft:writable_book":1,"minecraft:bone_meal":1,"minecraft:iron_pickaxe":2,"iceandfire:armor_silver_metal_helmet":1,"minecraft:dark_oak_planks":64,"divinerpg:realmite_ingot":34,"divinerpg:realmite_chestplate":2,"alexsmobs:raccoon_tail":1,"minecraft:white_wool":14,"regions_unexplored:redstone_bulb":3,"minecraft:bone":55,"regions_unexplored:eucalyptus_shrub":1,"biomesoplenty:toadstool":1,"minecraft:sugar_cane":14,"minecraft:iron_nugget":5,"alexsmobs:animal_dictionary":2,"minecraft:cobbled_deepslate":20,"minecraft:wheat":2,"minecraft:rotten_flesh":86,"minecraft:oak_planks":50,"divinerpg:realmite_leggings":2,"justhammers:iron_hammer":1,"iceandfire:shiny_scales":4,"alexsmobs:leafcutter_ant_pupa":1,"iceandfire:ghost_chest":2,"minecraft:charcoal":4,"minecraft:leather_boots":2,"tombstone:scroll_of_knowledge":1,"minecraft:leather_leggings":1,"minecraft:beef":2,"iceandfire:manuscript":4,"divinerpg:white_mushroom":2,"minecraft:egg":1,"minecraft:iron_ingot":5,"minecraft:enchanted_book":1,"minecraft:wheat_seeds":61,"minecraft:tnt":15,"divinerpg:ice_shards":4,"minecraft:oak_fence":4,"divinerpg:terran_dagger":1,"minecraft:iron_helmet":12,"minecraft:feather":4,"minecraft:cobblestone":526,"minecraft:apple":1,"minecraft:granite":39,"naturalist:glow_goop":2,"minecraft:coal":40,"minecraft:yellow_carpet":8,"minecraft:coal_block":1,"divinerpg:palavence":1,"minecraft:cobweb":2,"minecraft:diamond_horse_armor":1,"minecraft:gray_wool":2,"regions_unexplored:green_bioshroom_stem":4,"regions_unexplored:eucalyptus_log":16,"minecraft:rose_bush":2,"regions_unexplored:barley":1,"minecraft:oak_stairs":7,"minecraft:pumpkin":25,"regions_unexplored:silver_birch_leaf_pile":5,"minecraft:paper":5,"minecraft:string":13,"minecraft:acacia_planks":9,"minecraft:bamboo_planks":6,"minecraft:moss_carpet":4,"minecraft:player_head":1,"regions_unexplored:bamboo_log":1,"minecraft:bowl":1,"minecraft:experience_bottle":1,"minecraft:clay_ball":71,"minecraft:iron_boots":3,"regions_unexplored:hyssop":5,"iceandfire:dragon_skull_ice":4,"iceandfire:armor_copper_metal_helmet":1,"minecraft:spruce_fence":1,"crittersandcompanions:silk":4,"divinerpg:arlemite_shickaxe":3,"divinerpg:realmite_shovel":2,"minecraft:stone":153,"minecraft:powder_snow_bucket":1,"minecraft:spruce_planks":16,"iceandfire:silver_ingot":5,"minecraft:carved_pumpkin":48,"minecraft:spider_eye":10,"minecraft:bamboo":185,"minecraft:brown_carpet":4,"divinerpg:realmite_boots":3,"minecraft:bow":4,"minecraft:magma_block":7,"regions_unexplored:silt_dirt":37,"regions_unexplored:blue_lupine":1,"minecraft:moss_block":3,"minecraft:oak_log":66,"minecraft:baked_potato":3,"divinerpg:realmite_shield":2,"divinerpg:jungle_shards":4,"mca:bouquet":1,"minecraft:leather":9,"travelersbackpack:standard":3,"iceandfire:graveyard_soil":6,"minecraft:flint":1,"regions_unexplored:red_maple_leaf_pile":6,"minecraft:snowball":610,"iceandfire:silver_hoe":4,"minecraft:armor_stand":1,"minecraft:gravel":1,"regions_unexplored:raw_redstone_block":1,"divinerpg:realmite_helmet":3,"regions_unexplored:pink_bioshroom":3,"securitycraft:taser":8,"divinerpg:terran_shards":15,"minecraft:carrot":73,"divinerpg:fury_arrow":1,"travelersbackpack:gold_tier_upgrade":1,"minecraft:gunpowder":5,"minecraft:skeleton_skull":3,"minecraft:beetroot_seeds":2,"minecraft:chest":1,"iceandfire:dread_knight_sword":2,"minecraft:arrow":34,"iceandfire:armor_copper_metal_leggings":1,"biomesoplenty:fir_button":1,"minecraft:water_bucket":9,"minecraft:bread":92,"minecraft:oak_slab":1,"minecraft:mossy_cobblestone":1,"divinerpg:realmite_axe":5,"iceandfire:armor_copper_metal_chestplate":1,"biomesoplenty:fir_slab":1,"iceandfire:dragon_flute":1,"minecraft:stick":10,"mca:book_romance":2,"minecraft:diorite":63,"minecraft:torch":51,"iceandfire:silver_sword":1,"minecraft:melon_slice":25,"minecraft:brown_wool":4,"tombstone:grave_dust":2,"minecraft:iron_leggings":7,"minecraft:iron_axe":2,"minecraft:cactus":3,"minecraft:bucket":2,"divinerpg:arlemite_boots":1,"minecraft:redstone":4,"regions_unexplored:stripped_eucalyptus_log":1,"alexsmobs:maggot":1,"minecraft:sweet_berries":52,"minecraft:raw_iron":52,"minecraft:light_gray_wool":3,"regions_unexplored:silver_birch_log":2,"iceandfire:dread_torch":7,"minecraft:shield":1,"iceandfire:copper_sword":2,"minecraft:iron_chestplate":5,"minecraft:andesite":73,"minecraft:oak_sapling":1,"minecraft:slime_ball":10,"minecraft:stone_pickaxe":1,"minecraft:wooden_pickaxe":2,"biomesoplenty:fir_log":4},"minecraft:killed_by":{"minecraft:zombie":2,"iceandfire:ghost":2,"divinerpg:ender_spider":1,"minecraft:creeper":1,"divinerpg:kobblin":1,"iceandfire:dread_ghoul":4,"iceandfire:fire_dragon":1,"minecraft:player":20,"iceandfire:dread_scuttler":2,"iceandfire:dread_knight":3,"divinerpg:pumpkin_spider":1},"minecraft:killed":{"minecraft:cave_spider":5,"divinerpg:cave_crawler":10,"minecraft:skeleton":66,"friendsandfoes:glare":1,"minecraft:chicken":12,"iceandfire:dread_scuttler":8,"minecraft:salmon":8,"minecraft:iron_golem":1,"minecraft:pillager":3,"minecraft:zombie":73,"alexsmobs:rain_frog":3,"alexsmobs:roadrunner":2,"iceandfire:dread_ghoul":2,"minecraft:cow":31,"divinerpg:jungle_dramcryx":3,"mca:female_zombie_villager":1,"divinerpg:cyclops":8,"alexsmobs:raccoon":1,"divinerpg:glacon":5,"iceandfire:dread_knight":3,"divinerpg:rotatick":2,"divinerpg:kobblin":32,"minecraft:husk":2,"crittersandcompanions:jumping_spider":1,"divinerpg:pumpkin_spider":23,"divinerpg:miner":6,"iceandfire:ghost":21,"divinerpg:jungle_spider":1,"minecraft:enderman":2,"minecraft:spider":16,"minecraft:silverfish":4,"minecraft:pig":21,"divinerpg:desert_crawler":1,"minecraft:creeper":6,"minecraft:sheep":8,"minecraft:stray":1,"crittersandcompanions:koi_fish":2,"minecraft:phantom":1,"iceandfire:dread_thrall":2,"naturalist:bass":7,"crittersandcompanions:otter":1,"friendsandfoes:iceologer":2,"crittersandcompanions:ferret":1,"minecraft:hoglin":118,"divinerpg:frost":7,"alexsmobs:crow":2,"minecraft:wither_skeleton":97}},"DataVersion":3465}