{"stats":{"minecraft:mined":{"divinerpg:skeleton_wall_torch":1,"minecraft:white_bed":2,"regions_unexplored:blue_lupine":1,"regions_unexplored:magnolia_log":13,"divinerpg:realmite_ore":28,"minecraft:obsidian":22,"minecraft:granite":15,"biomesoplenty:fir_slab":116,"minecraft:oxeye_daisy":6,"minecraft:spawner":6,"minecraft:tall_seagrass":1,"regions_unexplored:stone_bud":1,"minecraft:cobbled_deepslate":9,"minecraft:fire":8,"minecraft:pumpkin":3,"minecraft:moss_carpet":2,"minecraft:enchanting_table":1,"minecraft:cave_vines":1,"minecraft:dirt_path":42,"minecraft:oak_stairs":16,"minecraft:light_gray_concrete":25,"iceandfire:dread_stone_bricks_cracked":21,"regions_unexplored:silt_grass_block":60,"minecraft:tripwire":4,"regions_unexplored:dead_steppe_shrub":1,"minecraft:powder_snow":10,"minecraft:torch":62,"minecraft:blast_furnace":2,"minecraft:dead_bush":1,"minecraft:sugar_cane":422,"minecraft:amethyst_block":5,"minecraft:skeleton_skull":1,"minecraft:white_terracotta":1,"minecraft:repeater":1,"minecraft:wheat":100,"minecraft:grass":229,"regions_unexplored:eucalyptus_log":23,"minecraft:smooth_quartz":5,"minecraft:sandstone_wall":1,"regions_unexplored:clover":1,"minecraft:smooth_basalt":2,"minecraft:deepslate":263,"regions_unexplored:spruce_shrub":1,"iceandfire:silver_ore":21,"biomesoplenty:fir_button":1,"minecraft:mossy_cobblestone":13,"divinerpg:arlemite_ore_deepslate":30,"minecraft:redstone_wire":8,"iceandfire:deepslate_silver_ore":7,"regions_unexplored:saguaro_cactus":1,"minecraft:andesite":28,"biomesoplenty:fir_wall_sign":1,"regions_unexplored:eucalyptus_shrub":1,"minecraft:potatoes":1,"minecraft:vine":2,"regions_unexplored:apple_oak_leaves":4,"regions_unexplored:small_oak_log":1,"regions_unexplored:barrel_cactus":3,"minecraft:redstone_block":1,"minecraft:gray_concrete":12,"minecraft:glass_pane":2,"minecraft:hanging_roots":2,"biomesoplenty:black_sand":1,"minecraft:dandelion":6,"minecraft:cornflower":3,"minecraft:emerald_ore":1,"biomesoplenty:fir_planks":7,"regions_unexplored:silt_dirt":21,"minecraft:tall_grass":87,"minecraft:copper_ore":20,"minecraft:deepslate_gold_ore":18,"divinerpg:rupee_ore_deepslate":2,"minecraft:diorite":26,"minecraft:coarse_dirt":1,"minecraft:cobblestone_wall":1,"minecraft:spruce_log":39,"minecraft:gravel":29,"minecraft:cobweb":18,"minecraft:stone_bricks":2,"minecraft:gold_ore":2,"minecraft:fern":229,"regions_unexplored:tassel":1,"minecraft:spruce_planks":17,"minecraft:farmland":7,"regions_unexplored:joshua_beard":1,"minecraft:cobblestone_stairs":2,"minecraft:spruce_trapdoor":2,"minecraft:cave_vines_plant":1,"minecraft:grass_block":1132,"minecraft:infested_cobblestone":2,"iceandfire:lectern":1,"iceandfire:dread_spawner":1,"minecraft:glowstone":1,"minecraft:iron_ore":74,"minecraft:iron_bars":2,"minecraft:azalea":1,"minecraft:spruce_slab":7,"minecraft:chiseled_quartz_block":3,"minecraft:calcite":3,"minecraft:poppy":4,"minecraft:chest":9,"iceandfire:ghost_chest":3,"regions_unexplored:small_desert_shrub":2,"minecraft:cobblestone":172,"minecraft:grindstone":2,"minecraft:oak_planks":48,"regions_unexplored:bamboo_log":1,"minecraft:wall_torch":22,"minecraft:tnt":77,"biomesoplenty:fir_log":434,"minecraft:smooth_stone_slab":8,"biomesoplenty:clover":2,"iceandfire:dread_stone_bricks_mossy":4,"regions_unexplored:joshua_log":2,"minecraft:oak_log":46,"minecraft:beetroots":2,"minecraft:sand":14,"minecraft:dirt":552,"minecraft:tripwire_hook":2,"minecraft:oak_leaves":13,"iceandfire:dread_stone_bricks":31,"minecraft:tuff":13,"minecraft:deepslate_diamond_ore":5,"regions_unexplored:barley":18,"minecraft:oak_door":3,"minecraft:glow_lichen":1,"divinerpg:divine_leaves":1,"minecraft:spruce_leaves":10,"regions_unexplored:raw_redstone_block":2,"minecraft:rooted_dirt":24,"minecraft:large_fern":2,"minecraft:hay_block":65,"regions_unexplored:baobab_log":14,"minecraft:furnace":11,"minecraft:carrots":57,"biomesoplenty:toadstool":6,"minecraft:deepslate_iron_ore":20,"crittersandcompanions:silk_cocoon":1,"regions_unexplored:medium_grass":43,"regions_unexplored:stripped_eucalyptus_log":1,"biomesoplenty:spider_egg":1,"minecraft:stone":645,"regions_unexplored:redstone_bulb":1,"regions_unexplored:silver_birch_leaf_pile":3,"travelersbackpack:standard":4,"minecraft:spruce_door":1,"minecraft:oak_fence":4,"minecraft:crafting_table":28,"biomesoplenty:sprout":2,"biomesoplenty:huge_clover_petal":4,"minecraft:lapis_ore":4,"minecraft:blue_bed":1,"minecraft:spruce_stairs":2,"minecraft:cactus":1,"biomesoplenty:fir_fence":26,"regions_unexplored:redstone_bud":2,"minecraft:sweet_berry_bush":66,"minecraft:white_wall_banner":1,"regions_unexplored:red_maple_leaf_pile":1,"minecraft:coal_ore":213,"biomesoplenty:fir_leaves":278,"regions_unexplored:palm_log":8,"minecraft:cracked_stone_bricks":2},"minecraft:crafted":{"minecraft:bookshelf":4,"minecraft:glass":12,"iceandfire:armor_silver_metal_chestplate":1,"divinerpg:palavence":1,"divinerpg:arlemite_stabber":1,"divinerpg:arlemite_shickaxe":2,"regions_unexplored:palm_planks":32,"minecraft:emerald":16,"minecraft:cooked_porkchop":12,"travelersbackpack:standard":1,"iceandfire:sapphire_block":1,"minecraft:smithing_table":1,"minecraft:fletching_table":1,"minecraft:campfire":9,"divinerpg:hot_pumpkin_pie":3,"minecraft:iron_pickaxe":3,"minecraft:iron_block":10,"minecraft:gold_ingot":54,"naturalist:cooked_egg":1,"minecraft:golden_carrot":32,"divinerpg:arlemite_boots":1,"minecraft:iron_nugget":27,"tombstone:strange_tablet":1,"tombstone:blue_marble":2,"iceandfire:dragon_flute":1,"minecraft:bone_meal":36,"travelersbackpack:white_sleeping_bag":1,"regions_unexplored:mauve_planks":40,"minecraft:spruce_slab":288,"minecraft:stone_pickaxe":1,"iceandfire:armor_silver_metal_boots":1,"divinerpg:realmite_block":5,"regions_unexplored:magnolia_planks":52,"tombstone:strange_scroll":1,"minecraft:wheat":540,"divinerpg:rupee_rapier":1,"minecraft:enchanting_table":1,"securitycraft:taser":1,"iceandfire:silver_block":1,"biomesoplenty:fir_fence":75,"minecraft:golden_apple":3,"tombstone:grave_plate":1,"iceandfire:silver_pickaxe":1,"tombstone:bone_needle":1,"divinerpg:arlemite_ingot":30,"minecraft:oak_planks":236,"iceandfire:lectern":1,"divinerpg:arlemite_pickaxe":2,"minecraft:stone":12,"aether:golden_ring":1,"minecraft:bow":1,"minecraft:iron_boots":2,"divinerpg:terran_stone":3,"iceandfire:armor_silver_metal_leggings":2,"biomesoplenty:fir_slab":1344,"minecraft:chest":29,"iceandfire:dread_torch":8,"minecraft:oak_slab":12,"minecraft:crafting_table":8,"minecraft:spruce_planks":192,"minecraft:wooden_pickaxe":1,"minecraft:baked_potato":3,"minecraft:iron_helmet":3,"tombstone:impregnated_diamond":1,"divinerpg:realmite_shield":1,"minecraft:gold_block":2,"biomesoplenty:fir_planks":1356,"minecraft:book":10,"minecraft:iron_chestplate":2,"minecraft:paper":75,"minecraft:charcoal":4,"minecraft:shield":1,"minecraft:stick":820,"minecraft:iron_ingot":213,"minecraft:stone_sword":1,"divinerpg:shuriken":80,"divinerpg:arlemite_shovel":2,"minecraft:leather_boots":1,"divinerpg:arlemite_hoe":2,"minecraft:furnace":20,"regions_unexplored:joshua_planks":8,"divinerpg:realmite_ingot":103,"biomemakeover:crude_cladding":1,"divinerpg:bacon":24,"divinerpg:arlemite_axe":2,"minecraft:cooked_beef":26,"divinerpg:rupee_ingot":2,"iceandfire:silver_ingot":32,"travelersbackpack:backpack_tank":2,"minecraft:iron_sword":1,"tombstone:ankh_of_pray":1,"minecraft:bucket":3,"minecraft:stone_axe":1,"minecraft:bread":181,"minecraft:air":0,"biomesoplenty:fir_sign":30,"divinerpg:terran_dagger":1,"iceandfire:armor_silver_metal_helmet":1,"justhammers:iron_hammer":2,"aether:golden_pendant":1,"minecraft:gold_nugget":261,"minecraft:torch":148,"biomesoplenty:fir_fence_gate":1,"iceandfire:silver_hoe":1},"minecraft:picked_up":{"regions_unexplored:small_oak_log":1,"iceandfire:dread_stone_bricks":27,"iceandfire:copper_sword":2,"regions_unexplored:magnolia_log":13,"securitycraft:taser":9,"regions_unexplored:silt_dirt":87,"minecraft:oak_stairs":3,"iceandfire:manuscript":2,"minecraft:string":54,"minecraft:cobbled_deepslate":439,"minecraft:spruce_planks":33,"crittersandcompanions:koi_fish":1,"divinerpg:raw_arlemite":30,"minecraft:sandstone_wall":1,"tombstone:bone_needle":1,"regions_unexplored:raw_redstone_block":1,"divinerpg:ice_shards":19,"divinerpg:realmite_boots":1,"minecraft:carved_pumpkin":48,"biomesoplenty:fir_slab":133,"minecraft:white_terracotta":1,"minecraft:iron_bars":1,"minecraft:snowball":521,"minecraft:feather":19,"minecraft:cooked_beef":32,"divinerpg:tomato":6,"minecraft:water_bucket":15,"minecraft:brown_wool":2,"biomesoplenty:fir_sapling":28,"biomesoplenty:fir_log":428,"regions_unexplored:dead_steppe_shrub":1,"minecraft:flint":4,"minecraft:gray_concrete":12,"biomemakeover:crude_fragment":5,"minecraft:glowstone_dust":3,"divinerpg:realmite_shield":4,"divinerpg:realmite_pickaxe":1,"divinerpg:realmite_ingot":4,"regions_unexplored:palm_log":8,"iceandfire:lectern":1,"regions_unexplored:clover":1,"minecraft:granite":24,"minecraft:bread":35,"alexsmobs:maggot":1,"minecraft:rooted_dirt":24,"regions_unexplored:baobab_log":14,"iceandfire:raw_silver":32,"minecraft:crafting_table":30,"minecraft:coarse_dirt":1,"divinerpg:arlemite_shickaxe":4,"minecraft:cornflower":8,"divinerpg:realmite_helmet":2,"regions_unexplored:poppy_bush":1,"minecraft:beef":63,"iceandfire:dread_shard":6,"iceandfire:dread_knight_sword":2,"minecraft:poppy":9,"minecraft:iron_nugget":1,"minecraft:spruce_slab":11,"minecraft:chest":9,"minecraft:egg":111,"minecraft:stone":1,"minecraft:oak_door":2,"divinerpg:terran_shards":38,"minecraft:carrot":188,"minecraft:redstone":31,"iceandfire:dragon_skull_ice":1,"minecraft:tnt":23,"regions_unexplored:mauve_sapling":1,"regions_unexplored:joshua_log":2,"minecraft:beetroot_seeds":2,"minecraft:hay_block":60,"minecraft:gold_ingot":2,"minecraft:glow_berries":1,"minecraft:mutton":17,"minecraft:white_wool":16,"minecraft:oxeye_daisy":11,"divinerpg:palavence":1,"regions_unexplored:eucalyptus_log":23,"minecraft:tripwire_hook":2,"biomesoplenty:fir_button":3,"minecraft:oak_log":43,"minecraft:blue_bed":1,"tombstone:gift":1,"minecraft:white_banner":3,"minecraft:apple":44,"minecraft:cobweb":2,"minecraft:iron_sword":2,"minecraft:sweet_berries":425,"minecraft:gravel":24,"minecraft:spruce_log":39,"travelersbackpack:standard":7,"iceandfire:dragon_flute":1,"minecraft:slime_ball":7,"tombstone:scroll_of_knowledge":1,"minecraft:gray_wool":2,"minecraft:baked_potato":9,"minecraft:wheat":69,"minecraft:redstone_block":1,"tombstone:grave_key":1,"regions_unexplored:stripped_eucalyptus_log":1,"iceandfire:armor_silver_metal_chestplate":1,"minecraft:raw_copper":66,"minecraft:smooth_stone_slab":15,"minecraft:iron_leggings":4,"biomesoplenty:fir_sign":1,"biomesoplenty:fir_planks":8,"minecraft:azalea":1,"minecraft:smooth_quartz":3,"minecraft:iron_pickaxe":2,"alexsmobs:raccoon_tail":1,"minecraft:iron_boots":1,"minecraft:furnace":9,"minecraft:stick":37,"iceandfire:ghost_chest":3,"divinerpg:terran_dagger":6,"minecraft:oak_fence":1,"minecraft:torch":98,"minecraft:spruce_stairs":2,"minecraft:porkchop":43,"iceandfire:rotten_egg":2,"tombstone:grave_dust":28,"minecraft:diorite":68,"regions_unexplored:barley":10,"minecraft:cactus":3,"minecraft:rotten_flesh":81,"minecraft:obsidian":20,"minecraft:cobblestone":1860,"minecraft:enchanting_table":1,"minecraft:repeater":1,"divinerpg:realmite_axe":1,"minecraft:andesite":50,"minecraft:potato":10,"minecraft:tuff":13,"minecraft:dirt":1730,"minecraft:lapis_lazuli":99,"minecraft:bone":72,"minecraft:bow":5,"minecraft:wheat_seeds":331,"minecraft:raw_gold":26,"biomemakeover:cladded_leggings":1,"minecraft:grindstone":2,"minecraft:oak_planks":75,"biomesoplenty:toadstool":15,"minecraft:cooked_porkchop":2,"minecraft:oak_pressure_plate":1,"minecraft:sand":13,"biomesoplenty:fir_fence":26,"minecraft:grass_block":1,"minecraft:mossy_cobblestone":23,"minecraft:light_gray_concrete":25,"minecraft:yellow_carpet":5,"minecraft:diamond":6,"iceandfire:dread_stone_bricks_mossy":4,"minecraft:crossbow":3,"minecraft:bone_meal":2,"minecraft:emerald":1,"minecraft:oak_sapling":5,"divinerpg:realmite_shovel":1,"minecraft:chicken":13,"regions_unexplored:red_maple_leaf_pile":5,"iceandfire:silver_hoe":3,"minecraft:moss_carpet":2,"minecraft:iron_axe":1,"regions_unexplored:spruce_shrub":1,"biomesoplenty:black_sand":1,"minecraft:sugar_cane":692,"minecraft:spruce_trapdoor":2,"crittersandcompanions:clam":1,"minecraft:raw_iron":123,"regions_unexplored:silver_birch_leaf_pile":5,"minecraft:copper_ingot":2,"regions_unexplored:blue_lupine":1,"divinerpg:ice_stone":1,"divinerpg:white_mushroom":1,"iceandfire:silver_ingot":5,"minecraft:arrow":59,"regions_unexplored:redstone_bulb":3,"divinerpg:jungle_shards":5,"regions_unexplored:eucalyptus_shrub":1,"divinerpg:raw_realmite":51,"crittersandcompanions:silk":6,"minecraft:skeleton_skull":2,"twilightforest:experiment_115":3,"divinerpg:raw_rupee":2,"minecraft:salmon":8,"minecraft:leather":28,"iceandfire:ectoplasm":13,"iceandfire:dread_stone_bricks_cracked":14,"minecraft:gunpowder":3,"minecraft:cobblestone_wall":1,"minecraft:cobblestone_stairs":2,"mca:book_romance":1,"regions_unexplored:tassel":1,"minecraft:cooked_mutton":5,"naturalist:bass":6,"minecraft:iron_ingot":7,"minecraft:cooked_chicken":5,"regions_unexplored:yellow_lupine":2,"minecraft:pumpkin":29,"divinerpg:cyclops_eye_shards":1,"minecraft:dandelion":9,"minecraft:blast_furnace":2,"minecraft:white_bed":2,"minecraft:spruce_door":2,"minecraft:spider_eye":16,"biomemakeover:cladding_upgrade_smithing_template":2,"biomemakeover:cladded_boots":1,"minecraft:iron_helmet":4,"minecraft:coal":288},"minecraft:used":{"iceandfire:lectern":2,"minecraft:spruce_slab":190,"minecraft:chest":37,"minecraft:stone":2,"regions_unexplored:mauve_sapling":1,"minecraft:snowball":109,"regions_unexplored:barley":7,"minecraft:grass_block":1,"iceandfire:ghost_chest":2,"divinerpg:arlemite_shickaxe":3301,"minecraft:bow":3,"minecraft:sweet_berries":354,"minecraft:oak_sapling":4,"minecraft:furnace":28,"minecraft:egg":101,"minecraft:potato":3,"minecraft:diorite":1,"minecraft:spruce_door":2,"iceandfire:dread_stone_bricks":26,"minecraft:golden_apple":2,"minecraft:blast_furnace":1,"minecraft:gray_concrete":12,"divinerpg:rupee_rapier":399,"iceandfire:silver_pickaxe":460,"minecraft:smithing_table":1,"biomesoplenty:fir_sign":1,"divinerpg:bacon":24,"minecraft:enchanting_table":2,"minecraft:stone_sword":22,"divinerpg:terran_dagger":555,"minecraft:torch":198,"iceandfire:copper_sword":216,"regions_unexplored:eucalyptus_log":7,"regions_unexplored:clover":1,"minecraft:golden_shovel":4,"tombstone:ankh_of_pray":18,"tombstone:gift":12,"minecraft:cobbled_deepslate":428,"naturalist:bass":6,"minecraft:wheat_seeds":137,"minecraft:water_bucket":315,"divinerpg:tomato":4,"minecraft:fletching_table":1,"minecraft:leather_boots":1,"regions_unexplored:dead_steppe_shrub":1,"minecraft:salmon":8,"minecraft:mossy_cobblestone":2,"biomesoplenty:fir_slab":926,"minecraft:oak_slab":2,"minecraft:tnt":6,"minecraft:crafting_table":33,"divinerpg:arlemite_stabber":448,"minecraft:campfire":9,"minecraft:white_bed":2,"biomemakeover:cladded_leggings":1,"justhammers:iron_hammer":193,"iceandfire:armor_silver_metal_chestplate":1,"minecraft:oak_log":8,"minecraft:iron_pickaxe":604,"minecraft:leather_helmet":1,"divinerpg:realmite_shovel":3,"minecraft:cobblestone":1677,"minecraft:potion":1,"travelersbackpack:standard":8,"minecraft:porkchop":2,"minecraft:cooked_porkchop":12,"divinerpg:hot_pumpkin_pie":3,"biomesoplenty:fir_log":62,"iceandfire:dread_stone_bricks_cracked":9,"regions_unexplored:silt_dirt":35,"minecraft:moss_carpet":1,"minecraft:shield":5,"minecraft:iron_sword":266,"biomesoplenty:fir_button":1,"minecraft:iron_chestplate":4,"crittersandcompanions:koi_fish":1,"minecraft:carrot":56,"minecraft:tuff":10,"minecraft:obsidian":24,"iceandfire:dread_torch":1,"iceandfire:armor_silver_metal_leggings":1,"minecraft:iron_helmet":4,"biomesoplenty:fir_fence_gate":1,"biomesoplenty:fir_fence":82,"naturalist:cooked_egg":1,"minecraft:stone_pickaxe":51,"minecraft:oak_planks":112,"biomesoplenty:fir_planks":15,"minecraft:sugar_cane":130,"minecraft:blue_bed":1,"regions_unexplored:joshua_planks":3,"regions_unexplored:tassel":1,"minecraft:crossbow":8,"iceandfire:armor_copper_metal_chestplate":1,"minecraft:light_gray_concrete":15,"minecraft:bread":206,"minecraft:string":1,"divinerpg:arlemite_boots":1,"minecraft:gravel":15,"regions_unexplored:baobab_log":14,"minecraft:andesite":1,"minecraft:coarse_dirt":1,"minecraft:bone_meal":34,"divinerpg:realmite_pickaxe":328,"minecraft:spruce_planks":47,"minecraft:dirt":1260,"divinerpg:arlemite_axe":74,"minecraft:bookshelf":4,"minecraft:golden_carrot":24,"minecraft:cooked_beef":20,"minecraft:pumpkin":6,"biomesoplenty:black_sand":1,"minecraft:cobblestone_stairs":1,"minecraft:baked_potato":7,"divinerpg:realmite_shield":33,"iceandfire:dread_knight_sword":2,"iceandfire:dread_stone_bricks_mossy":3,"divinerpg:palavence":1,"regions_unexplored:magnolia_planks":11,"minecraft:apple":37,"minecraft:chicken":4,"biomesoplenty:toadstool":1,"minecraft:stone_axe":70,"iceandfire:silver_hoe":68,"minecraft:white_banner":2,"minecraft:bucket":323,"minecraft:wither_rose":2,"alexsmobs:animal_dictionary":1},"minecraft:custom":{"minecraft:interact_with_crafting_table":160,"minecraft:leave_game":13,"minecraft:time_since_death":85744,"minecraft:damage_blocked_by_shield":1205,"minecraft:play_time":925849,"minecraft:deaths":46,"tombstone:tomb_raiding":9,"minecraft:jump":19350,"minecraft:interact_with_furnace":410,"minecraft:traded_with_villager":16,"minecraft:sleep_in_bed":22,"tombstone:sneak_grave":16,"minecraft:damage_dealt":88858,"tombstone:undead_killed":145,"minecraft:use_cauldron":1,"minecraft:inspect_dispenser":1,"minecraft:interact_with_smithing_table":5,"minecraft:sneak_time":58365,"minecraft:interact_with_lectern":1,"minecraft:interact_with_blast_furnace":1,"minecraft:total_world_time":925849,"tombstone:raider_killed":3,"minecraft:time_since_rest":23952,"tombstone:cast_on_ally":0,"minecraft:swim_one_cm":813855,"minecraft:fly_one_cm":3254034,"minecraft:open_chest":1384,"minecraft:fall_one_cm":522309,"minecraft:animals_bred":19,"minecraft:open_shulker_box":5,"minecraft:sprint_one_cm":2475828,"minecraft:drop":551,"minecraft:talked_to_villager":4,"minecraft:walk_on_water_one_cm":148900,"minecraft:player_kills":38,"minecraft:crouch_one_cm":221387,"minecraft:mob_kills":355,"minecraft:interact_with_campfire":47,"minecraft:climb_one_cm":35059,"minecraft:walk_one_cm":2341585,"minecraft:walk_under_water_one_cm":132922,"minecraft:interact_with_grindstone":1,"minecraft:damage_taken":32089,"minecraft:damage_absorbed":81,"minecraft:trigger_trapped_chest":6},"minecraft:broken":{"divinerpg:terran_dagger":1,"minecraft:iron_boots":1,"minecraft:iron_leggings":1,"minecraft:iron_sword":1,"iceandfire:armor_silver_metal_chestplate":1,"iceandfire:armor_silver_metal_leggings":1,"biomemakeover:cladded_leggings":1,"aether:iron_gloves":1,"minecraft:iron_pickaxe":1,"minecraft:iron_helmet":2,"iceandfire:silver_pickaxe":1,"divinerpg:realmite_pickaxe":1,"justhammers:iron_hammer":1},"minecraft:dropped":{"minecraft:iron_sword":3,"iceandfire:raw_silver":7,"minecraft:porkchop":9,"crittersandcompanions:clam":1,"minecraft:cooked_beef":14,"minecraft:glass_bottle":1,"minecraft:crafting_table":2,"minecraft:crossbow":2,"iceandfire:ectoplasm":4,"minecraft:leather_helmet":1,"minecraft:emerald":1,"minecraft:dirt":20,"iceandfire:armor_copper_metal_boots":1,"iceandfire:dread_stone_bricks":1,"tombstone:bone_needle":2,"minecraft:writable_book":1,"minecraft:bone_meal":1,"minecraft:iron_pickaxe":2,"iceandfire:armor_silver_metal_helmet":1,"divinerpg:realmite_ingot":34,"divinerpg:realmite_chestplate":2,"alexsmobs:raccoon_tail":1,"minecraft:white_wool":14,"regions_unexplored:redstone_bulb":3,"minecraft:bone":53,"regions_unexplored:eucalyptus_shrub":1,"biomesoplenty:toadstool":1,"minecraft:sugar_cane":11,"minecraft:iron_nugget":1,"alexsmobs:animal_dictionary":2,"minecraft:cobbled_deepslate":20,"minecraft:wheat":2,"minecraft:rotten_flesh":52,"minecraft:oak_planks":50,"divinerpg:realmite_leggings":2,"justhammers:iron_hammer":1,"iceandfire:shiny_scales":4,"alexsmobs:leafcutter_ant_pupa":1,"iceandfire:ghost_chest":1,"minecraft:charcoal":4,"tombstone:scroll_of_knowledge":1,"minecraft:egg":1,"minecraft:enchanted_book":1,"minecraft:wheat_seeds":56,"minecraft:tnt":15,"divinerpg:ice_shards":4,"minecraft:oak_fence":4,"divinerpg:terran_dagger":1,"minecraft:iron_helmet":8,"minecraft:feather":4,"minecraft:cobblestone":526,"minecraft:granite":39,"naturalist:glow_goop":2,"minecraft:coal":40,"minecraft:yellow_carpet":8,"minecraft:coal_block":1,"divinerpg:palavence":1,"minecraft:cobweb":2,"minecraft:gray_wool":2,"regions_unexplored:eucalyptus_log":16,"regions_unexplored:barley":1,"minecraft:oak_stairs":7,"minecraft:pumpkin":9,"regions_unexplored:silver_birch_leaf_pile":5,"minecraft:string":11,"minecraft:moss_carpet":4,"minecraft:clay_ball":71,"minecraft:iron_boots":1,"iceandfire:dragon_skull_ice":1,"iceandfire:armor_copper_metal_helmet":1,"crittersandcompanions:silk":4,"divinerpg:arlemite_shickaxe":2,"divinerpg:realmite_shovel":2,"minecraft:stone":2,"minecraft:powder_snow_bucket":1,"minecraft:spruce_planks":16,"iceandfire:silver_ingot":3,"minecraft:carved_pumpkin":48,"minecraft:spider_eye":8,"divinerpg:realmite_boots":3,"minecraft:bow":4,"minecraft:magma_block":7,"regions_unexplored:silt_dirt":37,"regions_unexplored:blue_lupine":1,"minecraft:moss_block":3,"minecraft:oak_log":66,"minecraft:baked_potato":3,"divinerpg:realmite_shield":2,"minecraft:leather":9,"travelersbackpack:standard":3,"minecraft:flint":1,"regions_unexplored:red_maple_leaf_pile":6,"minecraft:snowball":609,"iceandfire:silver_hoe":4,"minecraft:armor_stand":1,"minecraft:gravel":1,"regions_unexplored:raw_redstone_block":1,"divinerpg:realmite_helmet":3,"securitycraft:taser":8,"minecraft:carrot":73,"divinerpg:terran_shards":13,"minecraft:gunpowder":5,"minecraft:skeleton_skull":1,"minecraft:beetroot_seeds":2,"minecraft:chest":1,"iceandfire:dread_knight_sword":2,"minecraft:arrow":34,"iceandfire:armor_copper_metal_leggings":1,"biomesoplenty:fir_button":1,"minecraft:water_bucket":9,"minecraft:bread":92,"minecraft:oak_slab":1,"minecraft:mossy_cobblestone":1,"divinerpg:realmite_axe":5,"iceandfire:armor_copper_metal_chestplate":1,"iceandfire:dragon_flute":1,"minecraft:stick":9,"mca:book_romance":2,"minecraft:diorite":63,"minecraft:torch":37,"minecraft:brown_wool":2,"tombstone:grave_dust":2,"minecraft:iron_leggings":4,"minecraft:iron_axe":2,"minecraft:cactus":3,"minecraft:bucket":2,"divinerpg:arlemite_boots":1,"minecraft:redstone":4,"regions_unexplored:stripped_eucalyptus_log":1,"alexsmobs:maggot":1,"minecraft:sweet_berries":52,"minecraft:raw_iron":52,"minecraft:light_gray_wool":3,"regions_unexplored:silver_birch_log":2,"iceandfire:dread_torch":7,"minecraft:shield":1,"minecraft:iron_chestplate":3,"minecraft:andesite":73,"minecraft:oak_sapling":1,"minecraft:slime_ball":10,"minecraft:stone_pickaxe":1,"minecraft:wooden_pickaxe":1},"minecraft:killed_by":{"minecraft:zombie":2,"iceandfire:ghost":2,"divinerpg:ender_spider":1,"minecraft:creeper":1,"divinerpg:kobblin":1,"iceandfire:dread_ghoul":4,"iceandfire:fire_dragon":1,"minecraft:player":18,"iceandfire:dread_scuttler":2,"iceandfire:dread_knight":3,"divinerpg:pumpkin_spider":1},"minecraft:killed":{"minecraft:cave_spider":5,"divinerpg:cave_crawler":7,"minecraft:skeleton":59,"friendsandfoes:glare":1,"minecraft:chicken":12,"iceandfire:dread_scuttler":8,"minecraft:salmon":8,"minecraft:iron_golem":1,"minecraft:pillager":3,"minecraft:zombie":54,"alexsmobs:rain_frog":3,"alexsmobs:roadrunner":2,"iceandfire:dread_ghoul":2,"minecraft:cow":30,"divinerpg:jungle_dramcryx":3,"mca:female_zombie_villager":1,"divinerpg:cyclops":3,"alexsmobs:raccoon":1,"divinerpg:glacon":2,"iceandfire:dread_knight":3,"divinerpg:rotatick":2,"divinerpg:kobblin":30,"divinerpg:pumpkin_spider":21,"divinerpg:miner":5,"iceandfire:ghost":19,"minecraft:enderman":1,"minecraft:spider":11,"minecraft:silverfish":4,"minecraft:pig":21,"minecraft:creeper":3,"minecraft:sheep":8,"crittersandcompanions:koi_fish":2,"iceandfire:dread_thrall":2,"naturalist:bass":7,"crittersandcompanions:otter":1,"crittersandcompanions:ferret":1,"divinerpg:frost":3,"alexsmobs:crow":2}},"DataVersion":3465}