{"stats":{"minecraft:mined":{"divinerpg:skeleton_wall_torch":1,"regions_unexplored:spruce_shrub":1,"minecraft:tuff":10,"minecraft:spruce_planks":15,"minecraft:white_bed":2,"iceandfire:silver_ore":8,"regions_unexplored:barley":2,"minecraft:deepslate_diamond_ore":1,"minecraft:oak_door":1,"divinerpg:arlemite_ore_deepslate":9,"divinerpg:realmite_ore":22,"minecraft:granite":4,"minecraft:grass_block":2,"minecraft:infested_cobblestone":2,"regions_unexplored:saguaro_cactus":1,"minecraft:spruce_leaves":4,"regions_unexplored:raw_redstone_block":1,"minecraft:tall_seagrass":1,"regions_unexplored:baobab_log":14,"minecraft:hay_block":65,"minecraft:glowstone":1,"minecraft:furnace":6,"minecraft:carrots":4,"minecraft:cobbled_deepslate":2,"minecraft:iron_ore":29,"minecraft:andesite":3,"regions_unexplored:eucalyptus_shrub":1,"minecraft:deepslate_iron_ore":10,"minecraft:vine":2,"minecraft:oak_stairs":2,"crittersandcompanions:silk_cocoon":1,"regions_unexplored:medium_grass":17,"regions_unexplored:stripped_eucalyptus_log":1,"regions_unexplored:small_oak_log":1,"minecraft:stone":245,"regions_unexplored:silt_grass_block":9,"regions_unexplored:redstone_bulb":1,"regions_unexplored:dead_steppe_shrub":1,"minecraft:oak_fence":1,"minecraft:crafting_table":7,"minecraft:torch":6,"regions_unexplored:silt_dirt":1,"regions_unexplored:small_desert_shrub":2,"iceandfire:ghost_chest":1,"minecraft:chest":1,"minecraft:copper_ore":16,"minecraft:tall_grass":48,"minecraft:cobblestone":6,"minecraft:deepslate_gold_ore":10,"minecraft:sugar_cane":7,"minecraft:oak_planks":13,"minecraft:diorite":4,"minecraft:wall_torch":16,"minecraft:coarse_dirt":1,"regions_unexplored:redstone_bud":2,"minecraft:wheat":3,"minecraft:spruce_log":4,"minecraft:grass":21,"regions_unexplored:eucalyptus_log":23,"minecraft:oak_log":30,"minecraft:coal_ore":142,"minecraft:beetroots":2,"minecraft:sand":1,"minecraft:dirt":1,"minecraft:oak_leaves":4,"minecraft:deepslate":155,"minecraft:fern":3},"minecraft:killed_by":{"iceandfire:ghost":1,"iceandfire:fire_dragon":1},"minecraft:used":{"minecraft:stone_sword":22,"minecraft:chest":6,"minecraft:spruce_planks":15,"minecraft:shield":5,"minecraft:stone":2,"minecraft:iron_chestplate":1,"minecraft:torch":21,"minecraft:dirt":3,"iceandfire:copper_sword":168,"minecraft:carrot":2,"regions_unexplored:eucalyptus_log":7,"minecraft:golden_shovel":4,"minecraft:tuff":7,"regions_unexplored:barley":3,"tombstone:ankh_of_pray":6,"divinerpg:arlemite_axe":44,"iceandfire:armor_silver_metal_leggings":1,"minecraft:iron_helmet":1,"minecraft:golden_carrot":2,"minecraft:oak_sapling":3,"minecraft:furnace":16,"tombstone:gift":4,"minecraft:cobbled_deepslate":78,"minecraft:water_bucket":17,"minecraft:diorite":1,"minecraft:oak_planks":34,"minecraft:stone_pickaxe":2,"divinerpg:realmite_shield":7,"regions_unexplored:dead_steppe_shrub":1,"minecraft:oak_slab":2,"minecraft:crafting_table":10,"divinerpg:arlemite_stabber":71,"minecraft:white_bed":2,"justhammers:iron_hammer":12,"minecraft:oak_log":1,"iceandfire:silver_pickaxe":460,"minecraft:apple":10,"minecraft:iron_pickaxe":226,"minecraft:bread":48,"divinerpg:arlemite_boots":1,"minecraft:stone_axe":70,"regions_unexplored:baobab_log":14,"iceandfire:silver_hoe":68,"minecraft:cobblestone":105,"minecraft:cooked_porkchop":5,"minecraft:bucket":18,"alexsmobs:animal_dictionary":1,"minecraft:coarse_dirt":1,"regions_unexplored:silt_dirt":6},"minecraft:crafted":{"minecraft:golden_carrot":2,"minecraft:oak_planks":120,"divinerpg:arlemite_boots":1,"minecraft:furnace":10,"minecraft:stone":5,"aether:golden_ring":1,"iceandfire:armor_silver_metal_leggings":1,"divinerpg:realmite_ingot":22,"minecraft:stone_pickaxe":1,"minecraft:chest":5,"tombstone:strange_scroll":1,"divinerpg:arlemite_axe":1,"divinerpg:arlemite_stabber":1,"minecraft:wheat":540,"minecraft:oak_slab":12,"iceandfire:silver_ingot":8,"minecraft:cooked_porkchop":5,"minecraft:crafting_table":5,"minecraft:spruce_planks":16,"minecraft:wooden_pickaxe":1,"minecraft:iron_helmet":1,"divinerpg:realmite_shield":1,"tombstone:ankh_of_pray":1,"minecraft:bucket":1,"minecraft:stone_axe":1,"minecraft:bread":180,"minecraft:air":0,"justhammers:iron_hammer":1,"minecraft:paper":3,"aether:golden_pendant":1,"minecraft:iron_chestplate":1,"minecraft:gold_nugget":18,"minecraft:shield":1,"minecraft:stick":32,"tombstone:grave_plate":1,"minecraft:iron_pickaxe":2,"minecraft:iron_ingot":35,"minecraft:stone_sword":1,"minecraft:gold_ingot":10,"minecraft:torch":8,"iceandfire:silver_pickaxe":1,"divinerpg:arlemite_ingot":9,"iceandfire:silver_hoe":1},"minecraft:custom":{"minecraft:mob_kills":47,"minecraft:interact_with_crafting_table":49,"minecraft:leave_game":2,"minecraft:time_since_death":77581,"minecraft:climb_one_cm":217,"minecraft:sprint_one_cm":386305,"minecraft:walk_one_cm":291084,"minecraft:damage_blocked_by_shield":360,"minecraft:drop":64,"minecraft:play_time":149833,"minecraft:deaths":3,"minecraft:sneak_time":13240,"minecraft:walk_under_water_one_cm":10578,"minecraft:interact_with_lectern":1,"tombstone:tomb_raiding":2,"minecraft:jump":3443,"minecraft:walk_on_water_one_cm":19752,"minecraft:total_world_time":149833,"minecraft:interact_with_furnace":110,"minecraft:interact_with_grindstone":1,"minecraft:sleep_in_bed":9,"minecraft:time_since_rest":50273,"minecraft:damage_taken":3183,"tombstone:sneak_grave":6,"minecraft:trigger_trapped_chest":4,"minecraft:damage_dealt":11964,"minecraft:swim_one_cm":60497,"minecraft:fly_one_cm":641014,"minecraft:player_kills":3,"minecraft:open_chest":132,"minecraft:crouch_one_cm":41456,"tombstone:undead_killed":23,"minecraft:fall_one_cm":95485},"minecraft:killed":{"divinerpg:jungle_dramcryx":3,"minecraft:spider":6,"minecraft:skeleton":6,"divinerpg:rotatick":1,"divinerpg:kobblin":4,"minecraft:silverfish":4,"minecraft:pig":2,"minecraft:iron_golem":1,"divinerpg:miner":2,"minecraft:zombie":8,"iceandfire:ghost":7,"minecraft:cow":3},"minecraft:picked_up":{"minecraft:crafting_table":7,"minecraft:coarse_dirt":1,"iceandfire:copper_sword":1,"regions_unexplored:silt_dirt":7,"minecraft:oak_stairs":2,"tombstone:grave_key":1,"regions_unexplored:stripped_eucalyptus_log":1,"iceandfire:manuscript":2,"iceandfire:silver_hoe":1,"minecraft:string":10,"minecraft:raw_copper":50,"regions_unexplored:spruce_shrub":1,"minecraft:cobbled_deepslate":158,"minecraft:spruce_planks":31,"minecraft:beef":8,"minecraft:iron_nugget":1,"divinerpg:raw_arlemite":9,"minecraft:sugar_cane":16,"minecraft:chest":1,"crittersandcompanions:clam":1,"minecraft:furnace":6,"minecraft:stick":1,"minecraft:raw_iron":39,"iceandfire:ghost_chest":1,"minecraft:stone":1,"minecraft:oak_door":1,"minecraft:oak_fence":1,"minecraft:copper_ingot":2,"minecraft:torch":23,"divinerpg:terran_shards":3,"minecraft:porkchop":5,"tombstone:grave_dust":4,"minecraft:diorite":30,"minecraft:carrot":4,"minecraft:redstone":6,"regions_unexplored:barley":3,"divinerpg:jungle_shards":5,"minecraft:arrow":5,"iceandfire:silver_ingot":5,"minecraft:rotten_flesh":26,"regions_unexplored:redstone_bulb":3,"minecraft:beetroot_seeds":2,"regions_unexplored:eucalyptus_shrub":1,"crittersandcompanions:silk":3,"divinerpg:raw_realmite":22,"minecraft:hay_block":60,"minecraft:cobblestone":249,"regions_unexplored:eucalyptus_log":23,"minecraft:leather":5,"regions_unexplored:dead_steppe_shrub":1,"minecraft:tuff":10,"minecraft:oak_log":30,"iceandfire:ectoplasm":5,"mca:book_romance":1,"minecraft:dirt":3,"tombstone:gift":1,"minecraft:bone":9,"minecraft:bow":1,"minecraft:wheat_seeds":14,"minecraft:raw_gold":10,"minecraft:iron_ingot":5,"minecraft:cobweb":2,"minecraft:glowstone_dust":3,"minecraft:oak_planks":13,"minecraft:oak_pressure_plate":1,"minecraft:white_bed":2,"minecraft:spruce_log":4,"minecraft:spider_eye":2,"minecraft:diamond":2,"minecraft:bread":2,"alexsmobs:maggot":1,"regions_unexplored:baobab_log":14,"minecraft:oak_sapling":3,"minecraft:coal":173,"iceandfire:raw_silver":8,"regions_unexplored:small_oak_log":1},"minecraft:dropped":{"minecraft:bread":1,"minecraft:wheat_seeds":10,"crittersandcompanions:clam":1,"minecraft:stick":1,"minecraft:cobweb":2,"mca:book_romance":2,"minecraft:diorite":26,"regions_unexplored:eucalyptus_log":16,"minecraft:torch":2,"minecraft:writable_book":1,"minecraft:string":3,"iceandfire:silver_hoe":1,"regions_unexplored:redstone_bulb":3,"minecraft:bone":2,"minecraft:redstone":4,"regions_unexplored:eucalyptus_shrub":1,"regions_unexplored:stripped_eucalyptus_log":1,"alexsmobs:maggot":1,"minecraft:iron_nugget":1,"alexsmobs:animal_dictionary":2,"minecraft:rotten_flesh":19,"minecraft:oak_planks":24,"divinerpg:terran_shards":1,"crittersandcompanions:silk":3,"minecraft:stone":2,"minecraft:spruce_planks":16,"minecraft:beetroot_seeds":2,"minecraft:arrow":3,"minecraft:wooden_pickaxe":1,"regions_unexplored:silt_dirt":1},"minecraft:broken":{"iceandfire:silver_pickaxe":1}},"DataVersion":3465}