{"stats":{"minecraft:mined":{"divinerpg:skeleton_wall_torch":1,"minecraft:spruce_planks":17,"minecraft:white_bed":2,"minecraft:farmland":2,"regions_unexplored:blue_lupine":1,"regions_unexplored:joshua_beard":1,"minecraft:cobblestone_stairs":2,"regions_unexplored:magnolia_log":13,"divinerpg:realmite_ore":28,"minecraft:obsidian":22,"minecraft:spruce_trapdoor":2,"minecraft:cave_vines_plant":1,"minecraft:granite":15,"biomesoplenty:fir_slab":109,"minecraft:grass_block":588,"minecraft:infested_cobblestone":2,"minecraft:oxeye_daisy":4,"minecraft:spawner":6,"minecraft:tall_seagrass":1,"regions_unexplored:stone_bud":1,"minecraft:glowstone":1,"minecraft:iron_ore":70,"minecraft:fire":8,"minecraft:cobbled_deepslate":9,"minecraft:moss_carpet":2,"minecraft:pumpkin":2,"minecraft:enchanting_table":1,"minecraft:cave_vines":1,"minecraft:dirt_path":42,"minecraft:oak_stairs":16,"minecraft:iron_bars":2,"minecraft:light_gray_concrete":25,"minecraft:azalea":1,"regions_unexplored:silt_grass_block":60,"minecraft:spruce_slab":4,"minecraft:tripwire":4,"regions_unexplored:dead_steppe_shrub":1,"minecraft:powder_snow":3,"minecraft:chiseled_quartz_block":3,"minecraft:torch":49,"minecraft:poppy":1,"minecraft:calcite":3,"regions_unexplored:small_desert_shrub":2,"iceandfire:ghost_chest":3,"minecraft:chest":6,"minecraft:dead_bush":1,"minecraft:cobblestone":139,"minecraft:oak_planks":48,"minecraft:grindstone":2,"minecraft:sugar_cane":241,"regions_unexplored:bamboo_log":1,"minecraft:wall_torch":19,"minecraft:amethyst_block":5,"minecraft:skeleton_skull":1,"minecraft:white_terracotta":1,"minecraft:repeater":1,"minecraft:wheat":5,"biomesoplenty:fir_log":369,"minecraft:smooth_stone_slab":8,"regions_unexplored:joshua_log":2,"minecraft:grass":209,"biomesoplenty:clover":2,"minecraft:oak_log":46,"regions_unexplored:eucalyptus_log":23,"minecraft:beetroots":2,"minecraft:dirt":182,"minecraft:sand":14,"minecraft:smooth_quartz":5,"minecraft:sandstone_wall":1,"regions_unexplored:clover":1,"minecraft:smooth_basalt":2,"minecraft:tripwire_hook":2,"iceandfire:dread_stone_bricks":1,"minecraft:oak_leaves":13,"minecraft:deepslate":263,"regions_unexplored:spruce_shrub":1,"minecraft:tuff":13,"iceandfire:silver_ore":21,"biomesoplenty:fir_button":1,"minecraft:mossy_cobblestone":13,"regions_unexplored:barley":18,"minecraft:deepslate_diamond_ore":5,"minecraft:oak_door":3,"minecraft:glow_lichen":1,"divinerpg:arlemite_ore_deepslate":30,"minecraft:redstone_wire":8,"iceandfire:deepslate_silver_ore":7,"divinerpg:divine_leaves":1,"regions_unexplored:saguaro_cactus":1,"minecraft:spruce_leaves":8,"regions_unexplored:raw_redstone_block":2,"minecraft:rooted_dirt":11,"minecraft:large_fern":2,"minecraft:hay_block":65,"regions_unexplored:baobab_log":14,"minecraft:furnace":11,"minecraft:carrots":4,"biomesoplenty:toadstool":4,"minecraft:andesite":28,"biomesoplenty:fir_wall_sign":1,"regions_unexplored:eucalyptus_shrub":1,"minecraft:deepslate_iron_ore":20,"minecraft:vine":2,"crittersandcompanions:silk_cocoon":1,"regions_unexplored:apple_oak_leaves":4,"regions_unexplored:medium_grass":43,"minecraft:stone":535,"regions_unexplored:stripped_eucalyptus_log":1,"regions_unexplored:small_oak_log":1,"biomesoplenty:spider_egg":1,"regions_unexplored:redstone_bulb":1,"regions_unexplored:barrel_cactus":3,"minecraft:gray_concrete":12,"minecraft:redstone_block":1,"minecraft:glass_pane":2,"minecraft:hanging_roots":2,"regions_unexplored:silver_birch_leaf_pile":3,"minecraft:dandelion":3,"minecraft:oak_fence":4,"biomesoplenty:black_sand":1,"minecraft:spruce_door":1,"travelersbackpack:standard":4,"minecraft:crafting_table":16,"minecraft:cornflower":2,"regions_unexplored:silt_dirt":21,"minecraft:copper_ore":20,"minecraft:tall_grass":87,"minecraft:lapis_ore":4,"biomesoplenty:huge_clover_petal":4,"minecraft:deepslate_gold_ore":18,"divinerpg:rupee_ore_deepslate":2,"minecraft:diorite":26,"minecraft:blue_bed":1,"minecraft:spruce_stairs":2,"minecraft:cactus":1,"minecraft:coarse_dirt":1,"minecraft:cobblestone_wall":1,"regions_unexplored:redstone_bud":2,"minecraft:sweet_berry_bush":59,"minecraft:spruce_log":33,"regions_unexplored:red_maple_leaf_pile":1,"minecraft:white_wall_banner":1,"minecraft:coal_ore":213,"biomesoplenty:fir_leaves":255,"regions_unexplored:palm_log":8,"minecraft:gravel":13,"minecraft:cobweb":18,"minecraft:cracked_stone_bricks":2,"minecraft:stone_bricks":2,"minecraft:gold_ore":2,"regions_unexplored:tassel":1,"minecraft:fern":185},"minecraft:crafted":{"minecraft:oak_planks":236,"minecraft:stone":12,"divinerpg:arlemite_pickaxe":1,"aether:golden_ring":1,"minecraft:glass":12,"iceandfire:armor_silver_metal_chestplate":1,"minecraft:bow":1,"minecraft:iron_boots":1,"divinerpg:terran_stone":3,"iceandfire:armor_silver_metal_leggings":2,"biomesoplenty:fir_slab":1344,"minecraft:chest":23,"divinerpg:arlemite_stabber":1,"divinerpg:arlemite_shickaxe":1,"regions_unexplored:palm_planks":32,"minecraft:oak_slab":12,"minecraft:emerald":16,"minecraft:cooked_porkchop":12,"minecraft:crafting_table":8,"minecraft:spruce_planks":192,"travelersbackpack:standard":1,"minecraft:wooden_pickaxe":1,"minecraft:baked_potato":3,"minecraft:iron_helmet":3,"tombstone:impregnated_diamond":1,"divinerpg:realmite_shield":1,"minecraft:smithing_table":1,"minecraft:fletching_table":1,"minecraft:gold_block":2,"minecraft:campfire":9,"biomesoplenty:fir_planks":1096,"divinerpg:hot_pumpkin_pie":3,"minecraft:iron_chestplate":2,"minecraft:book":3,"minecraft:paper":12,"minecraft:shield":1,"minecraft:stick":656,"minecraft:iron_ingot":213,"minecraft:iron_pickaxe":3,"minecraft:iron_block":10,"minecraft:stone_sword":1,"minecraft:gold_ingot":54,"naturalist:cooked_egg":1,"divinerpg:shuriken":80,"minecraft:golden_carrot":2,"divinerpg:arlemite_shovel":1,"divinerpg:arlemite_boots":1,"minecraft:iron_nugget":27,"tombstone:strange_tablet":1,"divinerpg:arlemite_hoe":1,"minecraft:furnace":20,"tombstone:blue_marble":2,"minecraft:bone_meal":3,"regions_unexplored:joshua_planks":8,"travelersbackpack:white_sleeping_bag":1,"divinerpg:realmite_ingot":51,"biomemakeover:crude_cladding":1,"minecraft:spruce_slab":288,"minecraft:stone_pickaxe":1,"iceandfire:armor_silver_metal_boots":1,"divinerpg:realmite_block":5,"divinerpg:bacon":24,"regions_unexplored:magnolia_planks":52,"divinerpg:arlemite_axe":1,"tombstone:strange_scroll":1,"minecraft:wheat":540,"minecraft:cooked_beef":26,"divinerpg:rupee_rapier":1,"divinerpg:rupee_ingot":2,"iceandfire:silver_ingot":32,"minecraft:enchanting_table":1,"travelersbackpack:backpack_tank":2,"minecraft:iron_sword":1,"tombstone:ankh_of_pray":1,"securitycraft:taser":1,"iceandfire:silver_block":1,"minecraft:bucket":2,"minecraft:stone_axe":1,"minecraft:air":0,"minecraft:bread":180,"biomesoplenty:fir_sign":30,"iceandfire:armor_silver_metal_helmet":1,"divinerpg:terran_dagger":1,"justhammers:iron_hammer":2,"aether:golden_pendant":1,"minecraft:golden_apple":3,"minecraft:gold_nugget":18,"tombstone:grave_plate":1,"minecraft:torch":148,"iceandfire:silver_pickaxe":1,"tombstone:bone_needle":1,"divinerpg:arlemite_ingot":30,"iceandfire:silver_hoe":1},"minecraft:picked_up":{"regions_unexplored:small_oak_log":1,"iceandfire:dread_stone_bricks":1,"minecraft:redstone_block":1,"iceandfire:copper_sword":2,"regions_unexplored:magnolia_log":13,"securitycraft:taser":8,"regions_unexplored:silt_dirt":87,"minecraft:oak_stairs":3,"tombstone:grave_key":1,"regions_unexplored:stripped_eucalyptus_log":1,"iceandfire:armor_silver_metal_chestplate":1,"iceandfire:manuscript":2,"minecraft:string":53,"minecraft:raw_copper":66,"minecraft:smooth_stone_slab":15,"minecraft:iron_leggings":4,"biomesoplenty:fir_sign":1,"minecraft:cobbled_deepslate":439,"minecraft:spruce_planks":33,"crittersandcompanions:koi_fish":1,"minecraft:azalea":1,"minecraft:iron_pickaxe":2,"minecraft:smooth_quartz":3,"divinerpg:raw_arlemite":30,"alexsmobs:raccoon_tail":1,"minecraft:iron_boots":1,"minecraft:furnace":9,"minecraft:stick":30,"iceandfire:ghost_chest":3,"divinerpg:terran_dagger":6,"minecraft:oak_fence":1,"minecraft:torch":83,"minecraft:spruce_stairs":2,"minecraft:sandstone_wall":1,"minecraft:porkchop":27,"tombstone:bone_needle":1,"tombstone:grave_dust":26,"minecraft:diorite":68,"regions_unexplored:raw_redstone_block":1,"regions_unexplored:barley":10,"divinerpg:realmite_boots":1,"divinerpg:ice_shards":11,"minecraft:cactus":3,"minecraft:rotten_flesh":61,"minecraft:carved_pumpkin":48,"biomesoplenty:fir_slab":126,"minecraft:white_terracotta":1,"minecraft:obsidian":20,"minecraft:iron_bars":1,"minecraft:snowball":521,"minecraft:cobblestone":1706,"minecraft:enchanting_table":1,"minecraft:feather":8,"minecraft:cooked_beef":2,"minecraft:repeater":1,"minecraft:andesite":50,"minecraft:water_bucket":15,"divinerpg:tomato":4,"divinerpg:realmite_axe":1,"minecraft:potato":1,"biomesoplenty:fir_log":364,"biomesoplenty:fir_sapling":25,"regions_unexplored:dead_steppe_shrub":1,"minecraft:flint":3,"minecraft:tuff":13,"minecraft:dirt":819,"minecraft:gray_concrete":12,"minecraft:lapis_lazuli":99,"biomemakeover:crude_fragment":5,"minecraft:bone":66,"minecraft:bow":5,"minecraft:wheat_seeds":87,"minecraft:raw_gold":26,"biomemakeover:cladded_leggings":1,"minecraft:grindstone":2,"minecraft:glowstone_dust":3,"minecraft:oak_planks":75,"divinerpg:realmite_shield":4,"divinerpg:realmite_pickaxe":1,"divinerpg:realmite_ingot":3,"biomesoplenty:toadstool":9,"minecraft:oak_pressure_plate":1,"minecraft:sand":12,"regions_unexplored:palm_log":8,"minecraft:mossy_cobblestone":22,"minecraft:light_gray_concrete":25,"minecraft:yellow_carpet":5,"minecraft:diamond":6,"regions_unexplored:clover":1,"minecraft:crossbow":3,"minecraft:granite":24,"minecraft:bone_meal":2,"minecraft:bread":35,"minecraft:rooted_dirt":11,"alexsmobs:maggot":1,"minecraft:oak_sapling":5,"iceandfire:raw_silver":32,"divinerpg:realmite_shovel":1,"regions_unexplored:baobab_log":14,"minecraft:coarse_dirt":1,"minecraft:crafting_table":16,"minecraft:chicken":4,"divinerpg:arlemite_shickaxe":4,"regions_unexplored:red_maple_leaf_pile":5,"minecraft:moss_carpet":2,"minecraft:cornflower":7,"iceandfire:silver_hoe":3,"divinerpg:realmite_helmet":2,"regions_unexplored:poppy_bush":1,"minecraft:iron_axe":1,"regions_unexplored:spruce_shrub":1,"biomesoplenty:black_sand":1,"minecraft:beef":28,"minecraft:iron_nugget":1,"minecraft:poppy":6,"minecraft:spruce_slab":5,"minecraft:sugar_cane":349,"minecraft:chest":6,"minecraft:spruce_trapdoor":2,"crittersandcompanions:clam":1,"minecraft:egg":4,"minecraft:raw_iron":119,"minecraft:stone":1,"regions_unexplored:silver_birch_leaf_pile":5,"minecraft:oak_door":2,"minecraft:copper_ingot":2,"divinerpg:terran_shards":32,"regions_unexplored:blue_lupine":1,"minecraft:carrot":4,"minecraft:redstone":31,"divinerpg:ice_stone":1,"iceandfire:silver_ingot":5,"minecraft:arrow":59,"divinerpg:jungle_shards":5,"regions_unexplored:mauve_sapling":1,"regions_unexplored:redstone_bulb":3,"regions_unexplored:joshua_log":2,"minecraft:beetroot_seeds":2,"regions_unexplored:eucalyptus_shrub":1,"crittersandcompanions:silk":6,"divinerpg:raw_realmite":51,"minecraft:hay_block":60,"minecraft:gold_ingot":1,"minecraft:glow_berries":1,"minecraft:skeleton_skull":2,"minecraft:white_wool":3,"minecraft:oxeye_daisy":9,"divinerpg:raw_rupee":2,"regions_unexplored:eucalyptus_log":23,"minecraft:tripwire_hook":2,"biomesoplenty:fir_button":3,"minecraft:salmon":8,"twilightforest:experiment_115":3,"minecraft:leather":13,"minecraft:oak_log":43,"iceandfire:ectoplasm":13,"minecraft:cobblestone_wall":1,"minecraft:gunpowder":3,"minecraft:cobblestone_stairs":2,"mca:book_romance":1,"regions_unexplored:tassel":1,"minecraft:blue_bed":1,"tombstone:gift":1,"minecraft:white_banner":3,"naturalist:bass":6,"minecraft:apple":44,"minecraft:iron_ingot":5,"minecraft:cobweb":2,"minecraft:iron_sword":2,"regions_unexplored:yellow_lupine":2,"minecraft:pumpkin":26,"minecraft:sweet_berries":234,"minecraft:dandelion":6,"minecraft:gravel":9,"minecraft:white_bed":2,"minecraft:spruce_log":33,"minecraft:spider_eye":14,"minecraft:spruce_door":2,"biomemakeover:cladding_upgrade_smithing_template":2,"travelersbackpack:standard":7,"biomemakeover:cladded_boots":1,"minecraft:slime_ball":7,"tombstone:scroll_of_knowledge":1,"minecraft:iron_helmet":4,"minecraft:coal":288},"minecraft:used":{"minecraft:moss_carpet":1,"minecraft:spruce_slab":150,"minecraft:chest":28,"minecraft:shield":5,"minecraft:stone":2,"minecraft:iron_sword":74,"biomesoplenty:fir_button":1,"minecraft:iron_chestplate":4,"crittersandcompanions:koi_fish":1,"minecraft:carrot":2,"regions_unexplored:mauve_sapling":1,"minecraft:tuff":10,"minecraft:snowball":109,"minecraft:obsidian":24,"regions_unexplored:barley":7,"minecraft:iron_helmet":3,"iceandfire:ghost_chest":2,"iceandfire:armor_silver_metal_leggings":1,"divinerpg:arlemite_shickaxe":2150,"minecraft:bow":3,"minecraft:sweet_berries":210,"minecraft:oak_sapling":4,"minecraft:furnace":28,"minecraft:egg":2,"minecraft:diorite":1,"minecraft:spruce_door":2,"minecraft:oak_planks":112,"minecraft:stone_pickaxe":2,"naturalist:cooked_egg":1,"minecraft:sugar_cane":129,"minecraft:blue_bed":1,"regions_unexplored:joshua_planks":3,"minecraft:golden_apple":2,"regions_unexplored:tassel":1,"minecraft:crossbow":8,"minecraft:gray_concrete":12,"divinerpg:rupee_rapier":310,"iceandfire:silver_pickaxe":460,"iceandfire:armor_copper_metal_chestplate":1,"minecraft:light_gray_concrete":15,"minecraft:bread":205,"divinerpg:arlemite_boots":1,"minecraft:gravel":6,"regions_unexplored:baobab_log":14,"minecraft:andesite":1,"minecraft:smithing_table":1,"biomesoplenty:fir_sign":1,"minecraft:coarse_dirt":1,"divinerpg:bacon":24,"minecraft:stone_sword":22,"minecraft:enchanting_table":1,"divinerpg:realmite_pickaxe":184,"minecraft:spruce_planks":47,"divinerpg:terran_dagger":555,"minecraft:torch":183,"minecraft:dirt":781,"iceandfire:copper_sword":216,"regions_unexplored:clover":1,"regions_unexplored:eucalyptus_log":7,"minecraft:golden_shovel":4,"tombstone:ankh_of_pray":18,"divinerpg:arlemite_axe":74,"minecraft:golden_carrot":2,"tombstone:gift":12,"minecraft:cooked_beef":20,"minecraft:pumpkin":6,"minecraft:cobbled_deepslate":428,"biomesoplenty:black_sand":1,"minecraft:water_bucket":296,"naturalist:bass":6,"minecraft:cobblestone_stairs":1,"minecraft:wheat_seeds":36,"minecraft:baked_potato":3,"divinerpg:tomato":4,"minecraft:fletching_table":1,"divinerpg:realmite_shield":33,"minecraft:salmon":8,"regions_unexplored:dead_steppe_shrub":1,"minecraft:mossy_cobblestone":2,"biomesoplenty:fir_slab":918,"minecraft:oak_slab":2,"minecraft:crafting_table":21,"divinerpg:arlemite_stabber":448,"biomemakeover:cladded_leggings":1,"minecraft:white_bed":2,"minecraft:campfire":9,"regions_unexplored:magnolia_planks":11,"justhammers:iron_hammer":193,"iceandfire:armor_silver_metal_chestplate":1,"minecraft:oak_log":8,"minecraft:apple":37,"minecraft:chicken":4,"minecraft:iron_pickaxe":604,"divinerpg:realmite_shovel":3,"minecraft:stone_axe":70,"travelersbackpack:standard":6,"iceandfire:silver_hoe":68,"minecraft:cobblestone":1591,"minecraft:potion":1,"minecraft:porkchop":2,"minecraft:white_banner":2,"minecraft:cooked_porkchop":12,"minecraft:bucket":303,"divinerpg:hot_pumpkin_pie":3,"alexsmobs:animal_dictionary":1,"minecraft:wither_rose":2,"biomesoplenty:fir_log":59,"regions_unexplored:silt_dirt":35},"minecraft:custom":{"minecraft:interact_with_crafting_table":133,"minecraft:open_shulker_box":5,"minecraft:leave_game":12,"minecraft:time_since_death":1896,"minecraft:sprint_one_cm":1940145,"minecraft:damage_blocked_by_shield":1205,"minecraft:drop":482,"minecraft:play_time":731861,"minecraft:deaths":36,"tombstone:tomb_raiding":9,"minecraft:jump":14976,"minecraft:walk_on_water_one_cm":141764,"minecraft:interact_with_furnace":369,"minecraft:traded_with_villager":16,"minecraft:sleep_in_bed":20,"tombstone:sneak_grave":15,"minecraft:damage_dealt":73110,"minecraft:player_kills":35,"minecraft:crouch_one_cm":190851,"tombstone:undead_killed":135,"minecraft:inspect_dispenser":1,"minecraft:interact_with_smithing_table":5,"minecraft:mob_kills":282,"minecraft:interact_with_campfire":2,"minecraft:climb_one_cm":35059,"minecraft:walk_one_cm":1722856,"minecraft:sneak_time":48771,"minecraft:walk_under_water_one_cm":132199,"minecraft:interact_with_lectern":1,"minecraft:interact_with_blast_furnace":1,"minecraft:total_world_time":731861,"tombstone:raider_killed":3,"minecraft:interact_with_grindstone":1,"minecraft:time_since_rest":1535,"minecraft:damage_taken":27211,"minecraft:damage_absorbed":81,"minecraft:trigger_trapped_chest":6,"minecraft:swim_one_cm":813392,"minecraft:fly_one_cm":2554266,"minecraft:open_chest":1005,"minecraft:fall_one_cm":452187},"minecraft:broken":{"divinerpg:terran_dagger":1,"iceandfire:silver_pickaxe":1,"iceandfire:armor_silver_metal_chestplate":1,"iceandfire:armor_silver_metal_leggings":1,"biomemakeover:cladded_leggings":1,"justhammers:iron_hammer":1,"aether:iron_gloves":1,"minecraft:iron_pickaxe":1,"minecraft:iron_helmet":1},"minecraft:dropped":{"minecraft:iron_sword":3,"iceandfire:raw_silver":7,"minecraft:moss_block":3,"minecraft:porkchop":9,"minecraft:cooked_beef":7,"crittersandcompanions:clam":1,"minecraft:oak_log":66,"minecraft:baked_potato":3,"minecraft:glass_bottle":1,"divinerpg:realmite_shield":2,"minecraft:crossbow":2,"minecraft:leather":9,"iceandfire:ectoplasm":4,"travelersbackpack:standard":3,"minecraft:flint":1,"regions_unexplored:red_maple_leaf_pile":6,"minecraft:dirt":20,"minecraft:snowball":609,"iceandfire:armor_copper_metal_boots":1,"iceandfire:dread_stone_bricks":1,"tombstone:bone_needle":2,"minecraft:writable_book":1,"minecraft:bone_meal":1,"minecraft:iron_pickaxe":2,"iceandfire:armor_silver_metal_helmet":1,"iceandfire:silver_hoe":4,"divinerpg:realmite_ingot":34,"alexsmobs:raccoon_tail":1,"minecraft:white_wool":8,"divinerpg:realmite_chestplate":2,"regions_unexplored:redstone_bulb":3,"minecraft:bone":53,"minecraft:armor_stand":1,"minecraft:gravel":1,"regions_unexplored:eucalyptus_shrub":1,"biomesoplenty:toadstool":1,"regions_unexplored:raw_redstone_block":1,"minecraft:sugar_cane":11,"minecraft:iron_nugget":1,"minecraft:cobbled_deepslate":20,"alexsmobs:animal_dictionary":2,"divinerpg:realmite_helmet":3,"minecraft:rotten_flesh":38,"securitycraft:taser":7,"minecraft:oak_planks":50,"divinerpg:realmite_leggings":2,"justhammers:iron_hammer":1,"divinerpg:terran_shards":11,"iceandfire:shiny_scales":4,"alexsmobs:leafcutter_ant_pupa":1,"iceandfire:ghost_chest":1,"minecraft:gunpowder":5,"minecraft:skeleton_skull":1,"minecraft:beetroot_seeds":2,"minecraft:chest":1,"tombstone:scroll_of_knowledge":1,"minecraft:arrow":34,"iceandfire:armor_copper_metal_leggings":1,"biomesoplenty:fir_button":1,"minecraft:egg":1,"minecraft:water_bucket":9,"minecraft:enchanted_book":1,"minecraft:bread":92,"minecraft:oak_slab":1,"minecraft:wheat_seeds":54,"minecraft:mossy_cobblestone":1,"divinerpg:ice_shards":4,"minecraft:cobblestone":526,"minecraft:feather":4,"divinerpg:realmite_axe":5,"iceandfire:armor_copper_metal_chestplate":1,"divinerpg:terran_dagger":1,"minecraft:oak_fence":4,"minecraft:iron_helmet":8,"minecraft:granite":39,"naturalist:glow_goop":2,"minecraft:coal":40,"minecraft:yellow_carpet":8,"minecraft:stick":9,"minecraft:cobweb":2,"mca:book_romance":2,"minecraft:diorite":63,"minecraft:torch":31,"regions_unexplored:eucalyptus_log":16,"regions_unexplored:barley":1,"tombstone:grave_dust":2,"minecraft:iron_leggings":4,"minecraft:oak_stairs":7,"minecraft:pumpkin":9,"minecraft:iron_axe":2,"minecraft:cactus":3,"regions_unexplored:silver_birch_leaf_pile":5,"minecraft:string":11,"minecraft:bucket":2,"divinerpg:arlemite_boots":1,"minecraft:redstone":4,"minecraft:sweet_berries":51,"regions_unexplored:stripped_eucalyptus_log":1,"minecraft:moss_carpet":4,"alexsmobs:maggot":1,"minecraft:raw_iron":52,"minecraft:light_gray_wool":3,"minecraft:clay_ball":71,"minecraft:iron_boots":1,"iceandfire:armor_copper_metal_helmet":1,"divinerpg:arlemite_shickaxe":2,"crittersandcompanions:silk":4,"divinerpg:realmite_shovel":2,"minecraft:stone":2,"minecraft:shield":1,"minecraft:spruce_planks":16,"minecraft:iron_chestplate":3,"minecraft:andesite":73,"minecraft:oak_sapling":1,"minecraft:carved_pumpkin":48,"minecraft:spider_eye":6,"minecraft:slime_ball":10,"divinerpg:realmite_boots":3,"minecraft:bow":4,"minecraft:stone_pickaxe":1,"minecraft:wooden_pickaxe":1,"minecraft:magma_block":7,"regions_unexplored:silt_dirt":37,"regions_unexplored:blue_lupine":1},"minecraft:killed_by":{"minecraft:creeper":1,"divinerpg:kobblin":1,"minecraft:zombie":2,"iceandfire:fire_dragon":1,"minecraft:player":17,"iceandfire:ghost":2,"divinerpg:ender_spider":1,"divinerpg:pumpkin_spider":1},"minecraft:killed":{"minecraft:cave_spider":5,"divinerpg:cave_crawler":6,"minecraft:spider":11,"minecraft:skeleton":59,"friendsandfoes:glare":1,"minecraft:chicken":4,"minecraft:silverfish":4,"minecraft:pig":12,"minecraft:salmon":8,"minecraft:iron_golem":1,"minecraft:creeper":3,"minecraft:pillager":3,"minecraft:zombie":49,"alexsmobs:rain_frog":3,"alexsmobs:roadrunner":2,"crittersandcompanions:koi_fish":2,"minecraft:cow":12,"divinerpg:jungle_dramcryx":3,"mca:female_zombie_villager":1,"alexsmobs:raccoon":1,"divinerpg:glacon":1,"iceandfire:dread_thrall":2,"divinerpg:rotatick":2,"naturalist:bass":7,"divinerpg:kobblin":27,"crittersandcompanions:otter":1,"crittersandcompanions:ferret":1,"divinerpg:pumpkin_spider":19,"divinerpg:miner":5,"iceandfire:ghost":19,"alexsmobs:crow":2,"divinerpg:frost":2}},"DataVersion":3465}