{"stats":{"minecraft:mined":{"regions_unexplored:spruce_shrub":1,"minecraft:tuff":10,"minecraft:spruce_planks":15,"minecraft:white_bed":1,"iceandfire:silver_ore":8,"regions_unexplored:barley":2,"minecraft:deepslate_diamond_ore":1,"minecraft:oak_door":1,"divinerpg:arlemite_ore_deepslate":9,"divinerpg:realmite_ore":22,"minecraft:granite":4,"minecraft:grass_block":2,"minecraft:infested_cobblestone":2,"minecraft:spruce_leaves":4,"regions_unexplored:raw_redstone_block":1,"minecraft:hay_block":65,"minecraft:glowstone":1,"minecraft:furnace":3,"minecraft:carrots":4,"minecraft:cobbled_deepslate":2,"minecraft:iron_ore":23,"minecraft:andesite":3,"minecraft:deepslate_iron_ore":10,"minecraft:vine":1,"minecraft:oak_stairs":2,"regions_unexplored:medium_grass":15,"regions_unexplored:small_oak_log":1,"minecraft:stone":242,"regions_unexplored:silt_grass_block":8,"regions_unexplored:redstone_bulb":1,"minecraft:oak_fence":1,"minecraft:crafting_table":3,"minecraft:torch":6,"regions_unexplored:silt_dirt":1,"iceandfire:ghost_chest":1,"minecraft:copper_ore":16,"minecraft:tall_grass":44,"minecraft:cobblestone":2,"minecraft:deepslate_gold_ore":10,"minecraft:sugar_cane":3,"minecraft:oak_planks":13,"minecraft:diorite":4,"minecraft:wall_torch":9,"minecraft:coarse_dirt":1,"regions_unexplored:redstone_bud":2,"minecraft:wheat":3,"minecraft:spruce_log":4,"minecraft:grass":19,"minecraft:oak_log":29,"minecraft:coal_ore":115,"minecraft:beetroots":2,"minecraft:dirt":1,"minecraft:oak_leaves":4,"minecraft:deepslate":155,"minecraft:fern":2},"minecraft:killed_by":{"iceandfire:ghost":1,"iceandfire:fire_dragon":1},"minecraft:used":{"minecraft:stone_sword":22,"minecraft:chest":1,"minecraft:spruce_planks":15,"minecraft:shield":5,"minecraft:stone":2,"minecraft:iron_chestplate":1,"minecraft:torch":15,"minecraft:dirt":3,"iceandfire:copper_sword":168,"minecraft:carrot":2,"minecraft:golden_shovel":4,"minecraft:tuff":7,"regions_unexplored:barley":3,"iceandfire:armor_silver_metal_leggings":1,"minecraft:iron_helmet":1,"minecraft:golden_carrot":2,"minecraft:oak_sapling":3,"minecraft:furnace":5,"tombstone:gift":4,"minecraft:cobbled_deepslate":78,"minecraft:diorite":1,"minecraft:oak_planks":34,"minecraft:stone_pickaxe":2,"minecraft:crafting_table":8,"minecraft:white_bed":1,"iceandfire:silver_pickaxe":460,"minecraft:apple":10,"minecraft:iron_pickaxe":184,"minecraft:bread":28,"minecraft:stone_axe":65,"iceandfire:silver_hoe":68,"minecraft:cobblestone":34,"minecraft:cooked_porkchop":5,"alexsmobs:animal_dictionary":1,"minecraft:coarse_dirt":1,"regions_unexplored:silt_dirt":6},"minecraft:crafted":{"minecraft:golden_carrot":2,"minecraft:oak_planks":60,"minecraft:furnace":2,"minecraft:stone":5,"iceandfire:armor_silver_metal_leggings":1,"minecraft:stone_pickaxe":1,"minecraft:chest":1,"minecraft:wheat":540,"iceandfire:silver_ingot":8,"minecraft:cooked_porkchop":5,"minecraft:crafting_table":4,"minecraft:spruce_planks":16,"minecraft:wooden_pickaxe":1,"minecraft:iron_helmet":1,"minecraft:stone_axe":1,"minecraft:bread":180,"minecraft:air":0,"minecraft:iron_chestplate":1,"minecraft:gold_nugget":18,"minecraft:shield":1,"minecraft:stick":16,"tombstone:grave_plate":1,"minecraft:iron_ingot":22,"minecraft:stone_sword":1,"minecraft:torch":8,"iceandfire:silver_pickaxe":1,"iceandfire:silver_hoe":1},"minecraft:custom":{"minecraft:mob_kills":34,"minecraft:interact_with_crafting_table":29,"minecraft:leave_game":2,"minecraft:time_since_death":23581,"minecraft:climb_one_cm":25,"minecraft:sprint_one_cm":286248,"minecraft:walk_one_cm":225524,"minecraft:damage_blocked_by_shield":140,"minecraft:drop":35,"minecraft:play_time":95833,"minecraft:deaths":3,"minecraft:sneak_time":10616,"minecraft:walk_under_water_one_cm":7014,"tombstone:tomb_raiding":2,"minecraft:jump":2496,"minecraft:walk_on_water_one_cm":11953,"minecraft:total_world_time":95833,"minecraft:interact_with_furnace":52,"minecraft:sleep_in_bed":7,"minecraft:time_since_rest":23253,"minecraft:damage_taken":2543,"tombstone:sneak_grave":6,"minecraft:trigger_trapped_chest":4,"minecraft:damage_dealt":7719,"minecraft:swim_one_cm":20750,"minecraft:fly_one_cm":454113,"minecraft:player_kills":2,"minecraft:open_chest":24,"minecraft:crouch_one_cm":33583,"tombstone:undead_killed":14,"minecraft:fall_one_cm":68566},"minecraft:killed":{"minecraft:spider":5,"divinerpg:rotatick":1,"divinerpg:kobblin":4,"minecraft:silverfish":4,"minecraft:pig":2,"minecraft:iron_golem":1,"divinerpg:miner":1,"minecraft:zombie":8,"iceandfire:ghost":5,"minecraft:cow":3},"minecraft:picked_up":{"minecraft:crafting_table":3,"minecraft:coarse_dirt":1,"iceandfire:copper_sword":1,"regions_unexplored:silt_dirt":7,"minecraft:oak_stairs":2,"tombstone:grave_key":1,"iceandfire:manuscript":2,"iceandfire:silver_hoe":1,"minecraft:string":9,"minecraft:raw_copper":50,"regions_unexplored:spruce_shrub":1,"minecraft:cobbled_deepslate":156,"minecraft:spruce_planks":31,"minecraft:beef":8,"divinerpg:raw_arlemite":9,"minecraft:sugar_cane":6,"minecraft:furnace":3,"minecraft:stick":1,"minecraft:raw_iron":33,"iceandfire:ghost_chest":1,"minecraft:stone":1,"minecraft:oak_door":1,"minecraft:oak_fence":1,"minecraft:copper_ingot":2,"minecraft:torch":16,"divinerpg:terran_shards":3,"minecraft:porkchop":5,"tombstone:grave_dust":1,"minecraft:diorite":4,"minecraft:carrot":4,"minecraft:redstone":6,"regions_unexplored:barley":3,"iceandfire:silver_ingot":5,"minecraft:rotten_flesh":21,"regions_unexplored:redstone_bulb":3,"minecraft:beetroot_seeds":2,"divinerpg:raw_realmite":22,"minecraft:hay_block":60,"minecraft:cobblestone":237,"minecraft:leather":5,"minecraft:tuff":10,"minecraft:oak_log":29,"iceandfire:ectoplasm":5,"mca:book_romance":1,"minecraft:dirt":3,"tombstone:gift":1,"minecraft:bone":3,"minecraft:wheat_seeds":11,"minecraft:raw_gold":10,"minecraft:iron_ingot":5,"minecraft:cobweb":2,"minecraft:glowstone_dust":3,"minecraft:oak_planks":13,"minecraft:oak_pressure_plate":1,"minecraft:white_bed":1,"minecraft:spruce_log":4,"minecraft:spider_eye":2,"minecraft:diamond":2,"alexsmobs:maggot":1,"minecraft:oak_sapling":3,"minecraft:coal":137,"iceandfire:raw_silver":8,"regions_unexplored:small_oak_log":1},"minecraft:dropped":{"minecraft:wheat_seeds":8,"minecraft:stick":1,"minecraft:cobweb":2,"mca:book_romance":2,"minecraft:torch":2,"minecraft:string":2,"iceandfire:silver_hoe":1,"regions_unexplored:redstone_bulb":3,"minecraft:redstone":4,"alexsmobs:maggot":1,"alexsmobs:animal_dictionary":2,"minecraft:rotten_flesh":14,"minecraft:oak_planks":24,"divinerpg:terran_shards":1,"minecraft:stone":2,"minecraft:spruce_planks":16,"minecraft:beetroot_seeds":2,"minecraft:wooden_pickaxe":1,"regions_unexplored:silt_dirt":1},"minecraft:broken":{"iceandfire:silver_pickaxe":1}},"DataVersion":3465}