{"stats":{"minecraft:mined":{"minecraft:dark_oak_planks":36,"biomesoplenty:mossy_black_sand":1,"minecraft:jungle_leaves":13,"divinerpg:realmite_ore":43,"minecraft:granite":4,"biomesoplenty:fir_slab":3,"minecraft:spawner":4,"minecraft:cobbled_deepslate":1,"minecraft:fire":31,"minecraft:pumpkin":4,"minecraft:moss_carpet":11,"minecraft:potted_dandelion":1,"minecraft:dirt_path":8,"biomesoplenty:webbing":15,"minecraft:oak_stairs":62,"minecraft:green_carpet":3,"regions_unexplored:silt_grass_block":13,"minecraft:player_head":18,"minecraft:tripwire":7,"minecraft:brown_mushroom":2,"minecraft:kelp_plant":1,"regions_unexplored:yellow_lupine":2,"minecraft:powder_snow":42,"minecraft:torch":52,"minecraft:dead_bush":3,"minecraft:cyan_bed":1,"minecraft:sugar_cane":8,"minecraft:skeleton_skull":4,"regions_unexplored:hyssop":1,"minecraft:wheat":14,"regions_unexplored:hibiscus":3,"minecraft:wither_rose":5,"minecraft:grass":272,"minecraft:sandstone_wall":2,"regions_unexplored:fireweed":1,"minecraft:dark_prismarine":9,"regions_unexplored:spruce_shrub":1,"iceandfire:silver_ore":6,"minecraft:mossy_cobblestone":8,"minecraft:shulker_box":21,"minecraft:acacia_button":1,"regions_unexplored:poppy_bush":4,"minecraft:moss_block":3,"minecraft:kelp":2,"biomesoplenty:dune_grass":3,"minecraft:acacia_wood":1,"minecraft:andesite":4,"minecraft:white_glazed_terracotta":8,"minecraft:potatoes":18,"minecraft:vine":2,"minecraft:bamboo":83,"regions_unexplored:small_oak_log":1,"regions_unexplored:windswept_grass":12,"minecraft:white_wool":7,"regions_unexplored:barrel_cactus":8,"minecraft:oak_slab":4,"minecraft:light_gray_carpet":4,"biomesoplenty:black_sand":4,"minecraft:dandelion":2,"minecraft:cornflower":1,"biomesoplenty:fir_planks":2,"regions_unexplored:silt_dirt":11,"minecraft:tall_grass":137,"regions_unexplored:mauve_log":26,"minecraft:diorite":20,"minecraft:spruce_log":2,"minecraft:birch_leaves":1,"regions_unexplored:sandy_grass":1,"minecraft:gravel":7,"biomesoplenty:stringy_cobweb":3,"divinerpg:realmite_ore_deepslate":2,"minecraft:acacia_planks":15,"minecraft:gold_ore":8,"minecraft:fern":125,"minecraft:spruce_planks":26,"minecraft:oak_sapling":1,"minecraft:cobblestone_stairs":1,"minecraft:grass_block":249,"minecraft:mud_bricks":4,"minecraft:iron_ore":39,"regions_unexplored:mossy_stone":2,"minecraft:dark_oak_stairs":3,"biomesoplenty:hanging_cobweb":2,"minecraft:spruce_slab":8,"regions_unexplored:red_lupine":1,"biomesoplenty:hanging_cobweb_strand":2,"minecraft:poppy":2,"iceandfire:ghost_chest":3,"minecraft:chest":1,"minecraft:cobblestone":57,"divinerpg:divine_slab":1,"minecraft:oak_planks":31,"regions_unexplored:bamboo_log":2,"minecraft:wall_torch":20,"minecraft:seagrass":1,"regions_unexplored:mauve_leaves":2,"minecraft:tnt":2,"biomesoplenty:fir_log":34,"minecraft:smooth_stone_slab":7,"regions_unexplored:joshua_log":8,"regions_unexplored:cherry_shrub":1,"minecraft:oak_log":55,"minecraft:beetroots":4,"minecraft:sand":46,"minecraft:dirt":85,"minecraft:oak_leaves":6,"iceandfire:dread_stone_bricks":2,"regions_unexplored:barley":783,"minecraft:oak_door":3,"minecraft:spruce_leaves":2,"minecraft:rooted_dirt":12,"minecraft:large_fern":3,"minecraft:hay_block":28,"minecraft:furnace":1,"minecraft:carrots":222,"biomesoplenty:toadstool":11,"minecraft:bookshelf":1,"crittersandcompanions:silk_cocoon":5,"regions_unexplored:medium_grass":136,"minecraft:stone":134,"regions_unexplored:redstone_bulb":1,"minecraft:acacia_leaves":1,"biomesoplenty:orange_sand":57,"travelersbackpack:standard":3,"minecraft:oak_fence":4,"minecraft:crafting_table":3,"biomesoplenty:sprout":4,"minecraft:spruce_stairs":2,"minecraft:birch_planks":1,"minecraft:sweet_berry_bush":61,"regions_unexplored:red_maple_leaf_pile":2,"minecraft:yellow_bed":8,"minecraft:coal_ore":132,"minecraft:stripped_acacia_wood":1,"minecraft:mossy_stone_bricks":1},"minecraft:crafted":{"iceandfire:silver_shovel":1,"naturalist:cooked_bass":1,"minecraft:cooked_mutton":13,"minecraft:glass":12,"iceandfire:armor_copper_metal_chestplate":1,"minecraft:cooked_rabbit":1,"minecraft:cooked_porkchop":27,"travelersbackpack:standard":1,"minecraft:copper_ingot":115,"minecraft:iron_pickaxe":1,"iceandfire:armor_copper_metal_leggings":1,"iceandfire:armor_copper_metal_helmet":1,"minecraft:spruce_slab":6,"minecraft:stone_pickaxe":1,"iceandfire:armor_silver_metal_boots":1,"minecraft:wheat":45,"minecraft:coal_block":5,"securitycraft:taser":1,"minecraft:wooden_axe":2,"minecraft:iron_shovel":1,"minecraft:iron_leggings":3,"biomesoplenty:fir_button":1,"minecraft:white_bed":1,"minecraft:oak_planks":220,"minecraft:cooked_chicken":1,"minecraft:stone":8,"naturalist:cooked_lizard_tail":1,"iceandfire:armor_copper_metal_boots":1,"minecraft:bamboo_block":97,"minecraft:iron_boots":1,"iceandfire:armor_silver_metal_leggings":1,"minecraft:chest":12,"minecraft:crafting_table":4,"minecraft:spruce_planks":8,"minecraft:wooden_pickaxe":2,"minecraft:baked_potato":7,"minecraft:iron_helmet":2,"biomesoplenty:fir_planks":136,"minecraft:dark_oak_slab":12,"minecraft:iron_chestplate":4,"minecraft:shield":4,"minecraft:stick":112,"minecraft:iron_ingot":109,"minecraft:stone_sword":1,"minecraft:wooden_sword":1,"minecraft:oak_door":3,"minecraft:furnace":9,"minecraft:flint_and_steel":1,"regions_unexplored:joshua_planks":24,"divinerpg:realmite_ingot":11,"minecraft:iron_axe":2,"minecraft:cooked_beef":10,"iceandfire:silver_ingot":23,"travelersbackpack:backpack_tank":2,"minecraft:iron_sword":1,"minecraft:bowl":4,"travelersbackpack:black_sleeping_bag":1,"minecraft:bucket":1,"minecraft:stone_axe":1,"minecraft:bread":18,"minecraft:air":0,"aether:iron_gloves":2,"minecraft:oak_boat":1,"iceandfire:armor_silver_metal_helmet":1,"justhammers:iron_hammer":2,"justhammers:stone_hammer":2,"minecraft:torch":80,"iceandfire:silver_hoe":4},"minecraft:picked_up":{"iceandfire:dread_stone_bricks":3,"minecraft:iron_chestplate":7,"iceandfire:copper_sword":1,"minecraft:flower_pot":1,"securitycraft:taser":6,"minecraft:lead":6,"regions_unexplored:silt_dirt":126,"minecraft:oak_stairs":6,"minecraft:wither_rose":5,"minecraft:enchanted_book":2,"iceandfire:manuscript":1,"minecraft:string":46,"minecraft:beetroot":3,"minecraft:cobbled_deepslate":46,"minecraft:spruce_planks":26,"crittersandcompanions:koi_fish":2,"minecraft:golden_helmet":1,"minecraft:white_glazed_terracotta":8,"regions_unexplored:barrel_cactus":9,"minecraft:sandstone_wall":1,"tombstone:bone_needle":2,"mca:female_villager_spawn_egg":1,"minecraft:golden_chestplate":1,"divinerpg:ice_shards":13,"iceandfire:armor_silver_metal_boots":2,"divinerpg:realmite_boots":1,"iceandfire:deathworm_chitin_yellow":4,"minecraft:carved_pumpkin":24,"biomesoplenty:fir_slab":3,"minecraft:iron_bars":1,"minecraft:snowball":118,"minecraft:magma_block":14,"minecraft:feather":9,"minecraft:cooked_beef":8,"divinerpg:tomato":3,"minecraft:water_bucket":6,"biomesoplenty:fir_sapling":6,"biomesoplenty:fir_log":45,"minecraft:flint":6,"divinerpg:realmite_chestplate":1,"minecraft:hanging_roots":1,"minecraft:rabbit":1,"minecraft:moss_block":6,"divinerpg:realmite_shield":1,"regions_unexplored:bamboo_log":4,"divinerpg:realmite_ingot":10,"minecraft:stripped_acacia_wood":1,"alexsmobs:animal_dictionary":2,"minecraft:bundle":2,"regions_unexplored:hyssop":7,"alexsmobs:guster_eye":1,"minecraft:granite":143,"minecraft:bread":60,"iceandfire:gorgon_head":1,"alexsmobs:maggot":15,"minecraft:rooted_dirt":12,"minecraft:light_gray_carpet":4,"iceandfire:raw_silver":50,"minecraft:crafting_table":4,"iceandfire:witherbone":33,"minecraft:clay_ball":142,"minecraft:leather_leggings":1,"divinerpg:arlemite_shickaxe":1,"minecraft:cornflower":1,"regions_unexplored:poppy_bush":12,"iceandfire:ghost_ingot":1,"iceandfire:graveyard_soil":8,"minecraft:beef":11,"iceandfire:armor_silver_metal_leggings":1,"regions_unexplored:maple_leaf_pile":10,"iceandfire:dread_knight_sword":1,"iceandfire:dread_shard":3,"minecraft:iron_nugget":4,"minecraft:poppy":2,"minecraft:spruce_slab":8,"minecraft:chest":1,"minecraft:egg":28,"divinerpg:crab_claw":1,"minecraft:sandstone":24,"minecraft:oak_door":4,"divinerpg:terran_shards":57,"minecraft:carrot":785,"minecraft:redstone":85,"minecraft:tnt":50,"regions_unexplored:mauve_sapling":1,"regions_unexplored:joshua_log":6,"minecraft:beetroot_seeds":11,"regions_unexplored:felicia_daisy":2,"minecraft:hay_block":56,"minecraft:gold_ingot":9,"minecraft:mutton":24,"minecraft:white_wool":54,"biomesoplenty:orange_sand":57,"minecraft:oxeye_daisy":1,"minecraft:mud_bricks":4,"iceandfire:sea_serpent_fang":4,"minecraft:acacia_wood":2,"minecraft:oak_log":67,"minecraft:paper":9,"tombstone:gift":1,"minecraft:apple":26,"alexsmobs:cockroach_wing_fragment":1,"minecraft:stone_pickaxe":1,"minecraft:iron_sword":3,"minecraft:flowering_azalea":2,"minecraft:dark_oak_stairs":5,"minecraft:sweet_berries":156,"iceandfire:dragonsteel_fire_sword":1,"minecraft:red_wool":12,"minecraft:gravel":45,"minecraft:spruce_log":2,"travelersbackpack:standard":12,"minecraft:slime_ball":33,"regions_unexplored:fireweed":1,"minecraft:painting":7,"minecraft:baked_potato":7,"minecraft:ender_pearl":1,"minecraft:wheat":11,"alexsmobs:maraca":1,"minecraft:potion":1,"tombstone:grave_key":1,"minecraft:raw_copper":185,"minecraft:armor_stand":1,"minecraft:iron_leggings":7,"biomesoplenty:fir_planks":5,"minecraft:bucket":2,"minecraft:rose_bush":1,"minecraft:iron_pickaxe":3,"alexsmobs:raccoon_tail":1,"minecraft:iron_boots":3,"minecraft:furnace":1,"minecraft:tipped_arrow":1,"minecraft:stick":49,"iceandfire:ghost_chest":3,"minecraft:oak_fence":18,"minecraft:torch":205,"minecraft:spruce_stairs":2,"minecraft:porkchop":88,"iceandfire:rotten_egg":3,"minecraft:diorite":58,"tombstone:grave_dust":14,"regions_unexplored:daisy":3,"regions_unexplored:barley":723,"minecraft:cactus":3,"minecraft:rotten_flesh":133,"regions_unexplored:mauve_log":26,"minecraft:obsidian":4,"minecraft:cobblestone":2611,"minecraft:nautilus_shell":1,"minecraft:andesite":196,"regions_unexplored:cherry_shrub":1,"minecraft:potato":65,"divinerpg:fury_arrow":1,"minecraft:wither_skeleton_skull":1,"naturalist:lizard_tail":1,"minecraft:dirt":367,"minecraft:lapis_lazuli":8,"minecraft:name_tag":1,"minecraft:leather_boots":1,"minecraft:bone":210,"minecraft:acacia_planks":24,"minecraft:bow":3,"minecraft:wheat_seeds":226,"minecraft:raw_gold":16,"minecraft:mossy_stone_bricks":2,"minecraft:bamboo":908,"minecraft:oak_planks":127,"biomesoplenty:toadstool":20,"minecraft:cooked_porkchop":11,"justhammers:iron_hammer":1,"minecraft:sand":57,"minecraft:cyan_bed":1,"divinerpg:aquatic_pellets":4,"minecraft:mossy_cobblestone":4,"minecraft:shulker_box":27,"minecraft:dark_prismarine":11,"minecraft:yellow_carpet":10,"minecraft:crossbow":2,"minecraft:bone_meal":1,"minecraft:emerald":4,"alexsmobs:banana_slug_slime":1,"minecraft:oak_sapling":5,"mca:bouquet":1,"minecraft:chicken":6,"minecraft:brown_mushroom":4,"minecraft:cooked_rabbit":2,"divinerpg:corrupted_shards":6,"regions_unexplored:red_maple_leaf_pile":14,"minecraft:shield":7,"iceandfire:silver_hoe":5,"minecraft:iron_axe":2,"minecraft:moss_carpet":20,"divinerpg:aqua_ball":9,"regions_unexplored:spruce_shrub":1,"biomesoplenty:black_sand":4,"minecraft:oak_boat":1,"minecraft:player_head":20,"travelersbackpack:black_sleeping_bag":1,"biomesoplenty:wildflower":2,"minecraft:sugar_cane":19,"minecraft:raw_iron":202,"regions_unexplored:silver_birch_leaf_pile":10,"iceandfire:deathworm_chitin_red":2,"regions_unexplored:blue_lupine":1,"divinerpg:ice_stone":1,"minecraft:dark_oak_planks":39,"divinerpg:white_mushroom":1,"iceandfire:silver_ingot":8,"minecraft:arrow":86,"regions_unexplored:redstone_bulb":1,"divinerpg:raw_realmite":73,"crittersandcompanions:silk":19,"minecraft:skeleton_skull":5,"minecraft:netherite_boots":2,"minecraft:salmon":1,"minecraft:leather":30,"minecraft:birch_planks":1,"regions_unexplored:red_lupine":3,"iceandfire:ectoplasm":11,"minecraft:yellow_bed":3,"minecraft:cobblestone_stairs":10,"minecraft:gunpowder":21,"mca:book_romance":4,"naturalist:glow_goop":11,"minecraft:cooked_mutton":3,"naturalist:bass":1,"minecraft:rabbit_hide":5,"minecraft:iron_ingot":91,"minecraft:cooked_chicken":1,"regions_unexplored:yellow_lupine":6,"minecraft:acacia_sapling":2,"minecraft:book":3,"minecraft:pumpkin":29,"minecraft:dandelion":5,"divinerpg:ender_shards":1,"minecraft:spruce_door":1,"minecraft:green_carpet":3,"minecraft:spider_eye":13,"alexsmobs:raw_catfish":2,"minecraft:chainmail_leggings":1,"minecraft:iron_helmet":10,"tombstone:magic_scroll":1,"minecraft:black_wool":2,"minecraft:coal":409,"regions_unexplored:hibiscus":5,"regions_unexplored:small_oak_log":1},"minecraft:used":{"minecraft:beetroot":3,"minecraft:spruce_slab":10,"iceandfire:dragon_skull_ice":1,"minecraft:chest":17,"minecraft:rotten_flesh":18,"endermanoverhaul:mushroom_fields_enderman_spawn_egg":5,"naturalist:cooked_bass":1,"minecraft:snowball":32,"regions_unexplored:barley":46,"minecraft:villager_spawn_egg":1,"iceandfire:ghost_chest":1,"minecraft:dark_oak_slab":7,"minecraft:netherite_boots":1,"minecraft:bow":1,"minecraft:sweet_berries":131,"minecraft:furnace":10,"minecraft:egg":29,"minecraft:potato":3,"divinerpg:realmite_axe":9,"minecraft:cow_spawn_egg":30,"minecraft:spruce_door":1,"minecraft:stripped_birch_log":2,"minecraft:wooden_pickaxe":60,"iceandfire:dread_stone_bricks":1,"minecraft:glow_berries":1,"minecraft:sand":22,"mca:female_villager_spawn_egg":12,"minecraft:wooden_sword":80,"minecraft:oak_boat":1,"minecraft:stripped_acacia_wood":1,"minecraft:stone_sword":45,"divinerpg:terran_dagger":16,"minecraft:torch":95,"minecraft:anvil":1,"iceandfire:copper_sword":197,"minecraft:iron_axe":337,"minecraft:rooted_dirt":7,"minecraft:chicken_spawn_egg":51,"minecraft:mud_bricks":4,"minecraft:beef":1,"tombstone:gift":10,"minecraft:acacia_planks":18,"minecraft:cobbled_deepslate":6,"minecraft:water_bucket":610,"mca:male_villager_spawn_egg":9,"minecraft:birch_planks":3,"divinerpg:tomato":3,"minecraft:sheep_spawn_egg":28,"minecraft:salmon":1,"biomesoplenty:fir_slab":3,"minecraft:tnt":1275,"minecraft:crafting_table":7,"minecraft:white_bed":1,"justhammers:iron_hammer":195,"minecraft:oak_log":1,"minecraft:diamond_pickaxe":28,"minecraft:iron_pickaxe":185,"minecraft:pig_spawn_egg":34,"minecraft:cobblestone":514,"travelersbackpack:standard":6,"minecraft:porkchop":8,"minecraft:cooked_porkchop":5,"naturalist:cooked_lizard_tail":1,"minecraft:iron_shovel":3,"alexsmobs:small_catfish_bucket":1,"minecraft:shield":102,"minecraft:iron_sword":59,"biomesoplenty:fir_button":1,"minecraft:iron_chestplate":5,"crittersandcompanions:koi_fish":2,"minecraft:mutton":11,"minecraft:carrot":732,"minecraft:obsidian":2,"iceandfire:dragonsteel_fire_sword":4,"minecraft:bedrock":96,"alexsmobs:raw_catfish":2,"minecraft:stone_pickaxe":133,"minecraft:oak_planks":150,"biomesoplenty:fir_planks":57,"regions_unexplored:joshua_planks":8,"minecraft:white_wool":9,"minecraft:crossbow":1,"minecraft:bread":83,"minecraft:cyan_bed":1,"minecraft:string":7,"minecraft:gravel":20,"iceandfire:dragon_skull_fire":1,"minecraft:cooked_rabbit":1,"minecraft:andesite":12,"minecraft:netherite_sword":394,"divinerpg:realmite_pickaxe":210,"minecraft:flint_and_steel":46,"minecraft:spruce_planks":27,"minecraft:cooked_chicken":2,"minecraft:oak_door":5,"minecraft:dirt":100,"minecraft:shulker_box":30,"minecraft:golden_chestplate":6,"minecraft:salmon_bucket":1,"minecraft:dark_oak_planks":51,"minecraft:wooden_axe":61,"alexsmobs:maggot":9,"crittersandcompanions:koi_fish_bucket":1,"minecraft:cooked_beef":10,"minecraft:powder_snow_bucket":1,"minecraft:pumpkin":30,"minecraft:cooked_mutton":13,"minecraft:baked_potato":7,"iceandfire:dread_knight_sword":11,"minecraft:painting":7,"minecraft:apple":34,"justhammers:stone_hammer":118,"biomesoplenty:toadstool":1,"minecraft:stone_axe":151,"iceandfire:silver_hoe":1090,"minecraft:bucket":616,"minecraft:yellow_bed":3,"alexsmobs:animal_dictionary":1,"iceandfire:silver_shovel":231},"minecraft:custom":{"minecraft:interact_with_crafting_table":116,"minecraft:open_barrel":6,"minecraft:leave_game":15,"minecraft:time_since_death":541,"minecraft:damage_blocked_by_shield":3201,"minecraft:play_time":1265200,"minecraft:deaths":97,"tombstone:tomb_raiding":22,"minecraft:jump":30169,"minecraft:interact_with_furnace":98,"minecraft:sleep_in_bed":27,"minecraft:damage_dealt":81357,"tombstone:undead_killed":256,"minecraft:interact_with_smoker":2,"minecraft:interact_with_smithing_table":2,"minecraft:interact_with_anvil":1,"minecraft:sneak_time":37649,"minecraft:interact_with_blast_furnace":2,"minecraft:total_world_time":1265200,"tombstone:raider_killed":6,"minecraft:time_since_rest":220,"minecraft:swim_one_cm":1191628,"minecraft:fly_one_cm":6779023,"minecraft:open_chest":480,"minecraft:fall_one_cm":812872,"minecraft:animals_bred":7,"minecraft:open_shulker_box":58,"minecraft:sprint_one_cm":3889976,"minecraft:drop":486,"minecraft:talked_to_villager":2,"minecraft:walk_on_water_one_cm":355243,"minecraft:interact_with_loom":2,"minecraft:player_kills":60,"minecraft:crouch_one_cm":101027,"minecraft:mob_kills":442,"minecraft:interact_with_campfire":1,"minecraft:climb_one_cm":5241,"minecraft:walk_one_cm":2581927,"minecraft:walk_under_water_one_cm":386489,"minecraft:interact_with_grindstone":2,"minecraft:damage_taken":2147483647,"minecraft:trigger_trapped_chest":7},"minecraft:broken":{"minecraft:iron_boots":3,"minecraft:iron_chestplate":3,"minecraft:iron_leggings":3,"minecraft:wooden_sword":1,"minecraft:chainmail_leggings":1,"aether:iron_gloves":3,"minecraft:wooden_pickaxe":1,"minecraft:iron_axe":1,"minecraft:iron_helmet":8,"minecraft:netherite_boots":1,"minecraft:leather_leggings":1,"minecraft:stone_pickaxe":1,"minecraft:stone_axe":1,"minecraft:wooden_axe":1,"iceandfire:armor_silver_metal_boots":1,"iceandfire:silver_hoe":1,"minecraft:golden_chestplate":1,"iceandfire:dread_knight_sword":1,"minecraft:leather_chestplate":1,"minecraft:leather_boots":1},"minecraft:dropped":{"biomesoplenty:fir_log":8,"iceandfire:raw_silver":3,"minecraft:cooked_beef":7,"minecraft:cooked_porkchop":18,"minecraft:crossbow":2,"iceandfire:ectoplasm":1,"minecraft:leather_helmet":1,"minecraft:dirt":10,"iceandfire:armor_copper_metal_boots":3,"minecraft:netherite_boots":1,"minecraft:iron_pickaxe":3,"divinerpg:realmite_ingot":33,"minecraft:white_wool":6,"divinerpg:realmite_chestplate":3,"regions_unexplored:redstone_bulb":1,"minecraft:bone":5,"minecraft:oak_door":1,"biomesoplenty:toadstool":1,"minecraft:sugar_cane":6,"minecraft:iron_nugget":4,"alexsmobs:animal_dictionary":1,"minecraft:obsidian":1,"tombstone:gift":1,"minecraft:rotten_flesh":59,"minecraft:oak_planks":32,"divinerpg:realmite_leggings":3,"justhammers:iron_hammer":2,"alexsmobs:leafcutter_ant_pupa":1,"twilightforest:experiment_115":3,"iceandfire:ghost_chest":2,"biomesoplenty:wildflower":1,"minecraft:acacia_sapling":1,"divinerpg:white_mushroom":1,"minecraft:egg":3,"minecraft:enchanted_book":1,"minecraft:iron_ingot":17,"minecraft:wheat_seeds":31,"minecraft:tnt":64,"divinerpg:ice_shards":4,"minecraft:oak_fence":2,"divinerpg:terran_dagger":4,"minecraft:feather":3,"minecraft:cobblestone":329,"minecraft:apple":6,"minecraft:chicken_spawn_egg":1,"minecraft:bamboo_block":97,"regions_unexplored:daisy":3,"regions_unexplored:small_oak_log":1,"regions_unexplored:barley":27,"minecraft:stripped_birch_log":1,"minecraft:oak_stairs":3,"divinerpg:realmite_pickaxe":5,"regions_unexplored:silver_birch_leaf_pile":10,"iceandfire:dragonsteel_fire_sword":2,"minecraft:iron_shovel":1,"minecraft:paper":9,"minecraft:string":15,"minecraft:acacia_planks":2,"minecraft:moss_carpet":2,"regions_unexplored:bamboo_log":1,"minecraft:chicken":1,"minecraft:iron_boots":1,"iceandfire:armor_copper_metal_helmet":2,"regions_unexplored:hyssop":6,"divinerpg:arlemite_shickaxe":2,"minecraft:diamond_pickaxe":1,"minecraft:carved_pumpkin":48,"minecraft:spider_eye":8,"minecraft:sandstone":24,"divinerpg:realmite_boots":6,"minecraft:bow":1,"iceandfire:sea_serpent_fang":4,"regions_unexplored:silt_dirt":22,"regions_unexplored:blue_lupine":1,"minecraft:dark_oak_stairs":2,"minecraft:oak_log":105,"iceandfire:silver_axe":1,"divinerpg:realmite_shield":5,"divinerpg:raw_realmite":19,"travelersbackpack:standard":11,"biomesoplenty:fir_sapling":6,"minecraft:cobblestone_stairs":2,"regions_unexplored:red_maple_leaf_pile":7,"minecraft:snowball":102,"iceandfire:silver_hoe":3,"minecraft:gold_ingot":4,"minecraft:armor_stand":1,"minecraft:gravel":48,"divinerpg:realmite_helmet":4,"securitycraft:taser":6,"minecraft:carrot":134,"iceandfire:dread_knight_sword":3,"minecraft:arrow":19,"iceandfire:armor_copper_metal_leggings":2,"minecraft:water_bucket":6,"minecraft:bread":134,"minecraft:mossy_cobblestone":3,"divinerpg:realmite_axe":3,"iceandfire:armor_copper_metal_chestplate":3,"minecraft:lead":4,"regions_unexplored:yellow_lupine":2,"alexsmobs:maraca":1,"biomesoplenty:orange_sand":53,"mca:book_romance":2,"tombstone:magic_scroll":1,"minecraft:torch":20,"iceandfire:armor_silver_metal_chestplate":1,"tombstone:grave_dust":1,"minecraft:iron_axe":2,"regions_unexplored:poppy_bush":4,"regions_unexplored:spruce_shrub":1,"minecraft:bucket":1,"minecraft:dandelion":2,"minecraft:redstone":5,"minecraft:anvil":1,"alexsmobs:maggot":1,"minecraft:sweet_berries":48,"divinerpg:ice_stone":1,"minecraft:raw_copper":3,"minecraft:raw_iron":2,"minecraft:wither_skeleton_skull":1,"mca:female_villager_spawn_egg":1,"minecraft:shulker_box":26,"minecraft:flint_and_steel":1,"minecraft:shield":2,"biomesoplenty:fir_planks":26,"regions_unexplored:maple_leaf_pile":10,"divinerpg:realmite_sword":6,"iceandfire:rotten_egg":1,"minecraft:iron_chestplate":1,"minecraft:mossy_stone_bricks":2,"minecraft:oak_sapling":3,"minecraft:slime_ball":3},"minecraft:killed_by":{"iceandfire:siren":1,"alexsmobs:grizzly_bear":1,"minecraft:husk":2,"divinerpg:arid_warrior":1,"iceandfire:ghost":5,"divinerpg:ender_spider":1,"minecraft:wither_skeleton":11,"minecraft:creeper":1,"divinerpg:cave_crawler":1,"divinerpg:kobblin":8,"minecraft:drowned":1,"iceandfire:dread_ghoul":1,"alexsmobs:crocodile":1,"minecraft:cave_spider":1,"minecraft:player":27,"iceandfire:dread_scuttler":2,"iceandfire:deathworm":1,"minecraft:spider":1,"iceandfire:gorgon":1,"minecraft:hoglin":1,"minecraft:skeleton":1,"divinerpg:pumpkin_spider":7},"minecraft:killed":{"alexsmobs:lobster":1,"minecraft:cave_spider":2,"divinerpg:cave_crawler":1,"naturalist:robin":1,"minecraft:skeleton":20,"minecraft:chicken":2,"iceandfire:dread_scuttler":20,"divinerpg:enthralled_dramcryx":1,"naturalist:snake":1,"naturalist:firefly":5,"minecraft:salmon":1,"minecraft:pillager":1,"minecraft:zombie":40,"alexsmobs:roadrunner":2,"iceandfire:dread_ghoul":48,"minecraft:cow":3,"divinerpg:cyclops":1,"iceandfire:dread_beast":13,"naturalist:coral_snake":1,"divinerpg:glacon":3,"iceandfire:dread_knight":4,"divinerpg:rotatick":1,"divinerpg:kobblin":10,"minecraft:husk":2,"alexsmobs:guster":1,"divinerpg:pumpkin_spider":6,"alexsmobs:catfish":2,"divinerpg:miner":2,"iceandfire:ghost":8,"naturalist:lizard":2,"minecraft:spider":9,"naturalist:snail":1,"alexsmobs:banana_slug":1,"minecraft:pig":3,"minecraft:creeper":2,"minecraft:sheep":17,"alexsmobs:fly":10,"crittersandcompanions:koi_fish":2,"divinerpg:aequorea":3,"minecraft:slime":5,"minecraft:phantom":1,"iceandfire:dread_thrall":51,"naturalist:bass":1,"alexsmobs:skunk":1,"naturalist:lizard_tail":1,"minecraft:hoglin":40,"alexsmobs:cockroach":1,"alexsmobs:crow":1,"divinerpg:frost":2,"minecraft:wither_skeleton":67,"biomemakeover:helmit_crab":1}},"DataVersion":3465}