{"stats":{"minecraft:mined":{"minecraft:dark_oak_planks":39,"minecraft:red_nether_brick_slab":4,"biomesoplenty:mossy_black_sand":1,"regions_unexplored:yellow_bioshroom_block":3,"regions_unexplored:brimsprout":32,"minecraft:white_bed":3,"minecraft:cyan_candle_cake":1,"minecraft:jungle_leaves":13,"minecraft:red_nether_bricks":1,"biomesoplenty:brimstone":6,"regions_unexplored:brimwood_leaves":15,"divinerpg:realmite_ore":86,"biomesoplenty:burning_blossom":18,"minecraft:granite":5,"biomesoplenty:bramble":16,"biomesoplenty:fir_slab":3,"biomesoplenty:eyebulb":7,"minecraft:coal_block":12,"minecraft:crimson_fungus":3,"minecraft:nether_wart":82,"regions_unexplored:yellow_bioshroom":1,"minecraft:spawner":30,"minecraft:polished_blackstone_bricks":92,"minecraft:magma_block":45,"biomesoplenty:tall_lavender":2,"regions_unexplored:pointed_redstone":1,"minecraft:sticky_piston":7,"minecraft:cobbled_deepslate":1,"minecraft:fire":111,"biomesoplenty:lavender":1,"minecraft:moss_carpet":11,"minecraft:pumpkin":4,"biomesoplenty:hellbark_log":7,"minecraft:deepslate_lapis_ore":27,"biomesoplenty:flesh_tendons":4,"minecraft:potted_dandelion":1,"minecraft:dirt_path":8,"biomesoplenty:webbing":16,"minecraft:oak_stairs":62,"minecraft:green_carpet":3,"regions_unexplored:silt_grass_block":14,"minecraft:player_head":22,"minecraft:tripwire":7,"minecraft:piston_head":2,"biomesoplenty:jacaranda_leaves":3,"minecraft:brown_mushroom":2,"travelersbackpack:ghast":4,"regions_unexplored:tall_cobalt_earlight":9,"minecraft:kelp_plant":1,"regions_unexplored:yellow_lupine":2,"minecraft:soul_fire":2,"minecraft:powder_snow":192,"minecraft:torch":77,"minecraft:note_block":28,"regions_unexplored:cobalt_webbing":11,"regions_unexplored:glowing_yellow_bioshroom_block":6,"minecraft:dead_bush":3,"minecraft:nether_brick_slab":3,"regions_unexplored:cobalt_roots":19,"minecraft:cyan_bed":7,"minecraft:sugar_cane":8,"minecraft:skeleton_skull":4,"minecraft:repeater":1,"regions_unexplored:hyssop":1,"regions_unexplored:glister_bulb":4,"minecraft:wheat":116,"regions_unexplored:hibiscus":3,"biomesoplenty:large_rose_quartz_bud":2,"minecraft:birch_door":2,"minecraft:warped_fungus":4,"minecraft:wither_rose":5,"minecraft:grass":322,"minecraft:smooth_quartz":10,"minecraft:sandstone_wall":2,"regions_unexplored:glistering_ivy":29,"minecraft:deepslate":249,"regions_unexplored:mycotoxic_grass":30,"regions_unexplored:fireweed":1,"regions_unexplored:glistering_sprout":49,"minecraft:dark_prismarine":9,"regions_unexplored:spruce_shrub":1,"iceandfire:silver_ore":8,"minecraft:mossy_cobblestone":8,"biomesoplenty:desert_grass":1,"divinerpg:arlemite_ore_deepslate":32,"minecraft:purple_candle":3,"minecraft:shulker_box":23,"minecraft:nether_bricks":14,"regions_unexplored:hanging_earlight":455,"minecraft:spruce_fence":2,"regions_unexplored:poppy_bush":4,"minecraft:acacia_button":1,"minecraft:redstone_wire":1,"iceandfire:deepslate_silver_ore":4,"travelersbackpack:bookshelf":1,"minecraft:kelp":2,"biomesoplenty:dead_grass":5,"minecraft:moss_block":3,"minecraft:red_mushroom":11,"biomesoplenty:dune_grass":3,"minecraft:redstone_ore":8,"minecraft:acacia_wood":1,"minecraft:andesite":6,"biomesoplenty:flesh":11,"minecraft:white_glazed_terracotta":8,"minecraft:potatoes":18,"minecraft:vine":2,"minecraft:warped_stem":31,"minecraft:bamboo":83,"regions_unexplored:small_oak_log":1,"regions_unexplored:windswept_grass":12,"minecraft:white_wool":28,"minecraft:cake":5,"regions_unexplored:barrel_cactus":8,"biomesoplenty:porous_flesh":1,"minecraft:oak_slab":4,"minecraft:light_gray_carpet":4,"minecraft:redstone_block":2,"minecraft:soul_sand":72,"minecraft:brown_carpet":42,"biomesoplenty:black_sand":4,"minecraft:dandelion":2,"regions_unexplored:cobalt_earlight":5,"minecraft:cornflower":1,"biomesoplenty:fir_planks":2,"regions_unexplored:silt_dirt":11,"minecraft:warped_roots":7,"aether:golden_oak_log":1,"minecraft:tall_grass":145,"regions_unexplored:mauve_log":26,"minecraft:deepslate_gold_ore":90,"divinerpg:rupee_ore_deepslate":19,"minecraft:diorite":28,"minecraft:warped_wart_block":7,"regions_unexplored:hanging_earlight_plant":46,"minecraft:spruce_log":12,"minecraft:birch_leaves":1,"regions_unexplored:sandy_grass":1,"minecraft:gravel":177,"biomesoplenty:stringy_cobweb":3,"minecraft:acacia_planks":15,"divinerpg:realmite_ore_deepslate":9,"regions_unexplored:glistering_wart":7,"minecraft:gold_ore":13,"minecraft:fern":144,"minecraft:spruce_planks":40,"minecraft:oak_sapling":1,"minecraft:sculk_vein":4,"minecraft:cobblestone_stairs":1,"minecraft:grass_block":308,"biomesoplenty:rose_quartz_block":21,"regions_unexplored:yellow_bioshroom_stem":27,"minecraft:cracked_polished_blackstone_bricks":20,"minecraft:mud_bricks":4,"minecraft:gilded_blackstone":2,"biomesoplenty:blackstone_bulb":7,"biomesoplenty:pus_bubble":5,"biomesoplenty:bramble_leaves":1,"minecraft:raw_iron_block":1,"minecraft:glowstone":5,"minecraft:iron_ore":87,"regions_unexplored:glister_spire":2,"regions_unexplored:mossy_stone":2,"minecraft:black_carpet":20,"minecraft:dark_oak_stairs":3,"biomesoplenty:hanging_cobweb":3,"minecraft:iron_bars":2,"minecraft:purple_carpet":2,"regions_unexplored:dorcel":1,"minecraft:spruce_slab":8,"minecraft:deepslate_redstone_ore":28,"aether:holystone":1,"minecraft:blackstone":31,"regions_unexplored:red_lupine":1,"biomesoplenty:hanging_cobweb_strand":2,"regions_unexplored:mycotoxic_daisy":1,"minecraft:poppy":2,"iceandfire:ghost_chest":3,"minecraft:chest":7,"minecraft:nether_quartz_ore":28,"minecraft:cobblestone":66,"regions_unexplored:bamboo_log":2,"divinerpg:divine_slab":1,"minecraft:oak_planks":31,"minecraft:wall_torch":49,"minecraft:seagrass":1,"minecraft:red_candle":4,"minecraft:warped_nylium":3,"biomesoplenty:hair":12,"minecraft:lava_cauldron":2,"aether:aether_grass_block":4,"biomesoplenty:fir_log":120,"minecraft:smooth_stone_slab":7,"minecraft:tnt":2,"regions_unexplored:mauve_leaves":2,"minecraft:light_gray_wool":1,"regions_unexplored:glistering_bloom":3,"biomesoplenty:clover":3,"regions_unexplored:joshua_log":8,"regions_unexplored:cherry_shrub":1,"minecraft:oak_log":55,"minecraft:beetroots":4,"minecraft:dirt":118,"minecraft:sand":46,"minecraft:tripwire_hook":5,"aether:ambrosium_ore":1,"regions_unexplored:cobalt_nylium":6,"regions_unexplored:glistering_nylium":1,"minecraft:netherrack":221,"iceandfire:dread_stone_bricks":2,"minecraft:oak_leaves":11,"minecraft:cyan_candle":27,"minecraft:nether_gold_ore":26,"minecraft:tuff":12,"regions_unexplored:barley":783,"minecraft:deepslate_diamond_ore":10,"minecraft:oak_door":3,"minecraft:glow_lichen":1,"biomesoplenty:bush":2,"regions_unexplored:glistering_fern":10,"divinerpg:divine_leaves":2,"minecraft:birch_slab":2,"minecraft:spruce_leaves":3,"regions_unexplored:raw_redstone_block":7,"minecraft:cracked_nether_bricks":1,"minecraft:rooted_dirt":12,"regions_unexplored:cobalt_log":15,"minecraft:large_fern":3,"minecraft:hay_block":28,"regions_unexplored:brimwood_log_magma":9,"minecraft:furnace":4,"aether:aether_dirt":11,"minecraft:carrots":793,"minecraft:nether_sprouts":3,"biomesoplenty:toadstool":11,"biomesoplenty:willow_vine":1,"minecraft:gold_block":13,"minecraft:bookshelf":52,"minecraft:shroomlight":5,"minecraft:deepslate_iron_ore":134,"crittersandcompanions:silk_cocoon":7,"biomesoplenty:flesh_tendons_strand":2,"regions_unexplored:medium_grass":141,"biomesoplenty:spider_egg":2,"minecraft:stone":207,"regions_unexplored:redstone_bulb":9,"minecraft:acacia_leaves":1,"aether:chest_mimic":1,"regions_unexplored:brimwood_log":50,"biomesoplenty:orange_sand":57,"minecraft:oak_fence":4,"regions_unexplored:mycotoxic_moss":3,"minecraft:basalt":2,"travelersbackpack:standard":28,"minecraft:crafting_table":7,"minecraft:rose_bush":1,"divinerpg:bloodgem_ore":1,"minecraft:stone_slab":4,"biomesoplenty:sprout":22,"minecraft:lapis_ore":5,"minecraft:sculk":6,"minecraft:spruce_stairs":4,"minecraft:birch_planks":2,"minecraft:beehive":1,"regions_unexplored:redstone_bud":60,"minecraft:sea_pickle":3,"minecraft:sweet_berry_bush":62,"minecraft:ice":1,"minecraft:yellow_bed":8,"regions_unexplored:red_maple_leaf_pile":2,"minecraft:coal_ore":282,"biomesoplenty:fir_leaves":42,"regions_unexplored:mycotoxic_mushrooms":74,"minecraft:cyan_carpet":61,"minecraft:gray_carpet":33,"minecraft:stripped_acacia_wood":1,"regions_unexplored:glistering_ivy_plant":9,"travelersbackpack:enderman":1,"minecraft:mossy_stone_bricks":1},"minecraft:killed":{"alexsmobs:lobster":1,"minecraft:cave_spider":7,"divinerpg:cave_crawler":8,"naturalist:robin":1,"minecraft:skeleton":42,"minecraft:chicken":9,"divinerpg:whale":1,"iceandfire:dread_scuttler":20,"minecraft:magma_cube":12,"divinerpg:enthralled_dramcryx":1,"naturalist:firefly":5,"naturalist:snake":1,"minecraft:salmon":1,"minecraft:pillager":5,"minecraft:zombie":82,"alexsmobs:roadrunner":2,"mca:male_villager":1,"iceandfire:dread_ghoul":48,"minecraft:cow":13,"divinerpg:cyclops":3,"iceandfire:dread_beast":13,"naturalist:coral_snake":1,"divinerpg:glacon":5,"iceandfire:dread_knight":4,"iceandfire:siren":1,"divinerpg:rotatick":6,"divinerpg:kobblin":14,"minecraft:husk":5,"alexsmobs:guster":1,"iceandfire:cyclops":1,"divinerpg:arid_warrior":1,"divinerpg:pumpkin_spider":19,"alexsmobs:catfish":2,"divinerpg:miner":5,"iceandfire:ghost":8,"iceandfire:ice_dragon":1,"naturalist:lizard":2,"mca:female_villager":1,"minecraft:enderman":1,"minecraft:zombified_piglin":3,"minecraft:witch":2,"minecraft:spider":17,"naturalist:snail":1,"alexsmobs:banana_slug":3,"minecraft:silverfish":8,"minecraft:piglin_brute":4,"alexsmobs:kangaroo":1,"minecraft:piglin":6,"minecraft:pig":3,"minecraft:creeper":3,"aether:aechor_plant":1,"alexsmobs:crimson_mosquito":2,"minecraft:sheep":17,"alexsmobs:fly":11,"iceandfire:pixie":1,"crittersandcompanions:koi_fish":2,"minecraft:blaze":11,"minecraft:vex":1,"divinerpg:aequorea":3,"minecraft:slime":17,"minecraft:phantom":5,"iceandfire:dread_thrall":51,"iceandfire:fire_dragon":1,"naturalist:bass":1,"alexsmobs:flying_fish":1,"alexsmobs:skunk":1,"naturalist:butterfly":1,"naturalist:lizard_tail":1,"iceandfire:amphithere":1,"minecraft:hoglin":43,"alexsmobs:cockroach":1,"divinerpg:frost":4,"alexsmobs:crow":1,"minecraft:wither_skeleton":131,"biomemakeover:helmit_crab":1},"minecraft:used":{"minecraft:beetroot":3,"minecraft:spruce_slab":10,"iceandfire:dragon_skull_ice":1,"minecraft:chest":40,"minecraft:stone":1,"minecraft:rotten_flesh":18,"minecraft:soul_sand":21,"endermanoverhaul:mushroom_fields_enderman_spawn_egg":5,"naturalist:cooked_bass":1,"minecraft:snowball":32,"regions_unexplored:barley":46,"minecraft:villager_spawn_egg":1,"minecraft:music_disc_pigstep":1,"iceandfire:ghost_chest":1,"minecraft:netherite_hoe":21,"minecraft:dark_oak_slab":9,"minecraft:netherite_boots":1,"minecraft:bow":1,"minecraft:sweet_berries":131,"minecraft:furnace":10,"minecraft:egg":170,"minecraft:potato":54,"divinerpg:realmite_axe":9,"minecraft:diorite":21,"minecraft:cow_spawn_egg":47,"minecraft:spruce_door":4,"minecraft:stripped_birch_log":2,"minecraft:blackstone":17,"minecraft:wooden_pickaxe":212,"iceandfire:dread_stone_bricks":1,"iceandfire:armor_silver_metal_boots":1,"minecraft:glow_berries":1,"minecraft:sand":22,"mca:female_villager_spawn_egg":26,"biomesoplenty:fir_stairs":9,"minecraft:wooden_sword":80,"minecraft:oak_boat":1,"minecraft:stripped_acacia_wood":1,"minecraft:stone_sword":45,"alexsmobs:spawn_egg_cockroach":1236,"divinerpg:terran_dagger":16,"minecraft:netherrack":175,"minecraft:torch":151,"minecraft:anvil":3,"iceandfire:copper_sword":199,"minecraft:shroomlight":1,"minecraft:iron_axe":541,"minecraft:rooted_dirt":7,"minecraft:chicken_spawn_egg":81,"minecraft:mud_bricks":4,"minecraft:beef":1,"tombstone:gift":12,"minecraft:cobbled_deepslate":65,"minecraft:acacia_planks":19,"minecraft:wheat_seeds":110,"minecraft:water_bucket":776,"mca:male_villager_spawn_egg":23,"minecraft:birch_planks":3,"divinerpg:tomato":3,"minecraft:sheep_spawn_egg":32,"minecraft:salmon":1,"justhammers:diamond_hammer":53,"minecraft:tnt":2912,"biomesoplenty:fir_slab":3,"minecraft:crafting_table":11,"minecraft:white_bed":11,"justhammers:iron_hammer":2488,"minecraft:bat_spawn_egg":13,"minecraft:oak_log":1,"minecraft:diamond_pickaxe":205,"travelersbackpack:bookshelf":2,"minecraft:iron_pickaxe":1541,"minecraft:pig_spawn_egg":39,"minecraft:spruce_trapdoor":1,"minecraft:green_carpet":1,"minecraft:cobblestone":785,"travelersbackpack:standard":46,"minecraft:porkchop":13,"minecraft:cooked_porkchop":44,"naturalist:cooked_lizard_tail":1,"biomesoplenty:fir_log":12,"minecraft:jukebox":1,"alexsmobs:spawn_egg_banana_slug":131,"minecraft:iron_shovel":29,"alexsmobs:small_catfish_bucket":1,"minecraft:shield":257,"minecraft:iron_sword":59,"biomesoplenty:fir_button":1,"minecraft:player_head":1,"minecraft:iron_chestplate":5,"minecraft:mutton":11,"crittersandcompanions:koi_fish":2,"minecraft:carrot":1795,"minecraft:tuff":13,"divinerpg:realmite_block":1,"minecraft:obsidian":2,"minecraft:spruce_wood":5,"biomesoplenty:fir_sapling":9,"minecraft:dark_oak_wood":1,"iceandfire:dragonsteel_fire_sword":5,"minecraft:bedrock":222,"minecraft:brown_carpet":3,"alexsmobs:raw_catfish":2,"minecraft:stone_pickaxe":244,"minecraft:oak_planks":150,"biomesoplenty:fir_planks":57,"regions_unexplored:joshua_planks":8,"minecraft:white_wool":17,"minecraft:crossbow":1,"divinerpg:frost_sword":1,"iceandfire:dragonbone_sword_lightning":41,"divinerpg:inferno_sword":214,"minecraft:creeper_spawn_egg":105,"minecraft:bread":100,"minecraft:cyan_bed":5,"minecraft:string":7,"minecraft:gravel":92,"regions_unexplored:hanging_earlight_fruit":132,"iceandfire:dragon_skull_fire":1,"minecraft:cooked_rabbit":1,"minecraft:andesite":29,"alexsmobs:spawn_egg_crow":9,"minecraft:netherite_sword":1654,"divinerpg:realmite_pickaxe":213,"minecraft:flint_and_steel":395,"twilightforest:glass_sword":10,"minecraft:spruce_planks":47,"minecraft:cooked_chicken":2,"minecraft:oak_door":5,"minecraft:dirt":213,"minecraft:shulker_box":36,"minecraft:salmon_bucket":1,"minecraft:golden_chestplate":6,"minecraft:granite":2,"minecraft:birch_door":1,"minecraft:dark_oak_planks":175,"minecraft:wooden_axe":137,"alexsmobs:maggot":9,"crittersandcompanions:koi_fish_bucket":1,"minecraft:light_gray_wool":1,"biomesoplenty:orange_sandstone":1,"minecraft:stone_pressure_plate":1,"minecraft:cooked_beef":10,"minecraft:powder_snow_bucket":4,"minecraft:pumpkin":40,"minecraft:cooked_mutton":13,"minecraft:baked_potato":7,"iceandfire:dread_knight_sword":11,"minecraft:painting":7,"travelersbackpack:ghast":5,"biomemakeover:button_mushrooms_music_disk":1,"minecraft:cracked_polished_blackstone_bricks":16,"minecraft:apple":34,"justhammers:stone_hammer":241,"biomesoplenty:toadstool":1,"minecraft:stone_axe":151,"iceandfire:silver_hoe":1091,"aether:golden_parachute":1,"minecraft:bucket":781,"minecraft:yellow_bed":3,"alexsmobs:animal_dictionary":1,"iceandfire:silver_shovel":231},"minecraft:killed_by":{"minecraft:piglin_brute":3,"iceandfire:siren":1,"minecraft:pillager":2,"divinerpg:rotatick":3,"minecraft:vindicator":6,"minecraft:zombie":6,"alexsmobs:grizzly_bear":1,"divinerpg:wildfire":2,"minecraft:vex":1,"minecraft:husk":8,"divinerpg:arid_warrior":5,"divinerpg:glacon":3,"iceandfire:ghost":5,"divinerpg:ender_spider":1,"minecraft:wither_skeleton":60,"minecraft:creeper":4,"divinerpg:cave_crawler":2,"aether:valkyrie":2,"divinerpg:kobblin":11,"minecraft:drowned":1,"iceandfire:dread_ghoul":1,"divinerpg:hell_spider":1,"alexsmobs:crocodile":1,"minecraft:cave_spider":3,"iceandfire:ice_dragon":8,"iceandfire:fire_dragon":1,"minecraft:player":38,"iceandfire:dread_scuttler":2,"iceandfire:deathworm":1,"minecraft:spider":4,"iceandfire:gorgon":1,"minecraft:hoglin":2,"minecraft:skeleton":7,"divinerpg:pumpkin_spider":12},"minecraft:picked_up":{"iceandfire:dread_stone_bricks":3,"minecraft:iron_chestplate":10,"minecraft:birch_door":2,"minecraft:chainmail_boots":1,"iceandfire:copper_sword":1,"minecraft:flower_pot":1,"regions_unexplored:glistering_sprout":41,"minecraft:stone_slab":6,"minecraft:lead":6,"minecraft:diamond_sword":2,"securitycraft:taser":8,"regions_unexplored:silt_dirt":126,"regions_unexplored:cobalt_earlight":5,"minecraft:oak_stairs":11,"minecraft:wither_rose":5,"minecraft:enchanted_book":2,"divinerpg:bloodgem_ore":1,"aether:ambrosium_torch":4,"minecraft:polished_deepslate":1,"iceandfire:manuscript":1,"minecraft:polished_blackstone_brick_stairs":1,"minecraft:string":87,"biomemakeover:cladded_chestplate":1,"minecraft:red_nether_bricks":1,"minecraft:shroomlight":6,"minecraft:beetroot":3,"minecraft:gold_nugget":105,"regions_unexplored:pine_log":2,"minecraft:cobbled_deepslate":5134,"travelersbackpack:enderman":4,"minecraft:spruce_planks":77,"crittersandcompanions:koi_fish":2,"divinerpg:raw_arlemite":60,"minecraft:enchanted_golden_apple":1,"minecraft:coal_block":13,"minecraft:golden_helmet":1,"minecraft:white_glazed_terracotta":8,"minecraft:beehive":1,"regions_unexplored:barrel_cactus":9,"divinerpg:skeleton_torch":1,"minecraft:sandstone_wall":1,"tombstone:bone_needle":2,"minecraft:golden_axe":1,"regions_unexplored:raw_redstone_block":7,"mca:female_villager_spawn_egg":1,"minecraft:end_crystal":3,"minecraft:golden_chestplate":1,"minecraft:brown_carpet":44,"divinerpg:realmite_boots":1,"iceandfire:armor_silver_metal_boots":2,"divinerpg:ice_shards":29,"minecraft:honey_bottle":2,"iceandfire:deathworm_chitin_yellow":4,"minecraft:carved_pumpkin":24,"biomesoplenty:fir_slab":3,"minecraft:blaze_rod":4,"alexsmobs:spawn_egg_cockroach":1,"minecraft:iron_bars":3,"minecraft:snowball":335,"iceandfire:sapphire_gem":1,"minecraft:magma_block":59,"minecraft:feather":44,"minecraft:cooked_beef":8,"minecraft:water_bucket":8,"divinerpg:tomato":4,"biomesoplenty:fir_sapling":15,"biomesoplenty:fir_log":134,"minecraft:flint":23,"biomesoplenty:fir_stairs":1,"divinerpg:realmite_chestplate":1,"regions_unexplored:cobalt_roots":11,"minecraft:purple_carpet":2,"minecraft:hanging_roots":1,"minecraft:dark_oak_sign":2,"regions_unexplored:yellow_bioshroom_stem":27,"minecraft:rabbit":1,"minecraft:diamond_helmet":1,"aether:book_of_lore":1,"minecraft:glowstone_dust":15,"minecraft:moss_block":6,"minecraft:honeycomb":1,"divinerpg:realmite_shield":1,"regions_unexplored:bamboo_log":4,"divinerpg:realmite_pickaxe":1,"divinerpg:realmite_ingot":16,"iceandfire:dragonscales_sapphire":9,"minecraft:warped_wart_block":6,"minecraft:stripped_acacia_wood":1,"alexsmobs:animal_dictionary":2,"biomesoplenty:hellbark_log":6,"minecraft:bundle":5,"regions_unexplored:glister_bulb":4,"regions_unexplored:hyssop":8,"alexsmobs:guster_eye":1,"minecraft:granite":486,"minecraft:bread":76,"minecraft:rooted_dirt":12,"iceandfire:gorgon_head":1,"alexsmobs:maggot":17,"minecraft:light_gray_carpet":4,"regions_unexplored:cobalt_log":15,"iceandfire:raw_silver":67,"minecraft:diamond_pickaxe":1,"minecraft:crafting_table":9,"iceandfire:witherbone":59,"minecraft:nether_wart":198,"minecraft:clay_ball":142,"minecraft:leather_leggings":3,"aether:aether_dirt":16,"divinerpg:arlemite_shickaxe":1,"regions_unexplored:mycotoxic_daisy":3,"minecraft:cornflower":2,"iceandfire:frozen_grass":16,"regions_unexplored:poppy_bush":12,"minecraft:flint_and_steel":2,"minecraft:iron_shovel":1,"iceandfire:ghost_ingot":1,"iceandfire:graveyard_soil":8,"iceandfire:bestiary":1,"minecraft:netherite_sword":4,"regions_unexplored:maple_leaf_pile":10,"minecraft:beef":32,"iceandfire:armor_silver_metal_leggings":2,"iceandfire:dread_knight_sword":1,"iceandfire:dread_shard":3,"minecraft:iron_nugget":4,"minecraft:poppy":3,"minecraft:spruce_slab":9,"regions_unexplored:glister_spire":2,"minecraft:chest":14,"aether:blue_gummy_swet":1,"minecraft:egg":289,"divinerpg:crab_claw":1,"alexsmobs:cockroach_wing":8,"regions_unexplored:glistering_wart":2,"minecraft:sandstone":24,"minecraft:stone":1,"minecraft:oak_door":5,"alexsmobs:cockroach_ootheca":1,"divinerpg:terran_shards":77,"minecraft:spruce_fence":2,"minecraft:carrot":2807,"minecraft:redstone":452,"minecraft:tnt":1464,"aether:skyroot_log":1,"regions_unexplored:mauve_sapling":1,"minecraft:beetroot_seeds":11,"regions_unexplored:joshua_log":6,"divinerpg:molten_shards":5,"regions_unexplored:felicia_daisy":2,"minecraft:shears":2,"minecraft:hay_block":56,"tombstone:essence_of_undeath":1,"minecraft:gold_ingot":29,"minecraft:mutton":33,"minecraft:white_wool":91,"biomesoplenty:orange_sand":57,"minecraft:rail":2,"minecraft:oxeye_daisy":2,"minecraft:stripped_oak_log":5,"minecraft:mud_bricks":4,"iceandfire:sea_serpent_fang":4,"minecraft:tripwire_hook":3,"minecraft:red_mushroom":14,"minecraft:acacia_wood":2,"minecraft:oak_log":72,"alexsmobs:mosquito_proboscis":1,"minecraft:paper":9,"tombstone:gift":3,"minecraft:apple":30,"regions_unexplored:glistering_ivy":12,"alexsmobs:cockroach_wing_fragment":18,"minecraft:warped_stem":30,"regions_unexplored:redwood_sapling":1,"minecraft:stone_pickaxe":1,"regions_unexplored:brimwood_log":57,"minecraft:iron_sword":3,"minecraft:flowering_azalea":2,"minecraft:dark_oak_stairs":5,"aether:golden_gummy_swet":3,"iceandfire:copper_nugget":28,"minecraft:sweet_berries":162,"iceandfire:dragonsteel_fire_sword":1,"aether:enchanted_dart":5,"minecraft:red_wool":12,"minecraft:gravel":175,"minecraft:spruce_log":12,"travelersbackpack:standard":40,"minecraft:slime_ball":95,"regions_unexplored:fireweed":1,"minecraft:painting":10,"minecraft:gray_wool":4,"iceandfire:ice_dragon_flesh":2,"minecraft:warped_roots":3,"minecraft:baked_potato":7,"minecraft:ender_pearl":2,"biomesoplenty:burning_blossom":16,"minecraft:black_carpet":19,"alexsmobs:maraca":1,"minecraft:wheat":128,"minecraft:redstone_block":2,"tombstone:tablet_of_home":1,"aether:iron_gloves":1,"regions_unexplored:brimsprout":25,"minecraft:potion":1,"minecraft:gilded_blackstone":2,"tombstone:grave_key":1,"minecraft:raw_copper":318,"minecraft:sticky_piston":9,"minecraft:iron_leggings":11,"minecraft:red_candle":10,"minecraft:armor_stand":5,"minecraft:experience_bottle":3,"biomesoplenty:brimstone":6,"minecraft:sea_pickle":8,"alexsmobs:blood_sac":2,"minecraft:bucket":2,"biomesoplenty:fir_planks":5,"minecraft:rose_bush":5,"minecraft:redstone_torch":1,"minecraft:smooth_quartz":11,"minecraft:iron_pickaxe":8,"alexsmobs:raccoon_tail":1,"iceandfire:frozen_gravel":1,"minecraft:iron_boots":4,"minecraft:furnace":4,"iceandfire:pixie_dust":1,"minecraft:tipped_arrow":10,"biomesoplenty:rose_quartz_block":21,"minecraft:stick":78,"iceandfire:ghost_chest":3,"minecraft:oak_fence":20,"minecraft:torch":389,"minecraft:spruce_stairs":5,"minecraft:porkchop":160,"iceandfire:rotten_egg":5,"minecraft:pointed_dripstone":7,"tombstone:grave_dust":31,"minecraft:diorite":792,"aether:golden_gloves":1,"regions_unexplored:daisy":3,"regions_unexplored:barley":723,"aether:zanite_ring":1,"minecraft:cactus":4,"minecraft:rotten_flesh":250,"regions_unexplored:mauve_log":26,"minecraft:obsidian":4,"minecraft:cobblestone":6947,"minecraft:nautilus_shell":1,"minecraft:pink_petals":1,"minecraft:leather_chestplate":2,"minecraft:repeater":1,"minecraft:andesite":658,"regions_unexplored:cherry_shrub":1,"minecraft:potato":65,"divinerpg:fury_arrow":1,"minecraft:tuff":214,"minecraft:wither_skeleton_skull":1,"naturalist:lizard_tail":1,"minecraft:lapis_lazuli":617,"minecraft:dirt":558,"minecraft:name_tag":1,"biomemakeover:crude_cladding":1,"minecraft:leather_boots":2,"travelersbackpack:bookshelf":2,"minecraft:bone":292,"minecraft:acacia_planks":25,"minecraft:bow":3,"minecraft:wheat_seeds":620,"minecraft:raw_gold":182,"biomemakeover:cladded_leggings":1,"minecraft:mossy_stone_bricks":2,"friendsandfoes:wildfire_crown_fragment":1,"minecraft:bamboo":909,"minecraft:cyan_candle":78,"minecraft:oak_planks":132,"divinerpg:realmite_block":99,"biomesoplenty:toadstool":20,"regions_unexplored:mycotoxic_mushrooms":163,"minecraft:cooked_porkchop":61,"justhammers:iron_hammer":9,"minecraft:sand":57,"minecraft:cyan_bed":7,"iceandfire:frozen_dirt":49,"divinerpg:aquatic_pellets":4,"iceandfire:dragonbone_sword_lightning":1,"minecraft:shulker_box":35,"minecraft:mossy_cobblestone":4,"minecraft:dark_prismarine":15,"regions_unexplored:glistering_bloom":2,"minecraft:yellow_carpet":10,"regions_unexplored:hanging_earlight_fruit":326,"minecraft:diamond":32,"minecraft:soul_lantern":2,"iceandfire:dragon_ice":9,"aether:ambrosium_shard":1,"minecraft:cracked_polished_blackstone_bricks":16,"minecraft:crossbow":5,"minecraft:bone_meal":1,"minecraft:golden_apple":2,"minecraft:spruce_sign":2,"minecraft:emerald":16,"alexsmobs:banana_slug_slime":34,"minecraft:oak_sapling":9,"minecraft:netherrack":229,"iceandfire:silver_nugget":204,"mca:bouquet":1,"aether:aechor_petal":1,"regions_unexplored:mycotoxic_grass":31,"minecraft:splash_potion":1,"minecraft:chicken":18,"minecraft:ladder":4,"minecraft:turtle_helmet":1,"minecraft:rabbit_stew":1,"minecraft:brown_mushroom":4,"biomesoplenty:flesh":11,"minecraft:cooked_rabbit":3,"minecraft:gold_block":21,"divinerpg:corrupted_shards":6,"minecraft:chain":2,"regions_unexplored:red_maple_leaf_pile":14,"minecraft:shield":8,"iceandfire:silver_hoe":6,"minecraft:moss_carpet":20,"divinerpg:aqua_ball":9,"iceandfire:frozen_stone":9,"minecraft:iron_axe":3,"divinerpg:inferno_sword":1,"regions_unexplored:spruce_shrub":1,"minecraft:item_frame":16,"minecraft:blackstone":37,"minecraft:cyan_carpet":118,"regions_unexplored:cobalt_sapling":2,"biomesoplenty:black_sand":4,"minecraft:oak_boat":1,"minecraft:player_head":24,"travelersbackpack:black_sleeping_bag":1,"minecraft:light_gray_wool":17,"biomesoplenty:wildflower":2,"minecraft:sugar_cane":19,"minecraft:spruce_trapdoor":9,"minecraft:raw_iron":725,"iceandfire:dragonbone":7,"regions_unexplored:silver_birch_leaf_pile":10,"aether:golden_parachute":2,"iceandfire:deathworm_chitin_red":2,"regions_unexplored:blue_lupine":1,"minecraft:note_block":27,"minecraft:polished_blackstone_bricks":76,"divinerpg:ice_stone":3,"minecraft:dark_oak_planks":47,"minecraft:purple_terracotta":1,"minecraft:stone_pressure_plate":2,"regions_unexplored:silt_grass_block":1,"minecraft:purple_candle":9,"divinerpg:white_mushroom":1,"iceandfire:silver_ingot":8,"minecraft:arrow":112,"iceandfire:cyclops_eye":1,"regions_unexplored:redstone_bulb":9,"minecraft:pumpkin_pie":2,"minecraft:jungle_stairs":2,"minecraft:nether_bricks":5,"biomesoplenty:orange_sandstone":2,"divinerpg:raw_realmite":304,"crittersandcompanions:silk":19,"minecraft:saddle":2,"minecraft:skeleton_skull":5,"regions_unexplored:dorcel":3,"minecraft:netherite_boots":2,"regions_unexplored:glistering_fern":9,"travelersbackpack:ghast":5,"minecraft:basalt":2,"regions_unexplored:hanging_prismarite":2,"divinerpg:raw_rupee":31,"minecraft:glow_ink_sac":30,"minecraft:salmon":1,"minecraft:leather":59,"minecraft:birch_planks":1,"minecraft:bedrock":1,"minecraft:crimson_fungus":2,"minecraft:chainmail_chestplate":1,"regions_unexplored:red_lupine":3,"iceandfire:ectoplasm":11,"iceandfire:dread_stone_bricks_cracked":2,"minecraft:yellow_bed":3,"minecraft:gunpowder":37,"minecraft:cobblestone_stairs":10,"mca:book_romance":4,"biomemakeover:button_mushrooms_music_disk":2,"regions_unexplored:tall_cobalt_earlight":7,"naturalist:glow_goop":11,"minecraft:cooked_mutton":4,"naturalist:bass":1,"minecraft:gray_carpet":37,"minecraft:rabbit_hide":69,"minecraft:iron_ingot":102,"minecraft:cooked_chicken":2,"minecraft:soul_sand":67,"regions_unexplored:yellow_bioshroom":3,"minecraft:acacia_sapling":2,"regions_unexplored:yellow_lupine":6,"regions_unexplored:orange_maple_leaf_pile":3,"minecraft:book":153,"minecraft:warped_fungus":2,"minecraft:pumpkin":44,"minecraft:stone_brick_slab":53,"minecraft:quartz":28,"minecraft:dandelion":5,"minecraft:raw_iron_block":2,"minecraft:lava_bucket":1,"alexsmobs:sombrero":2,"biomesoplenty:porous_flesh":1,"minecraft:white_bed":4,"divinerpg:ender_shards":1,"minecraft:spruce_door":2,"minecraft:green_carpet":12,"minecraft:spider_eye":16,"aether:skyroot_remedy_bucket":1,"alexsmobs:raw_catfish":2,"biomesoplenty:bramble":26,"minecraft:chainmail_leggings":1,"minecraft:iron_helmet":12,"securitycraft:keypad_barrel":320,"regions_unexplored:maple_log":1,"tombstone:magic_scroll":1,"minecraft:netherite_hoe":1,"minecraft:black_wool":4,"minecraft:dark_oak_wood":3,"regions_unexplored:hibiscus":5,"minecraft:coal":910,"regions_unexplored:small_oak_log":1,"regions_unexplored:pointed_redstone":8},"minecraft:custom":{"minecraft:interact_with_crafting_table":218,"minecraft:open_barrel":138,"minecraft:eat_cake_slice":5,"minecraft:leave_game":60,"minecraft:time_since_death":26867,"minecraft:damage_blocked_by_shield":9407,"minecraft:play_time":3136013,"minecraft:deaths":255,"tombstone:tomb_raiding":24,"minecraft:jump":61970,"minecraft:interact_with_furnace":703,"minecraft:play_record":2,"minecraft:interact_with_cartography_table":1,"minecraft:sleep_in_bed":45,"tombstone:sneak_grave":5,"minecraft:damage_dealt":149450,"tombstone:undead_killed":397,"minecraft:interact_with_smoker":2,"minecraft:inspect_dispenser":4,"minecraft:interact_with_smithing_table":2,"minecraft:interact_with_anvil":14,"minecraft:sneak_time":75345,"minecraft:interact_with_blast_furnace":6,"minecraft:total_world_time":3136013,"tombstone:raider_killed":22,"minecraft:tune_noteblock":3,"minecraft:time_since_rest":26434,"minecraft:swim_one_cm":1829567,"minecraft:fly_one_cm":19034416,"minecraft:open_chest":1743,"minecraft:fall_one_cm":1436725,"minecraft:animals_bred":60,"minecraft:open_shulker_box":77,"minecraft:damage_resisted":292,"minecraft:sprint_one_cm":7771411,"minecraft:drop":962,"minecraft:play_noteblock":36,"minecraft:talked_to_villager":3,"minecraft:walk_on_water_one_cm":557988,"minecraft:interact_with_loom":5,"minecraft:player_kills":75,"minecraft:crouch_one_cm":151036,"tombstone:villager_killed":2,"minecraft:mob_kills":747,"minecraft:interact_with_campfire":1,"minecraft:damage_dealt_resisted":3862,"minecraft:climb_one_cm":85049,"minecraft:walk_one_cm":6112001,"minecraft:walk_under_water_one_cm":732011,"minecraft:boat_one_cm":38495,"minecraft:interact_with_grindstone":2,"minecraft:damage_absorbed":10,"minecraft:damage_taken":2147483647,"minecraft:trigger_trapped_chest":7},"minecraft:broken":{"minecraft:iron_boots":4,"minecraft:iron_chestplate":5,"minecraft:iron_leggings":6,"minecraft:wooden_sword":1,"minecraft:chainmail_leggings":1,"biomemakeover:cladded_leggings":1,"aether:iron_gloves":4,"minecraft:wooden_pickaxe":3,"minecraft:shield":2,"minecraft:iron_axe":1,"minecraft:iron_pickaxe":4,"minecraft:iron_helmet":9,"minecraft:netherite_boots":1,"minecraft:leather_leggings":2,"minecraft:stone_pickaxe":1,"minecraft:stone_axe":1,"minecraft:wooden_axe":2,"iceandfire:armor_silver_metal_boots":1,"iceandfire:silver_hoe":1,"minecraft:golden_chestplate":1,"minecraft:diamond_chestplate":1,"divinerpg:elite_realmite_helmet":1,"iceandfire:dread_knight_sword":1,"divinerpg:elite_realmite_boots":1,"justhammers:iron_hammer":1,"minecraft:leather_chestplate":1,"minecraft:leather_boots":3,"minecraft:netherite_sword":1},"minecraft:crafted":{"minecraft:blaze_powder":8,"iceandfire:silver_shovel":1,"naturalist:cooked_bass":1,"minecraft:cooked_mutton":13,"minecraft:glass":12,"divinerpg:rupee_block":3,"divinerpg:elite_realmite_boots":1,"iceandfire:armor_copper_metal_chestplate":1,"minecraft:cooked_rabbit":1,"minecraft:cooked_porkchop":27,"regions_unexplored:yellow_bioshroom_planks":40,"travelersbackpack:standard":1,"minecraft:copper_ingot":227,"divinerpg:inferno_sword":1,"minecraft:iron_pickaxe":5,"minecraft:iron_block":53,"minecraft:gold_ingot":219,"minecraft:golden_carrot":66,"iceandfire:armor_copper_metal_leggings":1,"iceandfire:armor_copper_metal_helmet":1,"minecraft:diamond":9,"regions_unexplored:mauve_planks":8,"minecraft:spruce_slab":6,"minecraft:stone_pickaxe":1,"minecraft:redstone_block":33,"iceandfire:armor_silver_metal_boots":2,"divinerpg:realmite_block":32,"minecraft:wheat":45,"minecraft:coal_block":59,"securitycraft:taser":1,"iceandfire:silver_block":1,"minecraft:wooden_axe":4,"minecraft:iron_shovel":1,"minecraft:iron_leggings":3,"divinerpg:elite_realmite_leggings":1,"biomesoplenty:fir_button":1,"minecraft:white_bed":1,"divinerpg:arlemite_ingot":60,"minecraft:oak_planks":296,"minecraft:cooked_chicken":1,"minecraft:stone":2228,"naturalist:cooked_lizard_tail":1,"iceandfire:armor_copper_metal_boots":1,"minecraft:bamboo_block":97,"minecraft:iron_boots":1,"divinerpg:terran_stone":9,"regions_unexplored:brimwood_planks":4,"divinerpg:elite_realmite_helmet":1,"iceandfire:armor_silver_metal_leggings":2,"justhammers:diamond_hammer":5,"minecraft:chest":24,"minecraft:copper_block":22,"minecraft:stone_bricks":4,"minecraft:crafting_table":5,"minecraft:spruce_planks":44,"divinerpg:ice_stone":1,"minecraft:wooden_pickaxe":5,"minecraft:baked_potato":7,"minecraft:iron_helmet":3,"minecraft:gold_block":21,"biomesoplenty:fir_planks":260,"minecraft:dark_oak_slab":12,"minecraft:iron_chestplate":5,"minecraft:shield":7,"minecraft:stick":320,"minecraft:iron_ingot":689,"minecraft:stone_sword":1,"minecraft:wooden_sword":1,"minecraft:oak_door":3,"minecraft:coal":18,"minecraft:raw_iron":18,"minecraft:leather_boots":2,"divinerpg:arlemite_block":6,"minecraft:furnace":9,"minecraft:diamond_block":3,"minecraft:flint_and_steel":1,"regions_unexplored:joshua_planks":24,"minecraft:iron_axe":4,"divinerpg:realmite_ingot":278,"minecraft:cooked_beef":10,"divinerpg:rupee_ingot":31,"iceandfire:silver_ingot":50,"travelersbackpack:backpack_tank":2,"minecraft:iron_sword":1,"minecraft:bowl":4,"travelersbackpack:black_sleeping_bag":1,"minecraft:bucket":1,"minecraft:stone_axe":1,"minecraft:air":0,"minecraft:bread":18,"aether:iron_gloves":2,"minecraft:oak_boat":1,"iceandfire:armor_silver_metal_helmet":1,"justhammers:iron_hammer":28,"divinerpg:elite_realmite_chestplate":1,"minecraft:gold_nugget":423,"justhammers:stone_hammer":2,"minecraft:anvil":1,"minecraft:torch":160,"minecraft:lapis_block":68,"iceandfire:silver_hoe":4},"minecraft:dropped":{"biomesoplenty:fir_log":8,"iceandfire:raw_silver":12,"aether:golden_parachute":1,"minecraft:cooked_beef":7,"minecraft:cooked_porkchop":19,"minecraft:crossbow":6,"minecraft:dark_oak_slab":3,"iceandfire:ectoplasm":1,"minecraft:saddle":1,"minecraft:leather_helmet":1,"minecraft:red_mushroom":3,"minecraft:emerald":6,"regions_unexplored:glistering_bloom":2,"minecraft:dirt":17,"alexsmobs:spawn_egg_cockroach":2,"iceandfire:armor_copper_metal_boots":3,"minecraft:netherite_boots":1,"minecraft:sand":4,"minecraft:iron_pickaxe":8,"minecraft:dark_oak_planks":1,"divinerpg:realmite_ingot":35,"minecraft:white_wool":7,"divinerpg:realmite_chestplate":3,"regions_unexplored:redstone_bulb":1,"minecraft:end_crystal":3,"minecraft:bone":33,"minecraft:oak_door":1,"biomesoplenty:toadstool":1,"minecraft:sugar_cane":6,"minecraft:iron_nugget":4,"minecraft:golden_chestplate":1,"minecraft:cobbled_deepslate":1943,"alexsmobs:animal_dictionary":1,"aether:golden_gloves":1,"minecraft:netherite_sword":5,"minecraft:obsidian":5,"tombstone:gift":3,"minecraft:rotten_flesh":131,"minecraft:oak_planks":32,"minecraft:glowstone_dust":5,"minecraft:light_gray_carpet":4,"divinerpg:realmite_leggings":3,"justhammers:iron_hammer":6,"minecraft:white_bed":1,"alexsmobs:leafcutter_ant_pupa":1,"iceandfire:sapphire_gem":1,"twilightforest:experiment_115":3,"iceandfire:ghost_chest":2,"biomesoplenty:wildflower":1,"minecraft:leather_boots":1,"minecraft:acacia_sapling":1,"minecraft:leather_leggings":2,"minecraft:red_nether_bricks":1,"minecraft:glass":3,"mca:male_villager_spawn_egg":1,"divinerpg:white_mushroom":1,"minecraft:egg":228,"alexsmobs:mosquito_proboscis":1,"minecraft:enchanted_book":1,"minecraft:iron_ingot":23,"minecraft:wheat_seeds":42,"minecraft:tnt":94,"minecraft:golden_horse_armor":1,"divinerpg:ice_shards":4,"minecraft:creeper_spawn_egg":1,"minecraft:oak_fence":100,"divinerpg:terran_dagger":4,"minecraft:iron_helmet":3,"minecraft:feather":3,"minecraft:cobblestone":601,"minecraft:apple":6,"minecraft:granite":318,"alexsmobs:spawn_egg_banana_slug":1,"minecraft:music_disc_pigstep":1,"minecraft:spruce_door":1,"minecraft:chicken_spawn_egg":1,"minecraft:bamboo_block":97,"regions_unexplored:daisy":3,"regions_unexplored:small_oak_log":1,"minecraft:rose_bush":1,"regions_unexplored:barley":27,"minecraft:stripped_birch_log":1,"minecraft:oak_stairs":3,"divinerpg:realmite_pickaxe":5,"alexsmobs:rainbow_glass":3,"biomemakeover:button_mushrooms_music_disk":1,"regions_unexplored:silver_birch_leaf_pile":10,"iceandfire:dragonsteel_fire_sword":3,"minecraft:iron_shovel":2,"minecraft:paper":9,"minecraft:string":41,"biomesoplenty:fir_stairs":2,"minecraft:acacia_planks":2,"twilightforest:glass_sword":1,"minecraft:moss_carpet":2,"regions_unexplored:bamboo_log":1,"minecraft:dark_oak_sign":2,"minecraft:chicken":1,"minecraft:iron_boots":2,"regions_unexplored:hyssop":7,"iceandfire:armor_copper_metal_helmet":2,"minecraft:nether_bricks":5,"divinerpg:arlemite_shickaxe":2,"minecraft:potato":1,"minecraft:stone":730,"minecraft:spruce_trapdoor":5,"minecraft:spruce_planks":7,"minecraft:diamond_pickaxe":2,"minecraft:carved_pumpkin":48,"minecraft:spider_eye":9,"minecraft:stone_pressure_plate":1,"biomesoplenty:orange_sandstone":1,"minecraft:sandstone":24,"divinerpg:realmite_boots":6,"minecraft:bow":1,"iceandfire:sea_serpent_fang":4,"regions_unexplored:silt_dirt":22,"minecraft:dark_prismarine":4,"regions_unexplored:blue_lupine":1,"regions_unexplored:cobalt_roots":11,"minecraft:spruce_sign":2,"minecraft:soul_sand":7,"minecraft:dark_oak_stairs":2,"alexsmobs:banana_slug_slime":2,"minecraft:oak_log":105,"iceandfire:silver_axe":1,"divinerpg:realmite_shield":5,"divinerpg:raw_realmite":19,"regions_unexplored:glister_spire":2,"minecraft:leather":14,"divinerpg:torridite_ingot":4,"regions_unexplored:cobalt_sapling":2,"regions_unexplored:dorcel":3,"divinerpg:elite_realmite_helmet":1,"minecraft:bedrock":1,"travelersbackpack:standard":13,"biomesoplenty:fir_sapling":6,"minecraft:flint":3,"minecraft:cobblestone_stairs":2,"regions_unexplored:red_maple_leaf_pile":7,"regions_unexplored:brimsprout":3,"minecraft:polished_blackstone_brick_stairs":1,"minecraft:snowball":102,"regions_unexplored:maple_log":1,"iceandfire:silver_hoe":3,"regions_unexplored:yellow_bioshroom":1,"minecraft:gold_ingot":4,"minecraft:armor_stand":1,"minecraft:gravel":74,"regions_unexplored:tall_cobalt_earlight":7,"biomesoplenty:bramble":26,"divinerpg:realmite_helmet":4,"divinerpg:realmite_block":85,"securitycraft:taser":7,"friendsandfoes:wildfire_crown":3,"minecraft:carrot":369,"divinerpg:terran_shards":1,"regions_unexplored:mycotoxic_grass":11,"minecraft:poppy":1,"minecraft:rabbit_hide":64,"minecraft:leather_chestplate":2,"minecraft:gunpowder":13,"regions_unexplored:hanging_earlight_fruit":206,"iceandfire:pixie_dust":1,"minecraft:chainmail_boots":1,"minecraft:chest":8,"iceandfire:dread_knight_sword":3,"minecraft:arrow":46,"iceandfire:armor_copper_metal_leggings":2,"minecraft:netherrack":4,"minecraft:water_bucket":8,"minecraft:bread":139,"minecraft:purple_terracotta":1,"minecraft:mossy_cobblestone":3,"minecraft:diamond_leggings":1,"divinerpg:realmite_axe":3,"minecraft:lead":4,"iceandfire:armor_copper_metal_chestplate":3,"minecraft:golden_axe":1,"regions_unexplored:yellow_lupine":2,"iceandfire:cyclops_eye":1,"minecraft:spruce_stairs":3,"minecraft:orange_candle":4,"alexsmobs:maraca":1,"minecraft:stick":20,"biomesoplenty:orange_sand":53,"mca:book_romance":2,"minecraft:diorite":647,"tombstone:magic_scroll":1,"minecraft:torch":148,"iceandfire:armor_silver_metal_chestplate":1,"travelersbackpack:enderman":4,"tombstone:grave_dust":11,"minecraft:iron_leggings":5,"minecraft:green_carpet":9,"minecraft:cyan_candle":8,"minecraft:iron_axe":2,"regions_unexplored:poppy_bush":4,"regions_unexplored:spruce_shrub":1,"minecraft:tripwire_hook":3,"minecraft:bucket":1,"minecraft:dandelion":2,"minecraft:redstone":19,"minecraft:polished_deepslate":1,"minecraft:nether_brick_slab":2,"minecraft:anvil":2,"alexsmobs:maggot":1,"minecraft:sweet_berries":48,"divinerpg:ice_stone":1,"minecraft:nether_wart":6,"regions_unexplored:cobalt_earlight":5,"minecraft:raw_copper":52,"friendsandfoes:wildfire_crown_fragment":1,"minecraft:tuff":46,"minecraft:raw_iron":2,"iceandfire:witherbone":2,"minecraft:wither_skeleton_skull":1,"securitycraft:keypad_barrel":384,"mca:female_villager_spawn_egg":2,"minecraft:shulker_box":30,"minecraft:flint_and_steel":4,"minecraft:shield":2,"biomesoplenty:fir_planks":26,"divinerpg:realmite_sword":6,"regions_unexplored:maple_leaf_pile":10,"iceandfire:rotten_egg":2,"aether:iron_gloves":1,"minecraft:iron_chestplate":4,"minecraft:andesite":505,"minecraft:mossy_stone_bricks":2,"minecraft:oak_sapling":4,"minecraft:diamond_boots":1,"minecraft:spruce_log":1,"minecraft:slime_ball":3,"minecraft:stone_pickaxe":1,"minecraft:wooden_pickaxe":1}},"DataVersion":3465}