{"stats":{"minecraft:mined":{"regions_unexplored:spruce_shrub":1,"minecraft:oak_sapling":1,"regions_unexplored:barley":534,"minecraft:oak_door":1,"minecraft:grass_block":1,"minecraft:mud_bricks":4,"minecraft:moss_block":3,"minecraft:large_fern":2,"minecraft:hay_block":27,"regions_unexplored:mossy_stone":2,"minecraft:andesite":4,"minecraft:potted_dandelion":1,"minecraft:dirt_path":2,"minecraft:vine":2,"crittersandcompanions:silk_cocoon":2,"regions_unexplored:medium_grass":64,"minecraft:bamboo":83,"regions_unexplored:small_oak_log":1,"minecraft:stone":51,"regions_unexplored:windswept_grass":2,"regions_unexplored:silt_grass_block":5,"regions_unexplored:barrel_cactus":7,"minecraft:brown_mushroom":2,"minecraft:crafting_table":1,"minecraft:torch":6,"regions_unexplored:silt_dirt":4,"iceandfire:ghost_chest":3,"minecraft:dead_bush":1,"minecraft:tall_grass":71,"minecraft:cobblestone":1,"regions_unexplored:mauve_log":26,"divinerpg:divine_slab":1,"minecraft:oak_planks":4,"minecraft:sugar_cane":6,"minecraft:wall_torch":14,"regions_unexplored:bamboo_log":2,"minecraft:diorite":1,"minecraft:skeleton_skull":4,"regions_unexplored:hyssop":1,"minecraft:wheat":12,"regions_unexplored:mauve_leaves":2,"minecraft:tnt":2,"minecraft:yellow_bed":3,"minecraft:wither_rose":3,"minecraft:grass":80,"regions_unexplored:cherry_shrub":1,"regions_unexplored:joshua_log":8,"minecraft:coal_ore":18,"minecraft:oak_log":42,"minecraft:beetroots":4,"minecraft:oak_leaves":2,"regions_unexplored:fireweed":1,"minecraft:fern":11},"minecraft:killed_by":{"minecraft:player":2,"iceandfire:deathworm":1,"divinerpg:cave_crawler":1,"iceandfire:siren":1,"divinerpg:kobblin":2,"minecraft:drowned":1,"alexsmobs:crocodile":1,"iceandfire:ghost":3,"divinerpg:ender_spider":1},"minecraft:used":{"minecraft:beetroot":1,"minecraft:stone_sword":45,"minecraft:chest":6,"minecraft:shield":12,"minecraft:iron_sword":6,"minecraft:torch":17,"minecraft:mutton":9,"naturalist:cooked_bass":1,"minecraft:wooden_axe":49,"alexsmobs:maggot":4,"iceandfire:ghost_chest":1,"minecraft:mud_bricks":4,"iceandfire:dragonsteel_fire_sword":4,"minecraft:furnace":1,"tombstone:gift":4,"minecraft:cooked_beef":3,"minecraft:egg":3,"divinerpg:realmite_axe":9,"alexsmobs:raw_catfish":2,"minecraft:baked_potato":7,"minecraft:stone_pickaxe":31,"minecraft:oak_planks":10,"minecraft:wooden_pickaxe":59,"minecraft:salmon":1,"minecraft:crafting_table":2,"minecraft:painting":7,"justhammers:iron_hammer":93,"minecraft:apple":32,"minecraft:bread":30,"justhammers:stone_hammer":118,"minecraft:stone_axe":151,"iceandfire:silver_hoe":92,"minecraft:wooden_sword":80,"minecraft:cobblestone":35,"minecraft:andesite":12,"minecraft:yellow_bed":2,"alexsmobs:animal_dictionary":1},"minecraft:crafted":{"minecraft:wooden_sword":1,"minecraft:oak_planks":96,"minecraft:furnace":1,"iceandfire:armor_copper_metal_leggings":1,"minecraft:stone":8,"naturalist:cooked_bass":1,"iceandfire:armor_copper_metal_boots":1,"iceandfire:armor_copper_metal_helmet":1,"minecraft:bamboo_block":97,"regions_unexplored:joshua_planks":24,"iceandfire:armor_silver_metal_leggings":1,"iceandfire:armor_copper_metal_chestplate":1,"minecraft:stone_pickaxe":1,"minecraft:chest":6,"minecraft:cooked_beef":10,"minecraft:coal_block":5,"iceandfire:silver_ingot":16,"minecraft:crafting_table":1,"minecraft:wooden_pickaxe":1,"minecraft:baked_potato":7,"minecraft:iron_sword":1,"minecraft:copper_ingot":115,"minecraft:stone_axe":1,"minecraft:bread":3,"minecraft:air":0,"aether:iron_gloves":1,"justhammers:iron_hammer":1,"minecraft:iron_chestplate":1,"justhammers:stone_hammer":2,"minecraft:shield":3,"minecraft:stick":64,"minecraft:iron_ingot":71,"minecraft:wooden_axe":1,"minecraft:stone_sword":1,"iceandfire:silver_hoe":1},"minecraft:custom":{"minecraft:mob_kills":42,"minecraft:interact_with_crafting_table":30,"minecraft:open_barrel":4,"minecraft:leave_game":4,"minecraft:time_since_death":41858,"minecraft:climb_one_cm":418,"minecraft:sprint_one_cm":901135,"minecraft:walk_one_cm":424634,"minecraft:damage_blocked_by_shield":370,"minecraft:drop":148,"minecraft:talked_to_villager":2,"minecraft:play_time":261582,"minecraft:sneak_time":51,"minecraft:deaths":13,"minecraft:walk_under_water_one_cm":27489,"tombstone:tomb_raiding":4,"minecraft:jump":6504,"minecraft:interact_with_blast_furnace":1,"minecraft:walk_on_water_one_cm":59394,"minecraft:total_world_time":261582,"minecraft:interact_with_furnace":51,"minecraft:interact_with_loom":1,"minecraft:interact_with_grindstone":1,"minecraft:sleep_in_bed":11,"minecraft:time_since_rest":1823,"minecraft:damage_taken":5537,"minecraft:trigger_trapped_chest":7,"minecraft:damage_dealt":8329,"minecraft:player_kills":9,"minecraft:swim_one_cm":243275,"minecraft:fly_one_cm":1893578,"minecraft:open_chest":86,"minecraft:crouch_one_cm":132,"tombstone:undead_killed":15,"minecraft:fall_one_cm":159507},"minecraft:killed":{"divinerpg:aequorea":1,"divinerpg:cave_crawler":1,"minecraft:spider":1,"minecraft:skeleton":4,"minecraft:chicken":1,"naturalist:bass":1,"divinerpg:kobblin":1,"naturalist:snake":1,"minecraft:salmon":1,"minecraft:creeper":1,"minecraft:sheep":7,"alexsmobs:catfish":2,"divinerpg:miner":1,"minecraft:zombie":8,"iceandfire:ghost":2,"alexsmobs:fly":4,"crittersandcompanions:koi_fish":2,"minecraft:cow":2},"minecraft:picked_up":{"regions_unexplored:small_oak_log":1,"minecraft:iron_chestplate":2,"minecraft:crafting_table":1,"minecraft:wheat":9,"minecraft:chicken":1,"minecraft:clay_ball":142,"minecraft:flower_pot":1,"minecraft:brown_mushroom":4,"regions_unexplored:silt_dirt":9,"minecraft:potion":1,"minecraft:wither_rose":3,"minecraft:enchanted_book":2,"minecraft:shield":2,"iceandfire:manuscript":1,"iceandfire:silver_hoe":2,"minecraft:string":1,"minecraft:moss_carpet":6,"minecraft:raw_copper":115,"divinerpg:aqua_ball":2,"minecraft:armor_stand":1,"minecraft:beetroot":3,"iceandfire:graveyard_soil":8,"minecraft:cobbled_deepslate":40,"minecraft:beef":10,"iceandfire:armor_silver_metal_leggings":1,"crittersandcompanions:koi_fish":2,"minecraft:sugar_cane":11,"minecraft:iron_boots":1,"minecraft:egg":3,"minecraft:golden_helmet":1,"minecraft:raw_iron":123,"minecraft:stick":23,"iceandfire:ghost_chest":3,"minecraft:oak_door":1,"minecraft:torch":25,"divinerpg:terran_shards":6,"regions_unexplored:barrel_cactus":7,"iceandfire:rotten_egg":1,"tombstone:grave_dust":8,"minecraft:diorite":36,"minecraft:redstone":72,"regions_unexplored:barley":297,"minecraft:tnt":2,"iceandfire:silver_ingot":8,"minecraft:arrow":10,"minecraft:rotten_flesh":42,"regions_unexplored:mauve_sapling":1,"regions_unexplored:joshua_log":6,"minecraft:beetroot_seeds":11,"regions_unexplored:mauve_log":26,"iceandfire:deathworm_chitin_yellow":4,"divinerpg:raw_realmite":2,"minecraft:hay_block":55,"crittersandcompanions:silk":7,"minecraft:gold_ingot":6,"minecraft:mutton":9,"minecraft:skeleton_skull":5,"minecraft:white_wool":6,"minecraft:cobblestone":1485,"minecraft:magma_block":14,"minecraft:mud_bricks":4,"minecraft:cooked_beef":7,"minecraft:salmon":1,"minecraft:andesite":169,"regions_unexplored:cherry_shrub":1,"minecraft:leather":8,"minecraft:oak_log":41,"iceandfire:ectoplasm":1,"minecraft:yellow_bed":3,"minecraft:gunpowder":2,"mca:book_romance":4,"minecraft:dirt":2,"naturalist:bass":1,"minecraft:bone":38,"minecraft:apple":24,"minecraft:bow":1,"minecraft:wheat_seeds":66,"minecraft:raw_gold":8,"minecraft:rabbit_hide":3,"minecraft:stone_pickaxe":1,"minecraft:bamboo":880,"minecraft:moss_block":6,"minecraft:iron_sword":1,"minecraft:oak_planks":34,"minecraft:flowering_azalea":2,"regions_unexplored:bamboo_log":2,"iceandfire:dragonsteel_fire_sword":1,"justhammers:iron_hammer":1,"alexsmobs:animal_dictionary":2,"minecraft:mossy_cobblestone":4,"minecraft:bundle":2,"alexsmobs:raw_catfish":2,"regions_unexplored:hyssop":1,"minecraft:slime_ball":4,"regions_unexplored:fireweed":1,"minecraft:iron_helmet":1,"minecraft:granite":77,"minecraft:painting":7,"minecraft:emerald":4,"minecraft:bread":28,"alexsmobs:maggot":5,"minecraft:baked_potato":3,"minecraft:oak_sapling":2,"minecraft:black_wool":1,"minecraft:coal":155,"iceandfire:raw_silver":30,"minecraft:ender_pearl":1},"minecraft:dropped":{"minecraft:bread":78,"minecraft:wheat_seeds":13,"minecraft:mossy_cobblestone":2,"divinerpg:realmite_shield":1,"divinerpg:realmite_axe":1,"iceandfire:armor_copper_metal_chestplate":1,"minecraft:cobblestone":320,"minecraft:apple":6,"iceandfire:ectoplasm":1,"minecraft:bamboo_block":97,"minecraft:leather_helmet":1,"regions_unexplored:small_oak_log":1,"mca:book_romance":2,"minecraft:torch":1,"regions_unexplored:barley":27,"iceandfire:armor_copper_metal_boots":1,"divinerpg:realmite_pickaxe":1,"minecraft:iron_axe":2,"iceandfire:dragonsteel_fire_sword":2,"iceandfire:silver_hoe":1,"divinerpg:realmite_chestplate":1,"minecraft:oak_door":1,"alexsmobs:maggot":1,"alexsmobs:animal_dictionary":1,"divinerpg:realmite_helmet":1,"minecraft:rotten_flesh":18,"minecraft:oak_planks":14,"divinerpg:realmite_leggings":1,"iceandfire:armor_copper_metal_helmet":1,"justhammers:iron_hammer":1,"iceandfire:ghost_chest":2,"minecraft:shield":1,"divinerpg:realmite_sword":1,"minecraft:iron_chestplate":1,"divinerpg:realmite_boots":1,"iceandfire:armor_copper_metal_leggings":1},"minecraft:broken":{"minecraft:leather_leggings":1,"minecraft:leather_chestplate":1,"minecraft:wooden_pickaxe":1,"minecraft:wooden_sword":1,"minecraft:stone_axe":1,"minecraft:iron_helmet":1,"minecraft:wooden_axe":1}},"DataVersion":3465}