{"stats":{"minecraft:mined":{"biomesoplenty:mossy_black_sand":1,"minecraft:spruce_planks":1,"minecraft:oak_sapling":1,"minecraft:cobblestone_stairs":1,"divinerpg:realmite_ore":43,"minecraft:granite":4,"biomesoplenty:fir_slab":3,"minecraft:grass_block":249,"minecraft:mud_bricks":4,"minecraft:iron_ore":39,"minecraft:fire":31,"minecraft:cobbled_deepslate":1,"regions_unexplored:mossy_stone":2,"minecraft:moss_carpet":11,"minecraft:pumpkin":4,"biomesoplenty:hanging_cobweb":2,"minecraft:potted_dandelion":1,"minecraft:dirt_path":8,"minecraft:oak_stairs":62,"biomesoplenty:webbing":15,"regions_unexplored:silt_grass_block":13,"minecraft:tripwire":7,"minecraft:brown_mushroom":2,"regions_unexplored:red_lupine":1,"regions_unexplored:yellow_lupine":2,"biomesoplenty:hanging_cobweb_strand":2,"minecraft:powder_snow":42,"minecraft:torch":52,"minecraft:poppy":2,"iceandfire:ghost_chest":3,"minecraft:chest":1,"minecraft:dead_bush":3,"minecraft:cobblestone":57,"divinerpg:divine_slab":1,"minecraft:oak_planks":31,"minecraft:sugar_cane":8,"regions_unexplored:bamboo_log":2,"minecraft:wall_torch":20,"minecraft:skeleton_skull":4,"minecraft:seagrass":1,"regions_unexplored:hyssop":1,"minecraft:wheat":14,"regions_unexplored:mauve_leaves":2,"minecraft:tnt":2,"biomesoplenty:fir_log":34,"minecraft:smooth_stone_slab":7,"minecraft:wither_rose":5,"minecraft:grass":271,"regions_unexplored:joshua_log":8,"regions_unexplored:cherry_shrub":1,"minecraft:oak_log":55,"minecraft:beetroots":4,"minecraft:sand":46,"minecraft:dirt":85,"iceandfire:dread_stone_bricks":2,"minecraft:oak_leaves":6,"regions_unexplored:fireweed":1,"minecraft:dark_prismarine":7,"regions_unexplored:spruce_shrub":1,"iceandfire:silver_ore":6,"minecraft:mossy_cobblestone":8,"regions_unexplored:barley":783,"minecraft:oak_door":3,"minecraft:shulker_box":21,"regions_unexplored:poppy_bush":4,"minecraft:spruce_leaves":2,"minecraft:moss_block":3,"minecraft:rooted_dirt":12,"minecraft:large_fern":3,"minecraft:hay_block":28,"minecraft:furnace":1,"minecraft:carrots":222,"biomesoplenty:toadstool":11,"minecraft:andesite":4,"minecraft:potatoes":18,"minecraft:vine":2,"crittersandcompanions:silk_cocoon":5,"regions_unexplored:medium_grass":136,"minecraft:bamboo":83,"regions_unexplored:small_oak_log":1,"minecraft:stone":134,"regions_unexplored:windswept_grass":12,"minecraft:white_wool":7,"regions_unexplored:redstone_bulb":1,"regions_unexplored:barrel_cactus":8,"minecraft:oak_slab":4,"biomesoplenty:black_sand":4,"minecraft:dandelion":2,"travelersbackpack:standard":3,"minecraft:oak_fence":4,"minecraft:crafting_table":3,"minecraft:cornflower":1,"biomesoplenty:fir_planks":2,"regions_unexplored:silt_dirt":11,"minecraft:tall_grass":135,"regions_unexplored:mauve_log":26,"biomesoplenty:sprout":4,"minecraft:diorite":20,"minecraft:sweet_berry_bush":61,"minecraft:spruce_log":2,"minecraft:birch_leaves":1,"regions_unexplored:red_maple_leaf_pile":2,"minecraft:yellow_bed":8,"regions_unexplored:sandy_grass":1,"minecraft:coal_ore":132,"minecraft:gravel":7,"biomesoplenty:stringy_cobweb":3,"divinerpg:realmite_ore_deepslate":2,"minecraft:mossy_stone_bricks":1,"minecraft:gold_ore":8,"minecraft:fern":125},"minecraft:crafted":{"minecraft:oak_planks":220,"minecraft:cooked_chicken":1,"iceandfire:silver_shovel":1,"minecraft:stone":8,"naturalist:cooked_lizard_tail":1,"naturalist:cooked_bass":1,"minecraft:cooked_mutton":13,"iceandfire:armor_copper_metal_boots":1,"minecraft:bamboo_block":97,"minecraft:glass":12,"minecraft:iron_boots":1,"iceandfire:armor_silver_metal_leggings":1,"iceandfire:armor_copper_metal_chestplate":1,"minecraft:chest":12,"minecraft:cooked_rabbit":1,"minecraft:cooked_porkchop":3,"minecraft:crafting_table":4,"minecraft:spruce_planks":8,"travelersbackpack:standard":1,"minecraft:baked_potato":7,"minecraft:wooden_pickaxe":2,"minecraft:iron_helmet":2,"minecraft:copper_ingot":115,"biomesoplenty:fir_planks":136,"minecraft:iron_chestplate":3,"minecraft:shield":4,"minecraft:stick":112,"minecraft:iron_ingot":91,"minecraft:iron_pickaxe":1,"minecraft:stone_sword":1,"minecraft:wooden_sword":1,"minecraft:oak_door":3,"minecraft:furnace":9,"iceandfire:armor_copper_metal_leggings":1,"iceandfire:armor_copper_metal_helmet":1,"minecraft:flint_and_steel":1,"regions_unexplored:joshua_planks":24,"minecraft:iron_axe":1,"divinerpg:realmite_ingot":11,"minecraft:stone_pickaxe":1,"iceandfire:armor_silver_metal_boots":1,"minecraft:wheat":45,"minecraft:cooked_beef":10,"minecraft:coal_block":5,"iceandfire:silver_ingot":23,"travelersbackpack:backpack_tank":2,"minecraft:iron_sword":1,"minecraft:bowl":4,"securitycraft:taser":1,"travelersbackpack:black_sleeping_bag":1,"minecraft:bucket":1,"minecraft:stone_axe":1,"minecraft:air":0,"minecraft:bread":18,"aether:iron_gloves":2,"iceandfire:armor_silver_metal_helmet":1,"minecraft:oak_boat":1,"justhammers:iron_hammer":2,"justhammers:stone_hammer":2,"minecraft:wooden_axe":2,"minecraft:iron_leggings":2,"biomesoplenty:fir_button":1,"minecraft:white_bed":1,"minecraft:torch":80,"iceandfire:silver_hoe":4},"minecraft:picked_up":{"iceandfire:dread_stone_bricks":3,"minecraft:iron_chestplate":7,"alexsmobs:maraca":1,"minecraft:wheat":11,"iceandfire:copper_sword":1,"minecraft:flower_pot":1,"securitycraft:taser":6,"minecraft:lead":6,"regions_unexplored:silt_dirt":126,"minecraft:oak_stairs":6,"minecraft:enchanted_book":2,"minecraft:wither_rose":5,"minecraft:potion":1,"tombstone:grave_key":1,"iceandfire:manuscript":1,"minecraft:string":44,"minecraft:raw_copper":185,"minecraft:iron_leggings":7,"minecraft:armor_stand":1,"minecraft:beetroot":3,"minecraft:bucket":2,"minecraft:cobbled_deepslate":46,"biomesoplenty:fir_planks":5,"minecraft:spruce_planks":1,"minecraft:rose_bush":1,"crittersandcompanions:koi_fish":2,"minecraft:iron_pickaxe":3,"alexsmobs:raccoon_tail":1,"minecraft:iron_boots":3,"minecraft:furnace":1,"minecraft:golden_helmet":1,"minecraft:stick":49,"iceandfire:ghost_chest":3,"minecraft:oak_fence":18,"minecraft:torch":194,"regions_unexplored:barrel_cactus":9,"minecraft:porkchop":18,"tombstone:bone_needle":2,"iceandfire:rotten_egg":3,"tombstone:grave_dust":14,"minecraft:diorite":58,"mca:female_villager_spawn_egg":1,"regions_unexplored:daisy":1,"regions_unexplored:barley":723,"divinerpg:realmite_boots":1,"iceandfire:armor_silver_metal_boots":2,"divinerpg:ice_shards":13,"minecraft:cactus":3,"minecraft:rotten_flesh":127,"regions_unexplored:mauve_log":26,"iceandfire:deathworm_chitin_yellow":4,"minecraft:carved_pumpkin":24,"biomesoplenty:fir_slab":3,"minecraft:obsidian":4,"minecraft:iron_bars":1,"minecraft:snowball":118,"minecraft:nautilus_shell":1,"minecraft:cobblestone":2611,"minecraft:magma_block":14,"minecraft:feather":9,"minecraft:cooked_beef":8,"minecraft:water_bucket":6,"divinerpg:tomato":3,"minecraft:andesite":196,"regions_unexplored:cherry_shrub":1,"divinerpg:fury_arrow":1,"minecraft:potato":65,"biomesoplenty:fir_sapling":6,"biomesoplenty:fir_log":45,"minecraft:flint":6,"naturalist:lizard_tail":1,"divinerpg:realmite_chestplate":1,"minecraft:lapis_lazuli":8,"minecraft:dirt":367,"minecraft:name_tag":1,"minecraft:leather_boots":1,"minecraft:hanging_roots":1,"minecraft:bone":156,"minecraft:bow":3,"minecraft:wheat_seeds":223,"minecraft:raw_gold":16,"minecraft:mossy_stone_bricks":1,"minecraft:bamboo":908,"minecraft:rabbit":1,"minecraft:moss_block":6,"minecraft:oak_planks":127,"divinerpg:realmite_shield":1,"regions_unexplored:bamboo_log":4,"divinerpg:realmite_ingot":10,"biomesoplenty:toadstool":20,"minecraft:cooked_porkchop":11,"justhammers:iron_hammer":1,"minecraft:sand":53,"divinerpg:aquatic_pellets":2,"minecraft:shulker_box":27,"alexsmobs:animal_dictionary":2,"minecraft:mossy_cobblestone":4,"minecraft:dark_prismarine":7,"minecraft:bundle":2,"regions_unexplored:hyssop":7,"alexsmobs:guster_eye":1,"minecraft:yellow_carpet":10,"minecraft:crossbow":2,"minecraft:granite":143,"minecraft:bone_meal":1,"iceandfire:gorgon_head":1,"minecraft:bread":60,"minecraft:emerald":4,"minecraft:rooted_dirt":12,"alexsmobs:maggot":15,"alexsmobs:banana_slug_slime":1,"minecraft:oak_sapling":5,"mca:bouquet":1,"iceandfire:raw_silver":50,"minecraft:crafting_table":4,"minecraft:chicken":6,"minecraft:clay_ball":142,"divinerpg:arlemite_shickaxe":1,"minecraft:brown_mushroom":4,"minecraft:cooked_rabbit":2,"divinerpg:corrupted_shards":6,"regions_unexplored:red_maple_leaf_pile":14,"minecraft:shield":7,"minecraft:moss_carpet":20,"minecraft:cornflower":1,"iceandfire:silver_hoe":5,"regions_unexplored:poppy_bush":12,"minecraft:iron_axe":2,"divinerpg:aqua_ball":3,"regions_unexplored:spruce_shrub":1,"iceandfire:ghost_ingot":1,"iceandfire:graveyard_soil":8,"biomesoplenty:black_sand":4,"regions_unexplored:maple_leaf_pile":10,"iceandfire:dread_shard":3,"minecraft:beef":11,"iceandfire:armor_silver_metal_leggings":1,"iceandfire:dread_knight_sword":1,"minecraft:oak_boat":1,"minecraft:iron_nugget":4,"minecraft:poppy":2,"travelersbackpack:black_sleeping_bag":1,"minecraft:sugar_cane":19,"minecraft:chest":1,"minecraft:egg":28,"minecraft:raw_iron":202,"regions_unexplored:silver_birch_leaf_pile":10,"minecraft:oak_door":4,"divinerpg:terran_shards":57,"regions_unexplored:blue_lupine":1,"minecraft:carrot":785,"minecraft:redstone":85,"divinerpg:ice_stone":1,"minecraft:tnt":50,"divinerpg:white_mushroom":1,"iceandfire:silver_ingot":8,"minecraft:arrow":86,"regions_unexplored:mauve_sapling":1,"regions_unexplored:redstone_bulb":1,"regions_unexplored:joshua_log":6,"minecraft:beetroot_seeds":11,"regions_unexplored:felicia_daisy":2,"crittersandcompanions:silk":19,"divinerpg:raw_realmite":73,"minecraft:hay_block":56,"minecraft:gold_ingot":9,"minecraft:mutton":24,"minecraft:skeleton_skull":5,"minecraft:white_wool":54,"minecraft:oxeye_daisy":1,"minecraft:mud_bricks":4,"iceandfire:sea_serpent_fang":4,"minecraft:salmon":1,"minecraft:leather":21,"minecraft:oak_log":67,"regions_unexplored:red_lupine":3,"iceandfire:ectoplasm":11,"minecraft:yellow_bed":3,"minecraft:gunpowder":21,"minecraft:cobblestone_stairs":10,"mca:book_romance":4,"minecraft:paper":9,"tombstone:gift":1,"naturalist:glow_goop":11,"minecraft:cooked_mutton":3,"naturalist:bass":1,"minecraft:apple":26,"alexsmobs:cockroach_wing_fragment":1,"minecraft:rabbit_hide":5,"minecraft:iron_ingot":91,"minecraft:stone_pickaxe":1,"minecraft:cooked_chicken":1,"minecraft:iron_sword":3,"minecraft:flowering_azalea":2,"regions_unexplored:yellow_lupine":6,"minecraft:pumpkin":29,"minecraft:sweet_berries":156,"iceandfire:dragonsteel_fire_sword":1,"minecraft:dandelion":5,"minecraft:gravel":45,"divinerpg:ender_shards":1,"minecraft:spruce_log":2,"minecraft:spider_eye":13,"minecraft:spruce_door":1,"travelersbackpack:standard":12,"alexsmobs:raw_catfish":2,"minecraft:slime_ball":13,"regions_unexplored:fireweed":1,"minecraft:chainmail_leggings":1,"minecraft:iron_helmet":10,"minecraft:painting":7,"minecraft:baked_potato":7,"tombstone:magic_scroll":1,"minecraft:black_wool":2,"minecraft:coal":396,"minecraft:ender_pearl":1,"regions_unexplored:small_oak_log":1},"minecraft:used":{"minecraft:beetroot":3,"iceandfire:dragon_skull_ice":1,"minecraft:chest":17,"minecraft:shield":51,"minecraft:iron_sword":59,"biomesoplenty:fir_button":1,"minecraft:rotten_flesh":18,"crittersandcompanions:koi_fish":2,"minecraft:mutton":11,"endermanoverhaul:mushroom_fields_enderman_spawn_egg":5,"minecraft:carrot":584,"naturalist:cooked_bass":1,"minecraft:snowball":32,"minecraft:obsidian":2,"regions_unexplored:barley":46,"minecraft:villager_spawn_egg":1,"iceandfire:ghost_chest":1,"iceandfire:dragonsteel_fire_sword":4,"minecraft:bedrock":96,"minecraft:bow":1,"minecraft:sweet_berries":131,"minecraft:furnace":10,"minecraft:egg":29,"minecraft:potato":3,"divinerpg:realmite_axe":9,"alexsmobs:raw_catfish":2,"minecraft:cow_spawn_egg":30,"minecraft:spruce_door":1,"minecraft:oak_planks":150,"minecraft:stripped_birch_log":2,"minecraft:stone_pickaxe":133,"iceandfire:dread_stone_bricks":1,"minecraft:wooden_pickaxe":60,"biomesoplenty:fir_planks":57,"regions_unexplored:joshua_planks":8,"minecraft:glow_berries":1,"minecraft:white_wool":9,"minecraft:sand":22,"mca:female_villager_spawn_egg":12,"minecraft:crossbow":1,"minecraft:bread":83,"minecraft:string":7,"minecraft:gravel":20,"minecraft:wooden_sword":80,"iceandfire:dragon_skull_fire":1,"minecraft:cooked_rabbit":1,"minecraft:andesite":12,"minecraft:oak_boat":1,"minecraft:stone_sword":45,"divinerpg:realmite_pickaxe":191,"minecraft:flint_and_steel":46,"minecraft:spruce_planks":9,"divinerpg:terran_dagger":16,"minecraft:cooked_chicken":2,"minecraft:oak_door":5,"minecraft:torch":94,"minecraft:dirt":100,"minecraft:anvil":1,"minecraft:shulker_box":30,"minecraft:salmon_bucket":1,"minecraft:wooden_axe":61,"alexsmobs:maggot":9,"minecraft:iron_axe":192,"minecraft:rooted_dirt":7,"minecraft:chicken_spawn_egg":51,"crittersandcompanions:koi_fish_bucket":1,"minecraft:mud_bricks":4,"minecraft:beef":1,"tombstone:gift":10,"minecraft:pumpkin":30,"minecraft:cooked_beef":10,"minecraft:powder_snow_bucket":1,"minecraft:cobbled_deepslate":6,"minecraft:cooked_mutton":13,"mca:male_villager_spawn_egg":9,"minecraft:water_bucket":561,"minecraft:baked_potato":7,"divinerpg:tomato":3,"iceandfire:dread_knight_sword":11,"minecraft:sheep_spawn_egg":28,"minecraft:salmon":1,"biomesoplenty:fir_slab":3,"minecraft:tnt":1275,"minecraft:crafting_table":7,"minecraft:white_bed":1,"minecraft:painting":7,"justhammers:iron_hammer":195,"minecraft:oak_log":1,"minecraft:diamond_pickaxe":28,"minecraft:apple":34,"minecraft:iron_pickaxe":185,"minecraft:pig_spawn_egg":34,"justhammers:stone_hammer":118,"biomesoplenty:toadstool":1,"minecraft:stone_axe":151,"iceandfire:silver_hoe":1083,"minecraft:cobblestone":514,"travelersbackpack:standard":6,"minecraft:porkchop":6,"minecraft:cooked_porkchop":3,"minecraft:bucket":567,"naturalist:cooked_lizard_tail":1,"minecraft:yellow_bed":3,"alexsmobs:animal_dictionary":1,"iceandfire:silver_shovel":231},"minecraft:custom":{"minecraft:animals_bred":7,"minecraft:interact_with_crafting_table":106,"minecraft:open_barrel":6,"minecraft:open_shulker_box":58,"minecraft:leave_game":14,"minecraft:time_since_death":8968,"minecraft:sprint_one_cm":3413678,"minecraft:damage_blocked_by_shield":1931,"minecraft:drop":459,"minecraft:talked_to_villager":2,"minecraft:play_time":1108130,"minecraft:deaths":79,"tombstone:tomb_raiding":22,"minecraft:jump":27651,"minecraft:walk_on_water_one_cm":315708,"minecraft:interact_with_furnace":98,"minecraft:interact_with_loom":2,"minecraft:sleep_in_bed":26,"minecraft:damage_dealt":48960,"minecraft:player_kills":60,"minecraft:crouch_one_cm":16755,"tombstone:undead_killed":186,"minecraft:interact_with_smithing_table":2,"minecraft:interact_with_anvil":1,"minecraft:mob_kills":330,"minecraft:interact_with_campfire":1,"minecraft:climb_one_cm":4112,"minecraft:walk_one_cm":2243912,"minecraft:sneak_time":4308,"minecraft:walk_under_water_one_cm":338562,"minecraft:interact_with_blast_furnace":2,"minecraft:total_world_time":1108130,"tombstone:raider_killed":5,"minecraft:interact_with_grindstone":2,"minecraft:time_since_rest":8364,"minecraft:damage_taken":2147483647,"minecraft:trigger_trapped_chest":7,"minecraft:swim_one_cm":982848,"minecraft:fly_one_cm":6324406,"minecraft:open_chest":418,"minecraft:fall_one_cm":757593},"minecraft:broken":{"minecraft:leather_leggings":1,"minecraft:iron_boots":3,"minecraft:iron_chestplate":3,"minecraft:iron_leggings":3,"minecraft:stone_pickaxe":1,"minecraft:wooden_sword":1,"minecraft:stone_axe":1,"minecraft:wooden_axe":1,"iceandfire:armor_silver_metal_boots":1,"iceandfire:silver_hoe":1,"iceandfire:dread_knight_sword":1,"minecraft:chainmail_leggings":1,"aether:iron_gloves":2,"minecraft:leather_chestplate":1,"minecraft:wooden_pickaxe":1,"minecraft:iron_axe":1,"minecraft:leather_boots":1,"minecraft:iron_helmet":7},"minecraft:dropped":{"biomesoplenty:fir_log":8,"iceandfire:raw_silver":3,"minecraft:cooked_beef":7,"iceandfire:silver_axe":1,"minecraft:oak_log":105,"divinerpg:realmite_shield":5,"minecraft:cooked_porkchop":18,"minecraft:crossbow":2,"divinerpg:raw_realmite":19,"iceandfire:ectoplasm":1,"travelersbackpack:standard":11,"minecraft:leather_helmet":1,"biomesoplenty:fir_sapling":6,"minecraft:cobblestone_stairs":2,"regions_unexplored:red_maple_leaf_pile":7,"minecraft:dirt":10,"iceandfire:armor_copper_metal_boots":3,"minecraft:snowball":102,"minecraft:iron_pickaxe":3,"iceandfire:silver_hoe":3,"divinerpg:realmite_ingot":33,"minecraft:white_wool":6,"divinerpg:realmite_chestplate":3,"regions_unexplored:redstone_bulb":1,"minecraft:armor_stand":1,"minecraft:gold_ingot":4,"minecraft:bone":5,"minecraft:oak_door":1,"minecraft:gravel":48,"biomesoplenty:toadstool":1,"minecraft:sugar_cane":6,"minecraft:iron_nugget":4,"alexsmobs:animal_dictionary":1,"divinerpg:realmite_helmet":4,"minecraft:obsidian":1,"tombstone:gift":1,"minecraft:rotten_flesh":53,"securitycraft:taser":6,"minecraft:oak_planks":32,"divinerpg:realmite_leggings":3,"justhammers:iron_hammer":2,"minecraft:carrot":100,"alexsmobs:leafcutter_ant_pupa":1,"twilightforest:experiment_115":3,"iceandfire:ghost_chest":2,"iceandfire:dread_knight_sword":3,"minecraft:arrow":19,"iceandfire:armor_copper_metal_leggings":2,"divinerpg:white_mushroom":1,"minecraft:egg":3,"minecraft:enchanted_book":1,"minecraft:water_bucket":6,"minecraft:iron_ingot":17,"minecraft:bread":134,"minecraft:wheat_seeds":31,"minecraft:tnt":64,"minecraft:mossy_cobblestone":3,"divinerpg:ice_shards":4,"minecraft:feather":3,"divinerpg:realmite_axe":3,"minecraft:lead":4,"minecraft:oak_fence":2,"divinerpg:terran_dagger":4,"iceandfire:armor_copper_metal_chestplate":3,"minecraft:cobblestone":329,"regions_unexplored:yellow_lupine":2,"minecraft:apple":6,"minecraft:chicken_spawn_egg":1,"minecraft:bamboo_block":97,"alexsmobs:maraca":1,"regions_unexplored:small_oak_log":1,"mca:book_romance":2,"tombstone:magic_scroll":1,"minecraft:torch":16,"regions_unexplored:barley":27,"iceandfire:armor_silver_metal_chestplate":1,"tombstone:grave_dust":1,"minecraft:stripped_birch_log":1,"minecraft:oak_stairs":3,"divinerpg:realmite_pickaxe":4,"minecraft:iron_axe":2,"regions_unexplored:poppy_bush":4,"regions_unexplored:spruce_shrub":1,"regions_unexplored:silver_birch_leaf_pile":10,"iceandfire:dragonsteel_fire_sword":2,"minecraft:paper":9,"minecraft:iron_shovel":1,"minecraft:string":15,"minecraft:bucket":1,"minecraft:dandelion":2,"minecraft:redstone":5,"minecraft:anvil":1,"minecraft:moss_carpet":2,"alexsmobs:maggot":1,"minecraft:sweet_berries":48,"divinerpg:ice_stone":1,"regions_unexplored:bamboo_log":1,"minecraft:raw_copper":3,"minecraft:raw_iron":2,"minecraft:chicken":1,"minecraft:iron_boots":1,"regions_unexplored:hyssop":6,"iceandfire:armor_copper_metal_helmet":2,"mca:female_villager_spawn_egg":1,"minecraft:shulker_box":26,"divinerpg:arlemite_shickaxe":2,"minecraft:flint_and_steel":1,"biomesoplenty:fir_planks":26,"minecraft:shield":2,"divinerpg:realmite_sword":6,"regions_unexplored:maple_leaf_pile":10,"iceandfire:rotten_egg":1,"minecraft:diamond_pickaxe":1,"minecraft:iron_chestplate":1,"minecraft:oak_sapling":3,"minecraft:carved_pumpkin":48,"minecraft:spider_eye":8,"minecraft:slime_ball":3,"divinerpg:realmite_boots":6,"minecraft:bow":1,"iceandfire:sea_serpent_fang":4,"regions_unexplored:silt_dirt":22,"regions_unexplored:blue_lupine":1},"minecraft:killed_by":{"minecraft:creeper":1,"divinerpg:cave_crawler":1,"iceandfire:siren":1,"divinerpg:kobblin":8,"minecraft:drowned":1,"iceandfire:dread_ghoul":1,"alexsmobs:crocodile":1,"minecraft:cave_spider":1,"alexsmobs:grizzly_bear":1,"minecraft:player":27,"iceandfire:dread_scuttler":2,"iceandfire:deathworm":1,"minecraft:spider":1,"iceandfire:gorgon":1,"minecraft:skeleton":1,"iceandfire:ghost":5,"divinerpg:ender_spider":1,"divinerpg:pumpkin_spider":7},"minecraft:killed":{"alexsmobs:lobster":1,"minecraft:cave_spider":2,"divinerpg:cave_crawler":1,"minecraft:spider":9,"naturalist:robin":1,"naturalist:snail":1,"minecraft:skeleton":20,"alexsmobs:banana_slug":1,"minecraft:chicken":2,"iceandfire:dread_scuttler":20,"minecraft:pig":3,"divinerpg:enthralled_dramcryx":1,"naturalist:snake":1,"naturalist:firefly":5,"minecraft:salmon":1,"minecraft:creeper":2,"minecraft:sheep":17,"minecraft:pillager":1,"minecraft:zombie":40,"alexsmobs:roadrunner":2,"alexsmobs:fly":10,"iceandfire:dread_ghoul":48,"crittersandcompanions:koi_fish":2,"minecraft:cow":3,"divinerpg:aequorea":3,"divinerpg:cyclops":1,"iceandfire:dread_beast":13,"minecraft:slime":5,"naturalist:coral_snake":1,"divinerpg:glacon":3,"iceandfire:dread_knight":4,"iceandfire:dread_thrall":51,"divinerpg:rotatick":1,"naturalist:bass":1,"divinerpg:kobblin":10,"alexsmobs:guster":1,"alexsmobs:skunk":1,"naturalist:lizard_tail":1,"divinerpg:pumpkin_spider":6,"alexsmobs:catfish":2,"divinerpg:miner":2,"alexsmobs:cockroach":1,"iceandfire:ghost":8,"alexsmobs:crow":1,"naturalist:lizard":2,"divinerpg:frost":2,"biomemakeover:helmit_crab":1}},"DataVersion":3465}