{"stats":{"minecraft:mined":{"regions_unexplored:spruce_shrub":1,"minecraft:oak_sapling":1,"regions_unexplored:barley":435,"minecraft:oak_door":1,"minecraft:mud_bricks":4,"minecraft:large_fern":2,"minecraft:hay_block":27,"regions_unexplored:mossy_stone":2,"minecraft:vine":2,"minecraft:dirt_path":2,"crittersandcompanions:silk_cocoon":2,"minecraft:bamboo":83,"regions_unexplored:medium_grass":51,"regions_unexplored:small_oak_log":1,"minecraft:stone":51,"regions_unexplored:silt_grass_block":4,"regions_unexplored:windswept_grass":2,"regions_unexplored:barrel_cactus":7,"minecraft:brown_mushroom":2,"minecraft:crafting_table":1,"minecraft:torch":5,"regions_unexplored:silt_dirt":4,"iceandfire:ghost_chest":3,"minecraft:dead_bush":1,"minecraft:tall_grass":58,"minecraft:cobblestone":1,"regions_unexplored:mauve_log":26,"divinerpg:divine_slab":1,"minecraft:sugar_cane":6,"minecraft:oak_planks":2,"regions_unexplored:bamboo_log":2,"minecraft:wall_torch":12,"minecraft:skeleton_skull":4,"regions_unexplored:hyssop":1,"minecraft:wheat":12,"regions_unexplored:mauve_leaves":2,"minecraft:tnt":2,"minecraft:yellow_bed":3,"minecraft:wither_rose":3,"regions_unexplored:cherry_shrub":1,"minecraft:grass":68,"regions_unexplored:joshua_log":8,"minecraft:oak_log":37,"minecraft:coal_ore":18,"minecraft:beetroots":4,"minecraft:oak_leaves":2,"minecraft:fern":11,"regions_unexplored:fireweed":1},"minecraft:killed_by":{"iceandfire:deathworm":1,"divinerpg:cave_crawler":1,"iceandfire:siren":1,"divinerpg:kobblin":2,"minecraft:drowned":1,"alexsmobs:crocodile":1,"iceandfire:ghost":3,"divinerpg:ender_spider":1},"minecraft:used":{"minecraft:beetroot":1,"minecraft:stone_sword":45,"minecraft:chest":4,"minecraft:shield":1,"minecraft:iron_sword":5,"minecraft:torch":14,"minecraft:mutton":9,"minecraft:wooden_axe":49,"alexsmobs:maggot":4,"iceandfire:ghost_chest":1,"minecraft:mud_bricks":4,"minecraft:furnace":1,"minecraft:cooked_beef":2,"tombstone:gift":2,"minecraft:egg":2,"alexsmobs:raw_catfish":2,"minecraft:stone_pickaxe":21,"minecraft:baked_potato":3,"minecraft:oak_planks":4,"minecraft:wooden_pickaxe":59,"minecraft:salmon":1,"minecraft:crafting_table":2,"justhammers:iron_hammer":1,"minecraft:apple":32,"minecraft:bread":20,"justhammers:stone_hammer":118,"minecraft:stone_axe":151,"iceandfire:silver_hoe":9,"minecraft:wooden_sword":80,"minecraft:cobblestone":19,"minecraft:yellow_bed":2,"alexsmobs:animal_dictionary":1},"minecraft:crafted":{"minecraft:wooden_sword":1,"minecraft:oak_planks":80,"minecraft:furnace":1,"iceandfire:armor_copper_metal_leggings":1,"minecraft:stone":8,"iceandfire:armor_copper_metal_boots":1,"iceandfire:armor_copper_metal_helmet":1,"minecraft:bamboo_block":97,"regions_unexplored:joshua_planks":24,"iceandfire:armor_silver_metal_leggings":1,"iceandfire:armor_copper_metal_chestplate":1,"minecraft:stone_pickaxe":1,"minecraft:chest":4,"minecraft:cooked_beef":10,"minecraft:coal_block":5,"iceandfire:silver_ingot":16,"minecraft:crafting_table":1,"minecraft:wooden_pickaxe":1,"minecraft:baked_potato":7,"minecraft:iron_sword":1,"minecraft:copper_ingot":64,"minecraft:stone_axe":1,"minecraft:bread":3,"minecraft:air":0,"aether:iron_gloves":1,"justhammers:iron_hammer":1,"minecraft:iron_chestplate":1,"minecraft:shield":3,"justhammers:stone_hammer":2,"minecraft:stick":64,"minecraft:iron_ingot":19,"minecraft:wooden_axe":1,"minecraft:stone_sword":1,"iceandfire:silver_hoe":1},"minecraft:custom":{"minecraft:mob_kills":28,"minecraft:interact_with_crafting_table":29,"minecraft:open_barrel":4,"minecraft:leave_game":3,"minecraft:time_since_death":19508,"minecraft:climb_one_cm":418,"minecraft:sprint_one_cm":748956,"minecraft:walk_one_cm":325764,"minecraft:damage_blocked_by_shield":70,"minecraft:drop":84,"minecraft:talked_to_villager":2,"minecraft:play_time":196795,"minecraft:deaths":11,"minecraft:walk_under_water_one_cm":20385,"tombstone:tomb_raiding":2,"minecraft:jump":5386,"minecraft:walk_on_water_one_cm":50982,"minecraft:total_world_time":196795,"minecraft:interact_with_furnace":37,"minecraft:interact_with_loom":1,"minecraft:interact_with_grindstone":1,"minecraft:sleep_in_bed":9,"minecraft:time_since_rest":17699,"minecraft:damage_taken":4073,"minecraft:trigger_trapped_chest":7,"minecraft:damage_dealt":4215,"minecraft:swim_one_cm":226392,"minecraft:fly_one_cm":1145547,"minecraft:player_kills":4,"minecraft:open_chest":58,"tombstone:undead_killed":7,"minecraft:fall_one_cm":130944},"minecraft:killed":{"divinerpg:aequorea":1,"naturalist:bass":1,"divinerpg:kobblin":1,"naturalist:snake":1,"minecraft:salmon":1,"minecraft:sheep":7,"alexsmobs:catfish":2,"minecraft:zombie":5,"iceandfire:ghost":2,"alexsmobs:fly":4,"crittersandcompanions:koi_fish":1,"minecraft:cow":2},"minecraft:picked_up":{"regions_unexplored:small_oak_log":1,"minecraft:wheat":9,"minecraft:crafting_table":1,"minecraft:brown_mushroom":4,"regions_unexplored:silt_dirt":9,"minecraft:wither_rose":3,"iceandfire:manuscript":1,"iceandfire:silver_hoe":1,"minecraft:raw_copper":115,"divinerpg:aqua_ball":2,"minecraft:armor_stand":1,"minecraft:beetroot":3,"iceandfire:graveyard_soil":8,"minecraft:beef":10,"crittersandcompanions:koi_fish":1,"minecraft:sugar_cane":11,"minecraft:egg":2,"minecraft:golden_helmet":1,"minecraft:stick":23,"minecraft:raw_iron":19,"iceandfire:ghost_chest":3,"minecraft:oak_door":1,"minecraft:torch":20,"divinerpg:terran_shards":6,"regions_unexplored:barrel_cactus":7,"iceandfire:rotten_egg":1,"regions_unexplored:barley":297,"minecraft:tnt":2,"iceandfire:silver_ingot":8,"minecraft:rotten_flesh":33,"regions_unexplored:mauve_sapling":1,"regions_unexplored:joshua_log":6,"minecraft:beetroot_seeds":11,"regions_unexplored:mauve_log":26,"crittersandcompanions:silk":7,"iceandfire:deathworm_chitin_yellow":4,"minecraft:hay_block":55,"minecraft:gold_ingot":6,"minecraft:mutton":9,"minecraft:skeleton_skull":5,"minecraft:white_wool":6,"minecraft:cobblestone":796,"minecraft:mud_bricks":4,"minecraft:andesite":33,"minecraft:salmon":1,"regions_unexplored:cherry_shrub":1,"minecraft:leather":8,"minecraft:oak_log":37,"iceandfire:ectoplasm":1,"minecraft:yellow_bed":3,"mca:book_romance":4,"minecraft:dirt":1,"naturalist:bass":1,"minecraft:bone":31,"minecraft:apple":24,"minecraft:wheat_seeds":62,"minecraft:rabbit_hide":3,"minecraft:bamboo":880,"minecraft:oak_planks":32,"regions_unexplored:bamboo_log":2,"alexsmobs:animal_dictionary":2,"minecraft:mossy_cobblestone":4,"minecraft:bundle":2,"regions_unexplored:hyssop":1,"alexsmobs:raw_catfish":2,"minecraft:slime_ball":4,"regions_unexplored:fireweed":1,"minecraft:granite":1,"minecraft:bread":3,"minecraft:emerald":4,"alexsmobs:maggot":5,"minecraft:oak_sapling":2,"minecraft:black_wool":1,"iceandfire:raw_silver":16,"minecraft:coal":75,"minecraft:ender_pearl":1},"minecraft:dropped":{"minecraft:bread":28,"minecraft:wheat_seeds":13,"minecraft:mossy_cobblestone":2,"iceandfire:armor_copper_metal_chestplate":1,"minecraft:apple":6,"iceandfire:ectoplasm":1,"minecraft:bamboo_block":97,"minecraft:leather_helmet":1,"regions_unexplored:small_oak_log":1,"mca:book_romance":2,"minecraft:torch":1,"regions_unexplored:barley":27,"iceandfire:armor_copper_metal_boots":1,"divinerpg:realmite_pickaxe":1,"minecraft:iron_axe":1,"iceandfire:silver_hoe":1,"divinerpg:realmite_chestplate":1,"minecraft:oak_door":1,"alexsmobs:maggot":1,"alexsmobs:animal_dictionary":1,"divinerpg:realmite_helmet":1,"minecraft:rotten_flesh":16,"minecraft:oak_planks":14,"divinerpg:realmite_leggings":1,"iceandfire:armor_copper_metal_helmet":1,"justhammers:iron_hammer":1,"minecraft:shield":1,"iceandfire:ghost_chest":2,"divinerpg:realmite_sword":1,"divinerpg:realmite_boots":1,"iceandfire:armor_copper_metal_leggings":1},"minecraft:broken":{"minecraft:leather_leggings":1,"minecraft:leather_chestplate":1,"minecraft:wooden_pickaxe":1,"minecraft:wooden_sword":1,"minecraft:stone_axe":1,"minecraft:wooden_axe":1}},"DataVersion":3465}