{"stats":{"minecraft:mined":{"minecraft:spruce_planks":1,"minecraft:oak_sapling":1,"divinerpg:realmite_ore":8,"minecraft:grass_block":22,"minecraft:mud_bricks":4,"minecraft:iron_ore":20,"regions_unexplored:mossy_stone":2,"minecraft:potted_dandelion":1,"minecraft:dirt_path":4,"regions_unexplored:silt_grass_block":7,"minecraft:brown_mushroom":2,"regions_unexplored:red_lupine":1,"regions_unexplored:yellow_lupine":2,"minecraft:torch":16,"iceandfire:ghost_chest":3,"minecraft:dead_bush":3,"minecraft:cobblestone":7,"divinerpg:divine_slab":1,"minecraft:sugar_cane":7,"minecraft:oak_planks":15,"regions_unexplored:bamboo_log":2,"minecraft:wall_torch":14,"minecraft:skeleton_skull":4,"minecraft:seagrass":1,"regions_unexplored:hyssop":1,"minecraft:wheat":12,"regions_unexplored:mauve_leaves":2,"minecraft:tnt":2,"minecraft:wither_rose":3,"minecraft:grass":169,"regions_unexplored:joshua_log":8,"regions_unexplored:cherry_shrub":1,"minecraft:oak_log":47,"minecraft:beetroots":4,"minecraft:sand":11,"minecraft:dirt":48,"minecraft:oak_leaves":5,"regions_unexplored:fireweed":1,"regions_unexplored:spruce_shrub":1,"regions_unexplored:barley":783,"minecraft:oak_door":1,"regions_unexplored:poppy_bush":4,"minecraft:spruce_leaves":2,"minecraft:moss_block":3,"minecraft:large_fern":3,"minecraft:hay_block":28,"minecraft:andesite":4,"minecraft:vine":2,"crittersandcompanions:silk_cocoon":3,"regions_unexplored:medium_grass":129,"minecraft:bamboo":83,"regions_unexplored:small_oak_log":1,"minecraft:stone":56,"regions_unexplored:windswept_grass":12,"regions_unexplored:barrel_cactus":8,"travelersbackpack:standard":2,"minecraft:crafting_table":1,"regions_unexplored:silt_dirt":7,"minecraft:tall_grass":119,"regions_unexplored:mauve_log":26,"minecraft:diorite":1,"minecraft:spruce_log":2,"minecraft:yellow_bed":7,"regions_unexplored:sandy_grass":1,"minecraft:coal_ore":46,"divinerpg:realmite_ore_deepslate":2,"minecraft:fern":22},"minecraft:crafted":{"minecraft:oak_planks":108,"minecraft:cooked_chicken":1,"minecraft:stone":8,"naturalist:cooked_bass":1,"minecraft:cooked_mutton":13,"iceandfire:armor_copper_metal_boots":1,"minecraft:bamboo_block":97,"minecraft:glass":12,"iceandfire:armor_silver_metal_leggings":1,"iceandfire:armor_copper_metal_chestplate":1,"minecraft:chest":7,"minecraft:cooked_rabbit":1,"minecraft:cooked_porkchop":3,"minecraft:crafting_table":1,"minecraft:spruce_planks":8,"travelersbackpack:standard":1,"minecraft:wooden_pickaxe":1,"minecraft:iron_helmet":1,"minecraft:baked_potato":7,"minecraft:copper_ingot":115,"minecraft:iron_chestplate":2,"minecraft:shield":3,"minecraft:stick":64,"minecraft:iron_ingot":91,"minecraft:stone_sword":1,"minecraft:wooden_sword":1,"minecraft:furnace":1,"iceandfire:armor_copper_metal_leggings":1,"iceandfire:armor_copper_metal_helmet":1,"minecraft:flint_and_steel":1,"regions_unexplored:joshua_planks":24,"divinerpg:realmite_ingot":11,"minecraft:stone_pickaxe":1,"iceandfire:armor_silver_metal_boots":1,"minecraft:wheat":45,"minecraft:cooked_beef":10,"minecraft:coal_block":5,"iceandfire:silver_ingot":23,"travelersbackpack:backpack_tank":2,"minecraft:iron_sword":1,"securitycraft:taser":1,"travelersbackpack:black_sleeping_bag":1,"minecraft:bucket":1,"minecraft:stone_axe":1,"minecraft:bread":18,"minecraft:air":0,"aether:iron_gloves":2,"justhammers:iron_hammer":1,"justhammers:stone_hammer":2,"minecraft:wooden_axe":1,"minecraft:iron_leggings":1,"minecraft:torch":24,"iceandfire:silver_hoe":2},"minecraft:picked_up":{"regions_unexplored:small_oak_log":1,"iceandfire:dread_stone_bricks":1,"minecraft:iron_chestplate":3,"minecraft:wheat":9,"alexsmobs:maraca":1,"minecraft:flower_pot":1,"securitycraft:taser":2,"regions_unexplored:silt_dirt":19,"minecraft:potion":1,"minecraft:wither_rose":3,"minecraft:enchanted_book":2,"iceandfire:manuscript":1,"minecraft:string":10,"minecraft:raw_copper":115,"minecraft:iron_leggings":1,"minecraft:armor_stand":1,"minecraft:beetroot":3,"minecraft:cobbled_deepslate":46,"minecraft:spruce_planks":1,"crittersandcompanions:koi_fish":2,"alexsmobs:raccoon_tail":1,"minecraft:iron_boots":1,"minecraft:golden_helmet":1,"minecraft:stick":36,"iceandfire:ghost_chest":3,"minecraft:oak_fence":4,"minecraft:torch":59,"regions_unexplored:barrel_cactus":9,"minecraft:porkchop":12,"iceandfire:rotten_egg":1,"tombstone:grave_dust":8,"minecraft:diorite":36,"regions_unexplored:barley":511,"iceandfire:armor_silver_metal_boots":1,"divinerpg:realmite_boots":1,"minecraft:cactus":3,"minecraft:rotten_flesh":58,"regions_unexplored:mauve_log":26,"iceandfire:deathworm_chitin_yellow":4,"minecraft:obsidian":2,"minecraft:cobblestone":1500,"minecraft:magma_block":14,"minecraft:feather":4,"minecraft:cooked_beef":7,"minecraft:water_bucket":1,"minecraft:andesite":169,"regions_unexplored:cherry_shrub":1,"minecraft:flint":1,"divinerpg:realmite_chestplate":1,"naturalist:lizard_tail":1,"minecraft:dirt":83,"minecraft:bone":60,"minecraft:bow":3,"minecraft:wheat_seeds":97,"minecraft:raw_gold":8,"minecraft:rabbit":1,"minecraft:bamboo":880,"minecraft:moss_block":6,"minecraft:oak_planks":52,"regions_unexplored:bamboo_log":3,"justhammers:iron_hammer":1,"minecraft:sand":19,"alexsmobs:animal_dictionary":2,"minecraft:mossy_cobblestone":4,"minecraft:bundle":2,"regions_unexplored:hyssop":1,"alexsmobs:guster_eye":1,"minecraft:yellow_carpet":4,"minecraft:crossbow":2,"minecraft:granite":77,"minecraft:bone_meal":1,"minecraft:emerald":4,"minecraft:bread":60,"alexsmobs:maggot":10,"minecraft:oak_sapling":2,"iceandfire:raw_silver":30,"minecraft:crafting_table":1,"minecraft:chicken":1,"minecraft:clay_ball":142,"divinerpg:arlemite_shickaxe":1,"minecraft:brown_mushroom":4,"minecraft:cooked_rabbit":1,"divinerpg:corrupted_shards":6,"minecraft:shield":3,"iceandfire:silver_hoe":3,"minecraft:moss_carpet":8,"regions_unexplored:poppy_bush":8,"divinerpg:aqua_ball":2,"iceandfire:graveyard_soil":8,"minecraft:beef":11,"iceandfire:armor_silver_metal_leggings":1,"travelersbackpack:black_sleeping_bag":1,"minecraft:sugar_cane":13,"minecraft:egg":4,"minecraft:raw_iron":143,"minecraft:oak_door":1,"divinerpg:terran_shards":8,"regions_unexplored:blue_lupine":1,"minecraft:redstone":73,"minecraft:tnt":2,"iceandfire:silver_ingot":8,"minecraft:arrow":36,"regions_unexplored:mauve_sapling":1,"regions_unexplored:joshua_log":6,"minecraft:beetroot_seeds":11,"divinerpg:raw_realmite":12,"minecraft:hay_block":56,"crittersandcompanions:silk":12,"minecraft:gold_ingot":6,"minecraft:mutton":22,"minecraft:white_wool":24,"minecraft:skeleton_skull":5,"minecraft:mud_bricks":4,"minecraft:salmon":1,"minecraft:leather":17,"minecraft:oak_log":54,"regions_unexplored:red_lupine":2,"iceandfire:ectoplasm":3,"minecraft:yellow_bed":3,"minecraft:gunpowder":2,"minecraft:cobblestone_stairs":2,"mca:book_romance":4,"naturalist:glow_goop":5,"minecraft:cooked_mutton":3,"naturalist:bass":1,"minecraft:apple":25,"minecraft:rabbit_hide":3,"minecraft:iron_ingot":48,"minecraft:stone_pickaxe":1,"regions_unexplored:yellow_lupine":4,"minecraft:flowering_azalea":2,"minecraft:iron_sword":2,"iceandfire:dragonsteel_fire_sword":1,"minecraft:spruce_log":2,"minecraft:spider_eye":5,"travelersbackpack:standard":4,"alexsmobs:raw_catfish":2,"minecraft:slime_ball":8,"regions_unexplored:fireweed":1,"minecraft:iron_helmet":2,"minecraft:painting":7,"minecraft:baked_potato":3,"minecraft:black_wool":2,"minecraft:coal":188,"minecraft:ender_pearl":1},"minecraft:used":{"minecraft:beetroot":1,"minecraft:chest":6,"minecraft:shield":28,"minecraft:iron_sword":58,"crittersandcompanions:koi_fish":2,"minecraft:mutton":9,"naturalist:cooked_bass":1,"minecraft:obsidian":1,"regions_unexplored:barley":46,"iceandfire:ghost_chest":1,"iceandfire:dragonsteel_fire_sword":4,"minecraft:bow":1,"minecraft:furnace":1,"minecraft:egg":4,"divinerpg:realmite_axe":9,"alexsmobs:raw_catfish":2,"minecraft:oak_planks":11,"minecraft:stone_pickaxe":133,"minecraft:wooden_pickaxe":59,"iceandfire:dread_stone_bricks":1,"minecraft:glow_berries":1,"minecraft:crossbow":1,"minecraft:bread":83,"minecraft:wooden_sword":80,"minecraft:andesite":12,"minecraft:stone_sword":45,"minecraft:spruce_planks":8,"minecraft:cooked_chicken":1,"minecraft:torch":31,"minecraft:dirt":69,"minecraft:wooden_axe":49,"alexsmobs:maggot":6,"minecraft:mud_bricks":4,"minecraft:beef":1,"tombstone:gift":4,"minecraft:cooked_beef":9,"minecraft:cobbled_deepslate":6,"minecraft:cooked_mutton":13,"minecraft:water_bucket":24,"minecraft:baked_potato":7,"minecraft:salmon":1,"minecraft:crafting_table":2,"minecraft:painting":7,"justhammers:iron_hammer":93,"minecraft:oak_log":1,"minecraft:apple":33,"justhammers:stone_hammer":118,"minecraft:stone_axe":151,"iceandfire:silver_hoe":434,"minecraft:cobblestone":50,"travelersbackpack:standard":3,"minecraft:cooked_porkchop":3,"minecraft:bucket":28,"minecraft:yellow_bed":2,"alexsmobs:animal_dictionary":1},"minecraft:custom":{"minecraft:interact_with_crafting_table":68,"minecraft:open_barrel":6,"minecraft:leave_game":8,"minecraft:time_since_death":4863,"minecraft:sprint_one_cm":1614907,"minecraft:damage_blocked_by_shield":881,"minecraft:drop":196,"minecraft:talked_to_villager":2,"minecraft:play_time":466415,"minecraft:deaths":25,"tombstone:tomb_raiding":6,"minecraft:jump":12479,"minecraft:walk_on_water_one_cm":101736,"minecraft:interact_with_furnace":89,"minecraft:interact_with_loom":2,"minecraft:sleep_in_bed":16,"minecraft:damage_dealt":20394,"minecraft:player_kills":15,"minecraft:crouch_one_cm":629,"tombstone:undead_killed":35,"minecraft:interact_with_smithing_table":2,"minecraft:mob_kills":110,"minecraft:climb_one_cm":1542,"minecraft:walk_one_cm":771935,"minecraft:sneak_time":329,"minecraft:walk_under_water_one_cm":58618,"minecraft:interact_with_blast_furnace":2,"minecraft:total_world_time":466415,"tombstone:raider_killed":1,"minecraft:interact_with_grindstone":2,"minecraft:time_since_rest":4535,"minecraft:damage_taken":12556,"minecraft:trigger_trapped_chest":7,"minecraft:swim_one_cm":327298,"minecraft:fly_one_cm":3252190,"minecraft:open_chest":211,"minecraft:fall_one_cm":343683},"minecraft:broken":{"minecraft:leather_leggings":1,"minecraft:iron_boots":1,"minecraft:stone_pickaxe":1,"minecraft:wooden_sword":1,"minecraft:stone_axe":1,"minecraft:wooden_axe":1,"iceandfire:silver_hoe":1,"minecraft:leather_chestplate":1,"minecraft:wooden_pickaxe":1,"minecraft:iron_helmet":1},"minecraft:dropped":{"minecraft:oak_log":71,"divinerpg:realmite_shield":2,"minecraft:crossbow":2,"iceandfire:ectoplasm":1,"travelersbackpack:standard":3,"minecraft:leather_helmet":1,"iceandfire:armor_copper_metal_boots":1,"iceandfire:silver_hoe":1,"divinerpg:realmite_ingot":33,"minecraft:white_wool":5,"divinerpg:realmite_chestplate":3,"minecraft:oak_door":1,"alexsmobs:animal_dictionary":1,"divinerpg:realmite_helmet":3,"minecraft:rotten_flesh":22,"securitycraft:taser":1,"minecraft:oak_planks":18,"divinerpg:realmite_leggings":2,"justhammers:iron_hammer":1,"alexsmobs:leafcutter_ant_pupa":1,"iceandfire:ghost_chest":2,"minecraft:arrow":1,"iceandfire:armor_copper_metal_leggings":1,"minecraft:bread":133,"minecraft:wheat_seeds":18,"minecraft:mossy_cobblestone":2,"divinerpg:realmite_axe":2,"iceandfire:armor_copper_metal_chestplate":1,"minecraft:cobblestone":320,"minecraft:apple":6,"minecraft:bamboo_block":97,"alexsmobs:maraca":1,"regions_unexplored:small_oak_log":1,"mca:book_romance":2,"minecraft:torch":5,"regions_unexplored:barley":27,"divinerpg:realmite_pickaxe":2,"minecraft:iron_axe":2,"iceandfire:dragonsteel_fire_sword":2,"minecraft:redstone":2,"alexsmobs:maggot":1,"iceandfire:armor_copper_metal_helmet":1,"divinerpg:arlemite_shickaxe":1,"minecraft:shield":1,"divinerpg:realmite_sword":3,"minecraft:iron_chestplate":1,"divinerpg:realmite_boots":4,"minecraft:bow":1,"regions_unexplored:blue_lupine":1},"minecraft:killed_by":{"divinerpg:cave_crawler":1,"iceandfire:siren":1,"divinerpg:kobblin":4,"minecraft:drowned":1,"alexsmobs:crocodile":1,"minecraft:player":10,"iceandfire:deathworm":1,"minecraft:spider":1,"iceandfire:ghost":3,"divinerpg:ender_spider":1},"minecraft:killed":{"alexsmobs:lobster":1,"divinerpg:cave_crawler":1,"minecraft:spider":5,"naturalist:robin":1,"naturalist:snail":1,"minecraft:skeleton":11,"minecraft:chicken":1,"minecraft:pig":3,"divinerpg:enthralled_dramcryx":1,"naturalist:firefly":5,"naturalist:snake":1,"minecraft:salmon":1,"minecraft:creeper":1,"minecraft:sheep":16,"minecraft:pillager":1,"minecraft:zombie":18,"alexsmobs:roadrunner":2,"alexsmobs:fly":9,"crittersandcompanions:koi_fish":2,"minecraft:cow":3,"divinerpg:aequorea":2,"naturalist:coral_snake":1,"divinerpg:rotatick":1,"naturalist:bass":1,"divinerpg:kobblin":5,"alexsmobs:guster":1,"naturalist:lizard_tail":1,"alexsmobs:catfish":2,"divinerpg:miner":1,"iceandfire:ghost":5,"naturalist:lizard":1}},"DataVersion":3465}