{"stats":{"minecraft:mined":{"minecraft:spruce_planks":1,"minecraft:oak_sapling":1,"minecraft:cobblestone_stairs":1,"divinerpg:realmite_ore":8,"minecraft:grass_block":22,"minecraft:mud_bricks":4,"minecraft:cobbled_deepslate":1,"minecraft:iron_ore":20,"minecraft:fire":31,"regions_unexplored:mossy_stone":2,"minecraft:moss_carpet":1,"minecraft:potted_dandelion":1,"minecraft:dirt_path":8,"minecraft:oak_stairs":62,"regions_unexplored:silt_grass_block":9,"minecraft:brown_mushroom":2,"regions_unexplored:red_lupine":1,"regions_unexplored:yellow_lupine":2,"minecraft:torch":21,"iceandfire:ghost_chest":3,"minecraft:dead_bush":3,"minecraft:cobblestone":54,"divinerpg:divine_slab":1,"minecraft:sugar_cane":7,"minecraft:oak_planks":26,"regions_unexplored:bamboo_log":2,"minecraft:wall_torch":16,"minecraft:skeleton_skull":4,"minecraft:seagrass":1,"regions_unexplored:hyssop":1,"minecraft:wheat":12,"regions_unexplored:mauve_leaves":2,"minecraft:tnt":2,"minecraft:wither_rose":5,"minecraft:smooth_stone_slab":7,"minecraft:grass":174,"regions_unexplored:joshua_log":8,"regions_unexplored:cherry_shrub":1,"minecraft:oak_log":55,"minecraft:beetroots":4,"minecraft:sand":11,"minecraft:dirt":48,"minecraft:oak_leaves":6,"regions_unexplored:fireweed":1,"regions_unexplored:spruce_shrub":1,"minecraft:mossy_cobblestone":8,"regions_unexplored:barley":783,"minecraft:oak_door":2,"regions_unexplored:poppy_bush":4,"minecraft:spruce_leaves":2,"minecraft:moss_block":3,"minecraft:large_fern":3,"minecraft:hay_block":28,"minecraft:andesite":4,"minecraft:vine":2,"crittersandcompanions:silk_cocoon":3,"regions_unexplored:medium_grass":132,"minecraft:bamboo":83,"regions_unexplored:small_oak_log":1,"minecraft:stone":56,"regions_unexplored:windswept_grass":12,"minecraft:white_wool":7,"regions_unexplored:barrel_cactus":8,"minecraft:oak_slab":4,"travelersbackpack:standard":3,"minecraft:oak_fence":4,"minecraft:crafting_table":1,"regions_unexplored:silt_dirt":10,"minecraft:tall_grass":132,"regions_unexplored:mauve_log":26,"minecraft:diorite":1,"minecraft:spruce_log":2,"minecraft:yellow_bed":8,"regions_unexplored:sandy_grass":1,"minecraft:coal_ore":46,"divinerpg:realmite_ore_deepslate":2,"minecraft:fern":22},"minecraft:crafted":{"minecraft:oak_planks":128,"minecraft:cooked_chicken":1,"minecraft:stone":8,"naturalist:cooked_bass":1,"minecraft:cooked_mutton":13,"iceandfire:armor_copper_metal_boots":1,"minecraft:bamboo_block":97,"minecraft:glass":12,"iceandfire:armor_silver_metal_leggings":1,"iceandfire:armor_copper_metal_chestplate":1,"minecraft:chest":7,"minecraft:cooked_rabbit":1,"minecraft:cooked_porkchop":3,"minecraft:crafting_table":1,"minecraft:spruce_planks":8,"minecraft:iron_helmet":1,"minecraft:wooden_pickaxe":1,"minecraft:baked_potato":7,"travelersbackpack:standard":1,"minecraft:copper_ingot":115,"minecraft:iron_chestplate":3,"minecraft:shield":3,"minecraft:stick":64,"minecraft:iron_ingot":91,"minecraft:iron_pickaxe":1,"minecraft:stone_sword":1,"minecraft:wooden_sword":1,"minecraft:furnace":1,"iceandfire:armor_copper_metal_leggings":1,"iceandfire:armor_copper_metal_helmet":1,"minecraft:flint_and_steel":1,"regions_unexplored:joshua_planks":24,"minecraft:iron_axe":1,"divinerpg:realmite_ingot":11,"minecraft:stone_pickaxe":1,"iceandfire:armor_silver_metal_boots":1,"minecraft:wheat":45,"minecraft:cooked_beef":10,"minecraft:coal_block":5,"iceandfire:silver_ingot":23,"travelersbackpack:backpack_tank":2,"minecraft:iron_sword":1,"securitycraft:taser":1,"travelersbackpack:black_sleeping_bag":1,"minecraft:bucket":1,"minecraft:stone_axe":1,"minecraft:air":0,"minecraft:bread":18,"aether:iron_gloves":2,"justhammers:iron_hammer":1,"justhammers:stone_hammer":2,"minecraft:wooden_axe":1,"minecraft:iron_leggings":2,"minecraft:torch":24,"iceandfire:silver_hoe":2},"minecraft:picked_up":{"regions_unexplored:small_oak_log":1,"iceandfire:dread_stone_bricks":1,"minecraft:iron_chestplate":6,"minecraft:wheat":9,"alexsmobs:maraca":1,"minecraft:flower_pot":1,"securitycraft:taser":5,"regions_unexplored:silt_dirt":121,"minecraft:oak_stairs":6,"minecraft:potion":1,"minecraft:wither_rose":5,"minecraft:enchanted_book":2,"iceandfire:manuscript":1,"minecraft:string":21,"minecraft:raw_copper":115,"minecraft:iron_leggings":6,"minecraft:armor_stand":1,"minecraft:beetroot":3,"minecraft:bucket":2,"minecraft:cobbled_deepslate":46,"minecraft:spruce_planks":1,"crittersandcompanions:koi_fish":2,"minecraft:iron_pickaxe":3,"alexsmobs:raccoon_tail":1,"minecraft:iron_boots":3,"minecraft:golden_helmet":1,"minecraft:stick":46,"iceandfire:ghost_chest":3,"minecraft:oak_fence":16,"minecraft:torch":150,"regions_unexplored:barrel_cactus":9,"minecraft:porkchop":18,"tombstone:bone_needle":2,"iceandfire:rotten_egg":2,"tombstone:grave_dust":12,"minecraft:diorite":36,"regions_unexplored:barley":723,"divinerpg:realmite_boots":1,"iceandfire:armor_silver_metal_boots":2,"minecraft:cactus":3,"minecraft:rotten_flesh":93,"regions_unexplored:mauve_log":26,"iceandfire:deathworm_chitin_yellow":4,"minecraft:carved_pumpkin":24,"minecraft:obsidian":4,"minecraft:snowball":118,"minecraft:iron_bars":1,"minecraft:cobblestone":1973,"minecraft:magma_block":14,"minecraft:feather":4,"minecraft:cooked_beef":7,"minecraft:water_bucket":3,"minecraft:andesite":169,"regions_unexplored:cherry_shrub":1,"minecraft:flint":1,"naturalist:lizard_tail":1,"divinerpg:realmite_chestplate":1,"minecraft:dirt":92,"minecraft:bone":135,"minecraft:bow":3,"minecraft:wheat_seeds":178,"minecraft:raw_gold":8,"minecraft:rabbit":1,"minecraft:bamboo":880,"minecraft:moss_block":6,"minecraft:oak_planks":111,"divinerpg:realmite_shield":1,"regions_unexplored:bamboo_log":3,"justhammers:iron_hammer":1,"minecraft:sand":19,"minecraft:mossy_cobblestone":4,"alexsmobs:animal_dictionary":2,"minecraft:bundle":2,"regions_unexplored:hyssop":1,"alexsmobs:guster_eye":1,"minecraft:yellow_carpet":10,"minecraft:crossbow":2,"minecraft:granite":77,"minecraft:bone_meal":1,"minecraft:emerald":4,"minecraft:bread":60,"alexsmobs:maggot":11,"minecraft:oak_sapling":5,"iceandfire:raw_silver":30,"minecraft:crafting_table":1,"minecraft:chicken":1,"minecraft:clay_ball":142,"divinerpg:arlemite_shickaxe":1,"minecraft:brown_mushroom":4,"minecraft:cooked_rabbit":2,"divinerpg:corrupted_shards":6,"minecraft:shield":6,"minecraft:iron_axe":2,"iceandfire:silver_hoe":4,"minecraft:moss_carpet":10,"regions_unexplored:poppy_bush":12,"divinerpg:aqua_ball":2,"iceandfire:graveyard_soil":8,"minecraft:beef":11,"iceandfire:armor_silver_metal_leggings":1,"travelersbackpack:black_sleeping_bag":1,"minecraft:sugar_cane":13,"minecraft:egg":4,"minecraft:raw_iron":143,"minecraft:oak_door":1,"divinerpg:terran_shards":28,"regions_unexplored:blue_lupine":1,"minecraft:redstone":73,"minecraft:tnt":2,"iceandfire:silver_ingot":8,"minecraft:arrow":82,"regions_unexplored:mauve_sapling":1,"regions_unexplored:joshua_log":6,"minecraft:beetroot_seeds":11,"divinerpg:raw_realmite":12,"minecraft:hay_block":56,"crittersandcompanions:silk":12,"minecraft:gold_ingot":6,"minecraft:mutton":24,"minecraft:skeleton_skull":5,"minecraft:white_wool":54,"minecraft:mud_bricks":4,"minecraft:salmon":1,"minecraft:leather":17,"minecraft:oak_log":67,"regions_unexplored:red_lupine":3,"iceandfire:ectoplasm":11,"minecraft:yellow_bed":3,"minecraft:gunpowder":20,"minecraft:cobblestone_stairs":10,"mca:book_romance":4,"naturalist:glow_goop":11,"minecraft:cooked_mutton":3,"naturalist:bass":1,"minecraft:apple":26,"minecraft:rabbit_hide":3,"minecraft:iron_ingot":90,"minecraft:stone_pickaxe":1,"minecraft:iron_sword":3,"minecraft:flowering_azalea":2,"regions_unexplored:yellow_lupine":6,"iceandfire:dragonsteel_fire_sword":1,"minecraft:spruce_log":2,"minecraft:spruce_door":1,"minecraft:spider_eye":6,"travelersbackpack:standard":10,"alexsmobs:raw_catfish":2,"minecraft:slime_ball":10,"regions_unexplored:fireweed":1,"minecraft:iron_helmet":9,"minecraft:painting":7,"minecraft:baked_potato":3,"minecraft:black_wool":2,"minecraft:coal":188,"minecraft:ender_pearl":1},"minecraft:used":{"minecraft:beetroot":1,"minecraft:chest":6,"minecraft:shield":36,"minecraft:iron_sword":59,"minecraft:rotten_flesh":2,"crittersandcompanions:koi_fish":2,"minecraft:mutton":11,"naturalist:cooked_bass":1,"minecraft:snowball":32,"minecraft:obsidian":2,"regions_unexplored:barley":46,"iceandfire:ghost_chest":1,"iceandfire:dragonsteel_fire_sword":4,"minecraft:bow":1,"minecraft:furnace":1,"minecraft:egg":4,"divinerpg:realmite_axe":9,"alexsmobs:raw_catfish":2,"minecraft:spruce_door":1,"minecraft:oak_planks":24,"minecraft:stone_pickaxe":133,"minecraft:wooden_pickaxe":59,"iceandfire:dread_stone_bricks":1,"minecraft:white_wool":9,"minecraft:glow_berries":1,"minecraft:crossbow":1,"minecraft:bread":83,"minecraft:wooden_sword":80,"minecraft:cooked_rabbit":1,"minecraft:andesite":12,"minecraft:stone_sword":45,"minecraft:spruce_planks":8,"minecraft:cooked_chicken":1,"minecraft:torch":44,"minecraft:dirt":69,"minecraft:wooden_axe":49,"alexsmobs:maggot":7,"minecraft:iron_axe":160,"minecraft:mud_bricks":4,"minecraft:beef":1,"tombstone:gift":6,"minecraft:cooked_beef":9,"minecraft:cobbled_deepslate":6,"minecraft:cooked_mutton":13,"minecraft:water_bucket":317,"minecraft:baked_potato":7,"minecraft:salmon":1,"minecraft:crafting_table":2,"minecraft:painting":7,"justhammers:iron_hammer":93,"minecraft:oak_log":1,"minecraft:apple":34,"minecraft:iron_pickaxe":66,"justhammers:stone_hammer":118,"minecraft:stone_axe":151,"iceandfire:silver_hoe":544,"minecraft:cobblestone":407,"travelersbackpack:standard":3,"minecraft:porkchop":6,"minecraft:cooked_porkchop":3,"minecraft:bucket":321,"minecraft:yellow_bed":2,"alexsmobs:animal_dictionary":1},"minecraft:custom":{"minecraft:interact_with_crafting_table":71,"minecraft:open_barrel":6,"minecraft:leave_game":8,"minecraft:time_since_death":5066,"minecraft:sprint_one_cm":1892890,"minecraft:damage_blocked_by_shield":1261,"minecraft:drop":249,"minecraft:talked_to_villager":2,"minecraft:play_time":596876,"minecraft:deaths":47,"tombstone:tomb_raiding":13,"minecraft:jump":14892,"minecraft:walk_on_water_one_cm":239689,"minecraft:interact_with_furnace":93,"minecraft:interact_with_loom":2,"minecraft:sleep_in_bed":16,"minecraft:damage_dealt":27663,"minecraft:player_kills":27,"minecraft:crouch_one_cm":13499,"tombstone:undead_killed":45,"minecraft:interact_with_smithing_table":2,"minecraft:mob_kills":128,"minecraft:climb_one_cm":1542,"minecraft:walk_one_cm":980164,"minecraft:sneak_time":3071,"minecraft:walk_under_water_one_cm":289715,"minecraft:interact_with_blast_furnace":2,"minecraft:total_world_time":596876,"tombstone:raider_killed":1,"minecraft:interact_with_grindstone":2,"minecraft:time_since_rest":4593,"minecraft:damage_taken":23155,"minecraft:trigger_trapped_chest":7,"minecraft:swim_one_cm":914550,"minecraft:fly_one_cm":3671009,"minecraft:open_chest":217,"minecraft:fall_one_cm":466008},"minecraft:broken":{"minecraft:leather_leggings":1,"minecraft:iron_boots":2,"minecraft:iron_chestplate":1,"minecraft:iron_leggings":1,"minecraft:stone_pickaxe":1,"minecraft:wooden_sword":1,"minecraft:stone_axe":1,"minecraft:wooden_axe":1,"iceandfire:armor_silver_metal_boots":1,"iceandfire:silver_hoe":1,"minecraft:leather_chestplate":1,"minecraft:wooden_pickaxe":1,"minecraft:iron_helmet":3},"minecraft:dropped":{"minecraft:oak_log":105,"divinerpg:realmite_shield":5,"minecraft:crossbow":2,"iceandfire:ectoplasm":1,"travelersbackpack:standard":5,"minecraft:leather_helmet":1,"minecraft:cobblestone_stairs":2,"minecraft:dirt":9,"iceandfire:armor_copper_metal_boots":2,"minecraft:snowball":102,"iceandfire:silver_hoe":2,"divinerpg:realmite_ingot":33,"divinerpg:realmite_chestplate":3,"minecraft:white_wool":6,"minecraft:armor_stand":1,"minecraft:bone":1,"minecraft:oak_door":1,"alexsmobs:animal_dictionary":1,"divinerpg:realmite_helmet":4,"minecraft:obsidian":1,"minecraft:rotten_flesh":23,"securitycraft:taser":3,"minecraft:oak_planks":18,"divinerpg:realmite_leggings":3,"justhammers:iron_hammer":1,"alexsmobs:leafcutter_ant_pupa":1,"iceandfire:ghost_chest":2,"minecraft:arrow":17,"iceandfire:armor_copper_metal_leggings":2,"minecraft:iron_ingot":17,"minecraft:bread":134,"minecraft:wheat_seeds":19,"minecraft:mossy_cobblestone":2,"divinerpg:realmite_axe":3,"divinerpg:terran_dagger":1,"minecraft:oak_fence":2,"iceandfire:armor_copper_metal_chestplate":2,"minecraft:cobblestone":324,"regions_unexplored:yellow_lupine":2,"minecraft:apple":6,"minecraft:bamboo_block":97,"alexsmobs:maraca":1,"regions_unexplored:small_oak_log":1,"mca:book_romance":2,"minecraft:torch":5,"regions_unexplored:barley":27,"minecraft:oak_stairs":3,"regions_unexplored:poppy_bush":4,"divinerpg:realmite_pickaxe":2,"minecraft:iron_axe":2,"iceandfire:dragonsteel_fire_sword":2,"minecraft:redstone":2,"minecraft:dandelion":2,"minecraft:moss_carpet":2,"alexsmobs:maggot":1,"iceandfire:armor_copper_metal_helmet":2,"divinerpg:arlemite_shickaxe":1,"minecraft:shield":1,"divinerpg:realmite_sword":3,"minecraft:iron_chestplate":1,"minecraft:oak_sapling":3,"minecraft:carved_pumpkin":48,"minecraft:spider_eye":1,"minecraft:slime_ball":3,"divinerpg:realmite_boots":6,"minecraft:bow":1,"regions_unexplored:silt_dirt":17,"regions_unexplored:blue_lupine":1},"minecraft:killed_by":{"minecraft:creeper":1,"divinerpg:cave_crawler":1,"iceandfire:siren":1,"divinerpg:kobblin":5,"minecraft:drowned":1,"alexsmobs:crocodile":1,"alexsmobs:grizzly_bear":1,"minecraft:player":18,"iceandfire:deathworm":1,"minecraft:spider":1,"iceandfire:ghost":5,"divinerpg:ender_spider":1},"minecraft:killed":{"alexsmobs:lobster":1,"divinerpg:cave_crawler":1,"minecraft:spider":6,"naturalist:robin":1,"naturalist:snail":1,"minecraft:skeleton":16,"minecraft:chicken":1,"minecraft:pig":3,"divinerpg:enthralled_dramcryx":1,"naturalist:snake":1,"naturalist:firefly":5,"minecraft:salmon":1,"minecraft:creeper":2,"minecraft:sheep":17,"minecraft:pillager":1,"minecraft:zombie":20,"alexsmobs:roadrunner":2,"alexsmobs:fly":9,"crittersandcompanions:koi_fish":2,"minecraft:cow":3,"divinerpg:aequorea":2,"naturalist:coral_snake":1,"divinerpg:rotatick":1,"naturalist:bass":1,"divinerpg:kobblin":5,"alexsmobs:guster":1,"naturalist:lizard_tail":1,"alexsmobs:catfish":2,"divinerpg:miner":1,"iceandfire:ghost":8,"naturalist:lizard":1,"alexsmobs:crow":1}},"DataVersion":3465}