{"stats":{"minecraft:mined":{"minecraft:spruce_planks":1,"minecraft:oak_sapling":1,"divinerpg:realmite_ore":8,"minecraft:grass_block":22,"minecraft:mud_bricks":4,"minecraft:iron_ore":20,"regions_unexplored:mossy_stone":2,"minecraft:potted_dandelion":1,"minecraft:dirt_path":2,"regions_unexplored:silt_grass_block":5,"minecraft:brown_mushroom":2,"minecraft:torch":13,"iceandfire:ghost_chest":3,"minecraft:dead_bush":3,"minecraft:cobblestone":7,"divinerpg:divine_slab":1,"minecraft:sugar_cane":7,"minecraft:oak_planks":4,"regions_unexplored:bamboo_log":2,"minecraft:wall_torch":14,"minecraft:skeleton_skull":4,"regions_unexplored:hyssop":1,"minecraft:wheat":12,"regions_unexplored:mauve_leaves":2,"minecraft:tnt":2,"minecraft:wither_rose":3,"minecraft:grass":94,"regions_unexplored:joshua_log":8,"regions_unexplored:cherry_shrub":1,"minecraft:oak_log":44,"minecraft:beetroots":4,"minecraft:dirt":48,"minecraft:oak_leaves":3,"regions_unexplored:fireweed":1,"regions_unexplored:spruce_shrub":1,"regions_unexplored:barley":534,"minecraft:oak_door":1,"minecraft:spruce_leaves":2,"minecraft:moss_block":3,"minecraft:large_fern":3,"minecraft:hay_block":28,"minecraft:andesite":4,"minecraft:vine":2,"crittersandcompanions:silk_cocoon":3,"regions_unexplored:medium_grass":80,"minecraft:bamboo":83,"regions_unexplored:small_oak_log":1,"minecraft:stone":56,"regions_unexplored:windswept_grass":2,"regions_unexplored:barrel_cactus":8,"minecraft:crafting_table":1,"regions_unexplored:silt_dirt":4,"minecraft:tall_grass":93,"regions_unexplored:mauve_log":26,"minecraft:diorite":1,"minecraft:spruce_log":2,"minecraft:yellow_bed":5,"regions_unexplored:sandy_grass":1,"minecraft:coal_ore":46,"divinerpg:realmite_ore_deepslate":2,"minecraft:fern":22},"minecraft:killed_by":{"divinerpg:cave_crawler":1,"iceandfire:siren":1,"divinerpg:kobblin":4,"minecraft:drowned":1,"alexsmobs:crocodile":1,"minecraft:player":5,"iceandfire:deathworm":1,"iceandfire:ghost":3,"divinerpg:ender_spider":1},"minecraft:used":{"minecraft:beetroot":1,"minecraft:chest":6,"minecraft:shield":23,"minecraft:iron_sword":37,"minecraft:mutton":9,"naturalist:cooked_bass":1,"iceandfire:ghost_chest":1,"iceandfire:dragonsteel_fire_sword":4,"minecraft:bow":1,"minecraft:furnace":1,"minecraft:egg":3,"divinerpg:realmite_axe":9,"alexsmobs:raw_catfish":2,"minecraft:stone_pickaxe":133,"minecraft:oak_planks":11,"minecraft:wooden_pickaxe":59,"iceandfire:dread_stone_bricks":1,"minecraft:crossbow":1,"minecraft:bread":65,"minecraft:wooden_sword":80,"minecraft:andesite":12,"minecraft:stone_sword":45,"minecraft:spruce_planks":8,"minecraft:cooked_chicken":1,"minecraft:torch":28,"minecraft:dirt":69,"minecraft:wooden_axe":49,"alexsmobs:maggot":6,"minecraft:mud_bricks":4,"tombstone:gift":4,"minecraft:cooked_beef":9,"minecraft:cobbled_deepslate":6,"minecraft:baked_potato":7,"minecraft:salmon":1,"minecraft:crafting_table":2,"minecraft:painting":7,"justhammers:iron_hammer":93,"minecraft:apple":32,"justhammers:stone_hammer":118,"minecraft:stone_axe":151,"iceandfire:silver_hoe":212,"minecraft:cobblestone":48,"minecraft:yellow_bed":2,"alexsmobs:animal_dictionary":1},"minecraft:crafted":{"minecraft:oak_planks":96,"minecraft:cooked_chicken":1,"minecraft:stone":8,"naturalist:cooked_bass":1,"iceandfire:armor_copper_metal_boots":1,"minecraft:bamboo_block":97,"iceandfire:armor_silver_metal_leggings":1,"iceandfire:armor_copper_metal_chestplate":1,"minecraft:chest":6,"minecraft:crafting_table":1,"minecraft:spruce_planks":8,"minecraft:wooden_pickaxe":1,"minecraft:baked_potato":7,"minecraft:copper_ingot":115,"minecraft:iron_chestplate":1,"minecraft:shield":3,"minecraft:stick":64,"minecraft:iron_ingot":71,"minecraft:stone_sword":1,"minecraft:wooden_sword":1,"minecraft:furnace":1,"iceandfire:armor_copper_metal_leggings":1,"iceandfire:armor_copper_metal_helmet":1,"regions_unexplored:joshua_planks":24,"divinerpg:realmite_ingot":1,"minecraft:stone_pickaxe":1,"minecraft:cooked_beef":10,"minecraft:coal_block":5,"iceandfire:silver_ingot":16,"minecraft:iron_sword":1,"minecraft:stone_axe":1,"minecraft:bread":3,"minecraft:air":0,"aether:iron_gloves":1,"justhammers:iron_hammer":1,"justhammers:stone_hammer":2,"minecraft:wooden_axe":1,"minecraft:torch":24,"iceandfire:silver_hoe":1},"minecraft:custom":{"minecraft:interact_with_crafting_table":30,"minecraft:open_barrel":5,"minecraft:leave_game":4,"minecraft:time_since_death":2204,"minecraft:sprint_one_cm":1259257,"minecraft:damage_blocked_by_shield":671,"minecraft:drop":168,"minecraft:talked_to_villager":2,"minecraft:play_time":363582,"minecraft:deaths":18,"tombstone:tomb_raiding":5,"minecraft:jump":9414,"minecraft:walk_on_water_one_cm":82479,"minecraft:interact_with_furnace":54,"minecraft:interact_with_loom":1,"minecraft:sleep_in_bed":14,"minecraft:damage_dealt":13399,"minecraft:player_kills":12,"minecraft:crouch_one_cm":461,"tombstone:undead_killed":23,"minecraft:mob_kills":69,"minecraft:climb_one_cm":1542,"minecraft:walk_one_cm":601532,"minecraft:sneak_time":230,"minecraft:walk_under_water_one_cm":52273,"minecraft:interact_with_blast_furnace":1,"minecraft:total_world_time":363582,"tombstone:raider_killed":1,"minecraft:interact_with_grindstone":1,"minecraft:time_since_rest":1887,"minecraft:damage_taken":8899,"minecraft:trigger_trapped_chest":7,"minecraft:fly_one_cm":2551353,"minecraft:swim_one_cm":309058,"minecraft:open_chest":104,"minecraft:fall_one_cm":243818},"minecraft:killed":{"alexsmobs:lobster":1,"divinerpg:cave_crawler":1,"minecraft:spider":3,"naturalist:snail":1,"minecraft:skeleton":6,"minecraft:chicken":1,"divinerpg:enthralled_dramcryx":1,"naturalist:firefly":1,"naturalist:snake":1,"minecraft:salmon":1,"minecraft:creeper":1,"minecraft:sheep":7,"minecraft:pillager":1,"minecraft:zombie":12,"alexsmobs:roadrunner":2,"alexsmobs:fly":7,"crittersandcompanions:koi_fish":2,"minecraft:cow":2,"divinerpg:aequorea":2,"divinerpg:rotatick":1,"naturalist:bass":1,"divinerpg:kobblin":1,"alexsmobs:guster":1,"naturalist:lizard_tail":1,"alexsmobs:catfish":2,"divinerpg:miner":1,"iceandfire:ghost":4,"naturalist:lizard":1},"minecraft:picked_up":{"regions_unexplored:small_oak_log":1,"iceandfire:dread_stone_bricks":1,"minecraft:iron_chestplate":2,"minecraft:wheat":9,"alexsmobs:maraca":1,"minecraft:flower_pot":1,"regions_unexplored:silt_dirt":9,"minecraft:enchanted_book":2,"minecraft:wither_rose":3,"minecraft:potion":1,"iceandfire:manuscript":1,"minecraft:string":8,"minecraft:raw_copper":115,"minecraft:armor_stand":1,"minecraft:beetroot":3,"minecraft:cobbled_deepslate":46,"minecraft:spruce_planks":1,"crittersandcompanions:koi_fish":2,"alexsmobs:raccoon_tail":1,"minecraft:iron_boots":1,"minecraft:golden_helmet":1,"minecraft:stick":30,"iceandfire:ghost_chest":3,"minecraft:oak_fence":2,"minecraft:torch":32,"regions_unexplored:barrel_cactus":9,"iceandfire:rotten_egg":1,"minecraft:diorite":36,"tombstone:grave_dust":8,"regions_unexplored:barley":297,"minecraft:cactus":3,"minecraft:rotten_flesh":44,"regions_unexplored:mauve_log":26,"iceandfire:deathworm_chitin_yellow":4,"minecraft:cobblestone":1500,"minecraft:magma_block":14,"minecraft:feather":2,"minecraft:cooked_beef":7,"minecraft:andesite":169,"regions_unexplored:cherry_shrub":1,"minecraft:flint":1,"naturalist:lizard_tail":1,"minecraft:dirt":71,"minecraft:bone":45,"minecraft:bow":3,"minecraft:wheat_seeds":73,"minecraft:raw_gold":8,"minecraft:bamboo":880,"minecraft:moss_block":6,"minecraft:oak_planks":36,"regions_unexplored:bamboo_log":3,"justhammers:iron_hammer":1,"minecraft:sand":2,"alexsmobs:animal_dictionary":2,"minecraft:mossy_cobblestone":4,"minecraft:bundle":2,"regions_unexplored:hyssop":1,"alexsmobs:guster_eye":1,"minecraft:crossbow":2,"minecraft:granite":77,"minecraft:bone_meal":1,"minecraft:bread":60,"minecraft:emerald":4,"alexsmobs:maggot":8,"minecraft:oak_sapling":2,"iceandfire:raw_silver":30,"minecraft:crafting_table":1,"minecraft:chicken":1,"minecraft:clay_ball":142,"minecraft:brown_mushroom":4,"divinerpg:corrupted_shards":6,"minecraft:shield":2,"iceandfire:silver_hoe":2,"minecraft:moss_carpet":6,"divinerpg:aqua_ball":2,"iceandfire:graveyard_soil":8,"minecraft:beef":10,"iceandfire:armor_silver_metal_leggings":1,"minecraft:sugar_cane":13,"minecraft:egg":3,"minecraft:raw_iron":143,"minecraft:oak_door":1,"divinerpg:terran_shards":6,"regions_unexplored:blue_lupine":1,"minecraft:redstone":72,"minecraft:tnt":2,"iceandfire:silver_ingot":8,"minecraft:arrow":19,"regions_unexplored:mauve_sapling":1,"regions_unexplored:joshua_log":6,"minecraft:beetroot_seeds":11,"divinerpg:raw_realmite":12,"crittersandcompanions:silk":12,"minecraft:hay_block":56,"minecraft:gold_ingot":6,"minecraft:mutton":9,"minecraft:skeleton_skull":5,"minecraft:white_wool":6,"minecraft:mud_bricks":4,"minecraft:salmon":1,"minecraft:leather":8,"minecraft:oak_log":43,"iceandfire:ectoplasm":3,"minecraft:yellow_bed":3,"minecraft:gunpowder":2,"mca:book_romance":4,"naturalist:glow_goop":1,"naturalist:bass":1,"minecraft:apple":24,"minecraft:rabbit_hide":3,"minecraft:stone_pickaxe":1,"minecraft:flowering_azalea":2,"minecraft:iron_sword":1,"iceandfire:dragonsteel_fire_sword":1,"minecraft:spruce_log":2,"minecraft:spider_eye":3,"alexsmobs:raw_catfish":2,"minecraft:slime_ball":8,"regions_unexplored:fireweed":1,"minecraft:iron_helmet":1,"minecraft:painting":7,"minecraft:baked_potato":3,"minecraft:black_wool":1,"minecraft:coal":188,"minecraft:ender_pearl":1},"minecraft:dropped":{"minecraft:oak_log":2,"divinerpg:realmite_shield":2,"minecraft:crossbow":2,"iceandfire:ectoplasm":1,"minecraft:leather_helmet":1,"iceandfire:armor_copper_metal_boots":1,"iceandfire:silver_hoe":1,"divinerpg:realmite_chestplate":2,"minecraft:oak_door":1,"alexsmobs:animal_dictionary":1,"divinerpg:realmite_helmet":2,"minecraft:rotten_flesh":18,"minecraft:oak_planks":14,"divinerpg:realmite_leggings":2,"justhammers:iron_hammer":1,"iceandfire:ghost_chest":2,"minecraft:arrow":1,"iceandfire:armor_copper_metal_leggings":1,"minecraft:bread":133,"minecraft:wheat_seeds":17,"minecraft:mossy_cobblestone":2,"divinerpg:realmite_axe":2,"iceandfire:armor_copper_metal_chestplate":1,"minecraft:cobblestone":320,"minecraft:apple":6,"minecraft:bamboo_block":97,"alexsmobs:maraca":1,"regions_unexplored:small_oak_log":1,"mca:book_romance":2,"minecraft:torch":5,"regions_unexplored:barley":27,"divinerpg:realmite_pickaxe":2,"minecraft:iron_axe":2,"iceandfire:dragonsteel_fire_sword":2,"alexsmobs:maggot":1,"iceandfire:armor_copper_metal_helmet":1,"minecraft:shield":1,"divinerpg:realmite_sword":2,"minecraft:iron_chestplate":1,"divinerpg:realmite_boots":2,"minecraft:bow":1,"regions_unexplored:blue_lupine":1},"minecraft:broken":{"minecraft:leather_leggings":1,"minecraft:iron_boots":1,"minecraft:stone_pickaxe":1,"minecraft:wooden_sword":1,"minecraft:stone_axe":1,"minecraft:wooden_axe":1,"minecraft:leather_chestplate":1,"minecraft:wooden_pickaxe":1,"minecraft:iron_helmet":1}},"DataVersion":3465}