{"stats":{"minecraft:mined":{"iceandfire:silver_ore":8,"minecraft:mossy_cobblestone":1,"minecraft:cobblestone_stairs":51,"minecraft:powder_snow":6,"divinerpg:realmite_ore":2,"minecraft:crafting_table":2,"minecraft:torch":2,"minecraft:grass_block":3,"biomesoplenty:fir_planks":88,"minecraft:chest":3,"minecraft:copper_ore":24,"minecraft:cobblestone":9,"minecraft:tall_grass":3,"minecraft:oak_planks":1,"minecraft:wall_torch":4,"minecraft:purple_bed":3,"minecraft:furnace":3,"minecraft:iron_ore":5,"minecraft:sweet_berry_bush":13,"biomesoplenty:fir_log":178,"regions_unexplored:silver_birch_log":1,"minecraft:grass":6,"biomesoplenty:fir_door":6,"minecraft:oak_log":5,"minecraft:coal_ore":103,"biomesoplenty:fir_leaves":14,"biomesoplenty:webbing":2,"minecraft:gravel":37,"minecraft:dirt":5,"minecraft:stone":97,"minecraft:fern":11},"minecraft:picked_up":{"minecraft:crafting_table":2,"minecraft:andesite":2,"iceandfire:armor_copper_metal_chestplate":1,"minecraft:oak_stairs":18,"biomesoplenty:fir_sapling":1,"biomesoplenty:fir_log":171,"minecraft:flint":2,"minecraft:oak_log":5,"minecraft:cobblestone_stairs":49,"biomesoplenty:fir_door":10,"minecraft:dirt":8,"divinerpg:realmite_helmet":1,"minecraft:raw_copper":79,"minecraft:iron_axe":1,"minecraft:bone":5,"biomesoplenty:fir_planks":87,"minecraft:iron_ingot":1,"minecraft:stone_pickaxe":3,"iceandfire:dread_shard":2,"minecraft:iron_pickaxe":2,"minecraft:chest":3,"minecraft:oak_planks":3,"minecraft:furnace":3,"minecraft:raw_iron":5,"minecraft:oak_slab":3,"minecraft:sweet_berries":23,"minecraft:torch":9,"minecraft:gravel":53,"tombstone:grave_dust":2,"regions_unexplored:silver_birch_log":1,"minecraft:spider_eye":2,"minecraft:mossy_cobblestone":2,"regions_unexplored:barley":20,"minecraft:purple_bed":3,"divinerpg:realmite_boots":1,"minecraft:arrow":1,"minecraft:rotten_flesh":21,"minecraft:chainmail_leggings":1,"divinerpg:raw_realmite":1,"minecraft:emerald":2,"minecraft:coal":102,"iceandfire:raw_silver":8,"minecraft:cobblestone":103},"minecraft:crafted":{"iceandfire:silver_axe":1,"minecraft:coal_block":3,"minecraft:oak_planks":20,"minecraft:emerald":3,"iceandfire:silver_ingot":8,"minecraft:crafting_table":2,"minecraft:iron_helmet":1,"minecraft:furnace":2,"iceandfire:armor_copper_metal_leggings":1,"minecraft:copper_ingot":79,"minecraft:air":0,"iceandfire:armor_copper_metal_boots":1,"biomesoplenty:fir_planks":204,"minecraft:shield":1,"divinerpg:realmite_ingot":1,"iceandfire:armor_copper_metal_chestplate":1,"minecraft:iron_ingot":5,"minecraft:stone_pickaxe":3,"minecraft:chest":3,"minecraft:torch":32,"biomesoplenty:fir_door":3,"tombstone:bone_needle":1},"minecraft:used":{"minecraft:water_bucket":7,"minecraft:stone_sword":25,"minecraft:cobblestone_stairs":53,"minecraft:stone_pickaxe":23,"minecraft:oak_planks":3,"minecraft:chest":6,"minecraft:shield":76,"biomesoplenty:fir_planks":215,"minecraft:torch":9,"minecraft:dirt":4,"minecraft:crafting_table":4,"iceandfire:silver_axe":263,"minecraft:iron_axe":87,"minecraft:iron_pickaxe":300,"minecraft:gravel":33,"biomesoplenty:fir_door":12,"minecraft:cobblestone":17,"minecraft:purple_bed":3,"minecraft:sweet_berries":46,"minecraft:furnace":5,"minecraft:bucket":8,"tombstone:gift":4,"biomesoplenty:fir_log":82,"minecraft:chainmail_leggings":1},"minecraft:custom":{"minecraft:interact_with_furnace":29,"minecraft:mob_kills":15,"minecraft:traded_with_villager":3,"minecraft:interact_with_crafting_table":29,"minecraft:interact_with_grindstone":2,"minecraft:interact_with_stonecutter":2,"minecraft:time_since_death":6288,"minecraft:sleep_in_bed":6,"minecraft:climb_one_cm":16446,"minecraft:time_since_rest":6053,"minecraft:sprint_one_cm":174350,"minecraft:damage_taken":4597,"minecraft:walk_one_cm":413092,"minecraft:damage_blocked_by_shield":3150,"minecraft:drop":2,"minecraft:damage_dealt":4113,"minecraft:talked_to_villager":3,"minecraft:fly_one_cm":116615,"minecraft:open_chest":87,"minecraft:crouch_one_cm":9650,"minecraft:play_time":119684,"tombstone:undead_killed":10,"minecraft:deaths":16,"minecraft:sneak_time":3807,"minecraft:walk_under_water_one_cm":11743,"minecraft:jump":1035,"minecraft:walk_on_water_one_cm":8968,"minecraft:total_world_time":119684,"minecraft:use_cauldron":1,"minecraft:fall_one_cm":23079},"minecraft:broken":{"minecraft:shield":1,"minecraft:iron_pickaxe":2},"minecraft:dropped":{"iceandfire:armor_copper_metal_chestplate":1,"minecraft:iron_pickaxe":1},"minecraft:killed_by":{"minecraft:player":4,"iceandfire:ghost":1,"divinerpg:kobblin":3,"iceandfire:dread_ghoul":5,"iceandfire:dread_knight":1,"divinerpg:pumpkin_spider":1},"minecraft:killed":{"divinerpg:cave_crawler":1,"divinerpg:pumpkin_spider":1,"minecraft:skeleton":1,"divinerpg:miner":1,"iceandfire:dread_knight":1,"iceandfire:dread_thrall":1,"minecraft:zombie":3,"iceandfire:dread_ghoul":3}},"DataVersion":3465}