{"stats":{"minecraft:mined":{"iceandfire:silver_ore":8,"minecraft:mossy_cobblestone":1,"minecraft:powder_snow":6,"divinerpg:realmite_ore":2,"minecraft:crafting_table":2,"minecraft:torch":2,"minecraft:grass_block":3,"biomesoplenty:fir_planks":40,"minecraft:chest":3,"minecraft:copper_ore":24,"minecraft:cobblestone":9,"minecraft:tall_grass":3,"minecraft:oak_planks":1,"minecraft:wall_torch":4,"minecraft:purple_bed":1,"minecraft:furnace":3,"minecraft:iron_ore":5,"minecraft:sweet_berry_bush":9,"biomesoplenty:fir_log":45,"minecraft:grass":4,"biomesoplenty:fir_door":1,"minecraft:oak_log":5,"minecraft:coal_ore":103,"biomesoplenty:fir_leaves":5,"biomesoplenty:webbing":2,"minecraft:gravel":23,"minecraft:dirt":1,"minecraft:stone":97,"minecraft:fern":1},"minecraft:picked_up":{"minecraft:crafting_table":2,"minecraft:andesite":2,"iceandfire:armor_copper_metal_chestplate":1,"minecraft:oak_stairs":18,"biomesoplenty:fir_log":44,"minecraft:flint":2,"minecraft:oak_log":5,"biomesoplenty:fir_door":1,"minecraft:dirt":4,"divinerpg:realmite_helmet":1,"minecraft:raw_copper":79,"minecraft:iron_axe":1,"minecraft:bone":2,"biomesoplenty:fir_planks":39,"minecraft:stone_pickaxe":3,"minecraft:iron_pickaxe":2,"minecraft:chest":3,"minecraft:oak_planks":3,"minecraft:furnace":3,"minecraft:raw_iron":5,"minecraft:oak_slab":3,"minecraft:sweet_berries":23,"minecraft:torch":7,"minecraft:gravel":40,"tombstone:grave_dust":1,"minecraft:spider_eye":2,"minecraft:mossy_cobblestone":2,"regions_unexplored:barley":20,"minecraft:purple_bed":1,"divinerpg:realmite_boots":1,"minecraft:arrow":1,"minecraft:rotten_flesh":11,"minecraft:chainmail_leggings":1,"divinerpg:raw_realmite":1,"minecraft:emerald":2,"minecraft:coal":102,"iceandfire:raw_silver":8,"minecraft:cobblestone":103},"minecraft:crafted":{"iceandfire:silver_axe":1,"minecraft:coal_block":3,"minecraft:oak_planks":20,"minecraft:emerald":2,"iceandfire:silver_ingot":5,"minecraft:crafting_table":2,"minecraft:furnace":2,"minecraft:air":0,"biomesoplenty:fir_planks":160,"minecraft:iron_ingot":5,"minecraft:stone_pickaxe":3,"minecraft:chest":3,"minecraft:torch":32,"biomesoplenty:fir_door":3,"tombstone:bone_needle":1},"minecraft:used":{"minecraft:water_bucket":1,"minecraft:stone_sword":25,"minecraft:stone_pickaxe":10,"minecraft:oak_planks":3,"minecraft:chest":6,"minecraft:shield":29,"biomesoplenty:fir_planks":172,"minecraft:torch":9,"minecraft:dirt":2,"minecraft:crafting_table":4,"iceandfire:silver_axe":129,"minecraft:iron_pickaxe":258,"biomesoplenty:fir_door":3,"minecraft:cobblestone":17,"minecraft:purple_bed":1,"minecraft:sweet_berries":22,"minecraft:furnace":5,"minecraft:bucket":2,"tombstone:gift":4,"biomesoplenty:fir_log":4,"minecraft:chainmail_leggings":1},"minecraft:custom":{"minecraft:interact_with_furnace":14,"minecraft:mob_kills":6,"minecraft:traded_with_villager":2,"minecraft:interact_with_crafting_table":20,"minecraft:interact_with_stonecutter":1,"minecraft:time_since_death":2101,"minecraft:sleep_in_bed":5,"minecraft:climb_one_cm":319,"minecraft:time_since_rest":1862,"minecraft:sprint_one_cm":98894,"minecraft:damage_taken":2717,"minecraft:walk_one_cm":246845,"minecraft:damage_blocked_by_shield":1396,"minecraft:drop":2,"minecraft:damage_dealt":2481,"minecraft:talked_to_villager":3,"minecraft:fly_one_cm":59133,"minecraft:open_chest":56,"minecraft:crouch_one_cm":4344,"minecraft:play_time":71684,"tombstone:undead_killed":4,"minecraft:deaths":10,"minecraft:sneak_time":1818,"minecraft:walk_under_water_one_cm":8231,"minecraft:jump":603,"minecraft:walk_on_water_one_cm":7414,"minecraft:total_world_time":71684,"minecraft:use_cauldron":1,"minecraft:fall_one_cm":14319},"minecraft:broken":{"minecraft:iron_pickaxe":1},"minecraft:dropped":{"iceandfire:armor_copper_metal_chestplate":1,"minecraft:iron_pickaxe":1},"minecraft:killed_by":{"minecraft:player":4,"iceandfire:ghost":1,"divinerpg:kobblin":2,"iceandfire:dread_ghoul":1,"divinerpg:pumpkin_spider":1},"minecraft:killed":{"divinerpg:cave_crawler":1,"divinerpg:pumpkin_spider":1,"minecraft:skeleton":1,"divinerpg:miner":1,"minecraft:zombie":2}},"DataVersion":3465}