{"stats":{"minecraft:mined":{"biomesoplenty:mossy_black_sand":3,"iceandfire:silver_ore":9,"minecraft:mossy_cobblestone":2,"regions_unexplored:maple_log":1,"minecraft:cobblestone_stairs":51,"divinerpg:realmite_ore":16,"minecraft:granite":9,"minecraft:grass_block":4,"divinerpg:divine_leaves":1,"minecraft:large_fern":1,"biomesoplenty:stripped_fir_log":2,"minecraft:furnace":3,"minecraft:iron_ore":13,"minecraft:andesite":14,"minecraft:pumpkin":1,"minecraft:deepslate_lapis_ore":3,"biomesoplenty:fir_door":6,"minecraft:deepslate_iron_ore":2,"biomesoplenty:fir_stairs":6,"biomesoplenty:webbing":8,"minecraft:lantern":1,"regions_unexplored:medium_grass":1,"minecraft:stone":356,"regions_unexplored:felicia_daisy":19,"biomesoplenty:black_sand":7,"minecraft:powder_snow":15,"minecraft:crafting_table":2,"minecraft:torch":13,"biomesoplenty:fir_planks":200,"minecraft:chest":4,"minecraft:copper_ore":59,"minecraft:tall_grass":3,"minecraft:cobblestone":134,"regions_unexplored:daisy":4,"minecraft:oak_planks":1,"minecraft:diorite":6,"minecraft:wall_torch":10,"minecraft:purple_bed":6,"minecraft:sweet_berry_bush":13,"minecraft:tnt":32,"biomesoplenty:fir_log":478,"minecraft:grass":10,"minecraft:oak_log":5,"minecraft:coal_ore":109,"biomesoplenty:fir_leaves":62,"regions_unexplored:silver_birch_log":2,"minecraft:gravel":64,"minecraft:dirt":34,"minecraft:deepslate":3,"minecraft:fern":25},"minecraft:picked_up":{"minecraft:charcoal":4,"minecraft:crafting_table":2,"minecraft:chicken":1,"iceandfire:armor_copper_metal_chestplate":2,"minecraft:oak_stairs":18,"minecraft:enchanted_book":1,"minecraft:shield":2,"minecraft:string":13,"biomesoplenty:fir_door":10,"divinerpg:realmite_helmet":1,"minecraft:raw_copper":403,"minecraft:iron_axe":1,"minecraft:iron_shovel":1,"biomesoplenty:black_sand":10,"minecraft:cobbled_deepslate":32,"minecraft:bucket":1,"biomesoplenty:fir_planks":224,"minecraft:beef":1,"iceandfire:dread_shard":2,"minecraft:rose_bush":2,"minecraft:poppy":1,"minecraft:iron_pickaxe":5,"minecraft:coal_block":1,"minecraft:chest":4,"minecraft:furnace":3,"minecraft:egg":8,"minecraft:stick":6,"minecraft:raw_iron":20,"minecraft:stone":54,"iceandfire:armor_copper_metal_leggings":1,"minecraft:torch":44,"minecraft:bowl":1,"divinerpg:terran_shards":3,"minecraft:porkchop":9,"tombstone:grave_dust":2,"minecraft:diorite":33,"iceandfire:armor_copper_metal_boots":1,"minecraft:carrot":157,"regions_unexplored:daisy":4,"regions_unexplored:barley":20,"minecraft:tnt":55,"divinerpg:realmite_boots":1,"divinerpg:ice_shards":4,"minecraft:arrow":3,"minecraft:rotten_flesh":31,"divinerpg:jungle_shards":1,"regions_unexplored:felicia_daisy":19,"divinerpg:raw_realmite":43,"minecraft:mutton":5,"minecraft:rail":2,"minecraft:white_wool":3,"minecraft:cobblestone":1546,"iceandfire:silver_axe":1,"minecraft:feather":2,"divinerpg:tomato":3,"minecraft:andesite":18,"minecraft:potato":1,"biomesoplenty:fir_sapling":9,"biomesoplenty:fir_log":470,"minecraft:flint":4,"minecraft:oak_log":5,"biomesoplenty:fir_stairs":6,"minecraft:cobblestone_stairs":49,"minecraft:lapis_lazuli":46,"minecraft:dirt":37,"minecraft:leather_boots":1,"minecraft:bone":7,"biomesoplenty:stripped_fir_log":2,"minecraft:wheat_seeds":4,"minecraft:iron_ingot":31,"minecraft:stone_pickaxe":3,"tombstone:bag_of_seeds":1,"minecraft:oak_planks":3,"regions_unexplored:orange_maple_leaf_pile":1,"minecraft:oak_slab":3,"minecraft:cooked_porkchop":18,"minecraft:pumpkin":5,"minecraft:sweet_berries":25,"minecraft:gravel":81,"justhammers:iron_hammer":1,"justhammers:stone_hammer":1,"minecraft:spider_eye":3,"minecraft:mossy_cobblestone":2,"minecraft:bundle":2,"minecraft:purple_bed":6,"minecraft:chainmail_leggings":1,"regions_unexplored:silver_birch_log":9,"minecraft:iron_helmet":2,"minecraft:granite":88,"regions_unexplored:maple_log":1,"minecraft:emerald":2,"tombstone:magic_scroll":3,"minecraft:coal":205,"iceandfire:raw_silver":30},"minecraft:crafted":{"biomesoplenty:fir_trapdoor":4,"biomesoplenty:fir_stairs":116,"minecraft:oak_planks":20,"aether:iron_ring":1,"minecraft:furnace":2,"iceandfire:armor_copper_metal_leggings":2,"minecraft:cooked_mutton":5,"iceandfire:armor_copper_metal_boots":2,"iceandfire:armor_copper_metal_helmet":1,"divinerpg:realmite_ingot":21,"iceandfire:armor_copper_metal_chestplate":2,"minecraft:stone_pickaxe":3,"minecraft:chest":7,"iceandfire:silver_axe":2,"minecraft:coal_block":10,"minecraft:emerald":3,"iceandfire:silver_ingot":11,"minecraft:cooked_porkchop":8,"minecraft:crafting_table":2,"minecraft:iron_helmet":1,"minecraft:iron_sword":1,"minecraft:copper_ingot":331,"minecraft:air":0,"biomesoplenty:fir_planks":356,"justhammers:iron_hammer":1,"minecraft:charcoal":47,"justhammers:stone_hammer":8,"minecraft:shield":3,"minecraft:stick":60,"minecraft:iron_ingot":15,"minecraft:iron_pickaxe":3,"minecraft:iron_shovel":1,"minecraft:torch":32,"biomesoplenty:fir_door":3,"tombstone:bone_needle":1},"minecraft:used":{"minecraft:stone_sword":25,"minecraft:iron_shovel":6,"iceandfire:armor_copper_metal_leggings":1,"minecraft:chest":11,"minecraft:shield":183,"minecraft:iron_sword":48,"minecraft:torch":54,"minecraft:dirt":43,"minecraft:carrot":77,"minecraft:iron_axe":213,"minecraft:iron_helmet":1,"minecraft:sweet_berries":50,"minecraft:furnace":5,"biomesoplenty:fir_trapdoor":3,"tombstone:gift":8,"minecraft:pumpkin":1,"minecraft:water_bucket":31,"regions_unexplored:silver_birch_log":1,"minecraft:cobblestone_stairs":53,"minecraft:bundle":2,"minecraft:oak_planks":3,"minecraft:stone_pickaxe":137,"biomesoplenty:fir_planks":255,"minecraft:crafting_table":4,"iceandfire:silver_axe":731,"justhammers:iron_hammer":93,"tombstone:bag_of_seeds":2,"minecraft:iron_pickaxe":692,"tombstone:magic_scroll":3,"biomesoplenty:fir_stairs":121,"minecraft:gravel":38,"justhammers:stone_hammer":121,"minecraft:cobblestone":329,"biomesoplenty:fir_door":13,"minecraft:purple_bed":6,"minecraft:cooked_porkchop":4,"minecraft:bucket":32,"biomesoplenty:fir_log":214,"minecraft:chainmail_leggings":1},"minecraft:custom":{"minecraft:mob_kills":54,"minecraft:interact_with_crafting_table":59,"minecraft:leave_game":20,"minecraft:time_since_death":1916,"minecraft:climb_one_cm":16857,"minecraft:sprint_one_cm":573042,"minecraft:walk_one_cm":910117,"minecraft:damage_blocked_by_shield":5892,"minecraft:drop":18,"minecraft:talked_to_villager":3,"minecraft:play_time":319804,"minecraft:deaths":28,"minecraft:sneak_time":11619,"minecraft:walk_under_water_one_cm":17853,"minecraft:jump":2893,"minecraft:walk_on_water_one_cm":18092,"minecraft:total_world_time":319804,"minecraft:interact_with_furnace":93,"tombstone:raider_killed":1,"minecraft:traded_with_villager":3,"minecraft:interact_with_stonecutter":2,"minecraft:interact_with_grindstone":2,"minecraft:sleep_in_bed":8,"minecraft:time_since_rest":1538,"minecraft:damage_taken":26275,"minecraft:damage_dealt":13135,"minecraft:player_kills":2,"minecraft:swim_one_cm":7842,"minecraft:fly_one_cm":374852,"minecraft:open_chest":246,"minecraft:crouch_one_cm":31060,"tombstone:undead_killed":26,"minecraft:fall_one_cm":242346,"minecraft:use_cauldron":1},"minecraft:broken":{"minecraft:stone_pickaxe":1,"minecraft:shield":1,"minecraft:iron_axe":1,"minecraft:iron_pickaxe":3,"iceandfire:silver_axe":1,"iceandfire:armor_copper_metal_boots":1},"minecraft:dropped":{"iceandfire:raw_silver":3,"minecraft:lapis_lazuli":11,"minecraft:iron_helmet":1,"iceandfire:armor_copper_metal_chestplate":2,"divinerpg:raw_realmite":3,"minecraft:cobblestone":41,"tombstone:magic_scroll":1,"minecraft:iron_pickaxe":1,"justhammers:iron_hammer":1,"minecraft:carrot":58,"justhammers:stone_hammer":3,"minecraft:stone":30,"minecraft:shield":1,"iceandfire:armor_copper_metal_leggings":1,"biomesoplenty:fir_log":64},"minecraft:killed_by":{"minecraft:player":9,"divinerpg:kobblin":4,"iceandfire:dread_ghoul":5,"iceandfire:dread_knight":1,"divinerpg:jungle_dramcryx":1,"minecraft:skeleton":1,"iceandfire:ghost":1,"divinerpg:pumpkin_spider":1},"minecraft:killed":{"divinerpg:jungle_dramcryx":1,"mca:female_zombie_villager":1,"minecraft:cave_spider":4,"divinerpg:cave_crawler":2,"minecraft:skeleton":4,"iceandfire:dread_knight":1,"iceandfire:dread_thrall":1,"minecraft:chicken":1,"minecraft:pig":7,"divinerpg:pumpkin_spider":4,"minecraft:sheep":1,"divinerpg:miner":2,"minecraft:zombie":14,"divinerpg:frost":1,"iceandfire:dread_ghoul":3,"minecraft:cow":1}},"DataVersion":3465}