{"stats":{"minecraft:mined":{"minecraft:dark_oak_planks":19,"biomesoplenty:mossy_black_sand":3,"minecraft:spruce_planks":6,"regions_unexplored:maple_log":1,"minecraft:cobblestone_stairs":51,"divinerpg:realmite_ore":16,"minecraft:granite":9,"minecraft:grass_block":4,"biomesoplenty:stripped_fir_log":2,"minecraft:iron_ore":13,"minecraft:pumpkin":1,"minecraft:deepslate_lapis_ore":3,"biomesoplenty:webbing":8,"regions_unexplored:mauve_sapling":1,"minecraft:spruce_slab":2,"minecraft:green_bed":1,"minecraft:powder_snow":15,"minecraft:torch":20,"regions_unexplored:small_desert_shrub":3,"minecraft:chest":4,"minecraft:cobblestone":139,"minecraft:oak_planks":1,"regions_unexplored:bamboo_log":36,"minecraft:wall_torch":10,"regions_unexplored:mauve_leaves":13,"minecraft:tnt":32,"biomesoplenty:fir_log":478,"minecraft:grass":12,"minecraft:oak_log":5,"minecraft:dirt":34,"minecraft:deepslate":3,"minecraft:dark_prismarine":1,"iceandfire:silver_ore":9,"minecraft:mossy_cobblestone":2,"divinerpg:divine_leaves":1,"minecraft:large_fern":1,"minecraft:furnace":3,"minecraft:andesite":14,"minecraft:bookshelf":3,"biomesoplenty:fir_door":6,"minecraft:deepslate_iron_ore":2,"biomesoplenty:fir_stairs":6,"minecraft:lantern":1,"regions_unexplored:medium_grass":2,"minecraft:stone":356,"minecraft:bone_block":61,"regions_unexplored:felicia_daisy":19,"biomesoplenty:black_sand":7,"minecraft:crafting_table":3,"biomesoplenty:fir_planks":200,"minecraft:tall_grass":8,"minecraft:copper_ore":59,"regions_unexplored:mauve_log":42,"regions_unexplored:daisy":4,"minecraft:diorite":6,"minecraft:purple_bed":6,"minecraft:lime_bed":1,"minecraft:sweet_berry_bush":13,"regions_unexplored:sandy_grass":2,"minecraft:coal_ore":109,"biomesoplenty:fir_leaves":62,"regions_unexplored:silver_birch_log":2,"minecraft:gravel":64,"minecraft:acacia_planks":5,"minecraft:fern":27},"minecraft:picked_up":{"iceandfire:armor_copper_metal_chestplate":2,"minecraft:oak_stairs":18,"minecraft:enchanted_book":1,"tombstone:grave_key":1,"minecraft:string":14,"minecraft:raw_copper":403,"minecraft:iron_leggings":1,"minecraft:cobbled_deepslate":32,"minecraft:bucket":1,"biomesoplenty:fir_planks":224,"minecraft:spruce_planks":6,"minecraft:rose_bush":2,"minecraft:iron_pickaxe":5,"minecraft:melon_slice":25,"minecraft:coal_block":1,"minecraft:furnace":3,"minecraft:stick":8,"iceandfire:armor_copper_metal_leggings":1,"minecraft:torch":51,"minecraft:green_bed":1,"minecraft:porkchop":45,"tombstone:grave_dust":16,"minecraft:diorite":33,"minecraft:golden_chestplate":7,"regions_unexplored:daisy":4,"regions_unexplored:barley":20,"divinerpg:realmite_boots":1,"divinerpg:ice_shards":8,"minecraft:rotten_flesh":46,"regions_unexplored:mauve_log":42,"minecraft:cobblestone":1548,"minecraft:feather":5,"divinerpg:tomato":3,"minecraft:andesite":18,"minecraft:potato":1,"biomesoplenty:fir_sapling":9,"biomesoplenty:fir_log":470,"minecraft:flint":4,"biomesoplenty:fir_stairs":6,"minecraft:lapis_lazuli":46,"minecraft:dirt":37,"minecraft:leather_boots":1,"minecraft:bone":47,"minecraft:acacia_planks":5,"minecraft:wheat_seeds":11,"minecraft:bamboo":8,"minecraft:oak_planks":3,"regions_unexplored:bamboo_log":33,"minecraft:cooked_porkchop":18,"justhammers:iron_hammer":1,"divinerpg:aquatic_pellets":5,"minecraft:mossy_cobblestone":2,"minecraft:dark_prismarine":1,"minecraft:bundle":3,"minecraft:granite":88,"minecraft:emerald":2,"iceandfire:raw_silver":30,"minecraft:charcoal":4,"minecraft:crafting_table":3,"minecraft:chicken":1,"iceandfire:witherbone":21,"minecraft:leather_leggings":4,"minecraft:shield":2,"minecraft:iron_axe":1,"biomesoplenty:fir_door":10,"divinerpg:realmite_helmet":1,"divinerpg:aqua_ball":5,"minecraft:iron_shovel":1,"biomesoplenty:black_sand":10,"minecraft:netherite_sword":4,"minecraft:beef":1,"iceandfire:dread_shard":2,"minecraft:player_head":3,"minecraft:poppy":1,"minecraft:spruce_slab":2,"minecraft:chest":4,"minecraft:egg":8,"minecraft:raw_iron":20,"minecraft:stone":54,"minecraft:bowl":1,"divinerpg:terran_shards":3,"iceandfire:armor_copper_metal_boots":1,"minecraft:carrot":191,"divinerpg:ice_stone":1,"minecraft:dark_oak_planks":80,"minecraft:tnt":55,"minecraft:arrow":5,"regions_unexplored:mauve_sapling":6,"divinerpg:jungle_shards":1,"regions_unexplored:felicia_daisy":19,"divinerpg:raw_realmite":43,"minecraft:hay_block":1,"minecraft:saddle":1,"minecraft:mutton":5,"minecraft:white_wool":3,"minecraft:rail":2,"minecraft:bone_block":57,"iceandfire:silver_axe":1,"minecraft:netherite_boots":3,"minecraft:lime_bed":1,"minecraft:leather":13,"minecraft:oak_log":5,"minecraft:cobblestone_stairs":49,"minecraft:paper":4,"biomesoplenty:stripped_fir_log":2,"minecraft:kelp":1,"minecraft:stone_pickaxe":3,"minecraft:iron_ingot":31,"tombstone:bag_of_seeds":1,"regions_unexplored:orange_maple_leaf_pile":1,"minecraft:oak_slab":3,"minecraft:pumpkin":5,"minecraft:sweet_berries":25,"minecraft:dandelion":2,"minecraft:gravel":81,"justhammers:stone_hammer":1,"minecraft:spider_eye":7,"minecraft:purple_bed":6,"minecraft:slime_ball":21,"minecraft:chainmail_leggings":1,"regions_unexplored:silver_birch_log":9,"minecraft:iron_helmet":2,"regions_unexplored:maple_log":1,"tombstone:magic_scroll":3,"minecraft:coal":221},"minecraft:crafted":{"minecraft:oak_planks":20,"aether:iron_ring":1,"minecraft:cooked_mutton":5,"iceandfire:armor_copper_metal_boots":2,"iceandfire:armor_copper_metal_chestplate":2,"minecraft:chest":8,"iceandfire:silver_axe":2,"minecraft:emerald":3,"minecraft:cooked_porkchop":97,"minecraft:crafting_table":3,"minecraft:iron_helmet":1,"minecraft:copper_ingot":331,"biomesoplenty:fir_planks":356,"minecraft:bamboo_planks":8,"minecraft:charcoal":47,"minecraft:shield":3,"minecraft:stick":68,"minecraft:iron_ingot":15,"minecraft:iron_pickaxe":3,"biomesoplenty:fir_door":3,"biomesoplenty:fir_stairs":116,"minecraft:furnace":2,"iceandfire:armor_copper_metal_leggings":2,"minecraft:bone_meal":57,"iceandfire:armor_copper_metal_helmet":1,"divinerpg:realmite_ingot":21,"minecraft:stone_pickaxe":3,"minecraft:coal_block":10,"minecraft:bone_block":6,"iceandfire:silver_ingot":11,"minecraft:iron_sword":1,"minecraft:stone_axe":2,"minecraft:air":0,"justhammers:iron_hammer":1,"justhammers:stone_hammer":8,"minecraft:iron_shovel":1,"minecraft:torch":44,"tombstone:bone_needle":1,"biomesoplenty:fir_trapdoor":4},"minecraft:used":{"minecraft:iron_shovel":6,"travelersbackpack:lapis":1,"minecraft:chest":12,"minecraft:shield":208,"minecraft:iron_sword":168,"minecraft:carrot":119,"regions_unexplored:mauve_sapling":1,"minecraft:iron_helmet":1,"minecraft:sweet_berries":50,"minecraft:furnace":5,"biomesoplenty:fir_trapdoor":3,"regions_unexplored:silver_birch_log":1,"minecraft:stone_pickaxe":137,"minecraft:oak_planks":3,"biomesoplenty:fir_planks":255,"minecraft:golden_apple":1,"iceandfire:silver_axe":774,"minecraft:melon_slice":16,"minecraft:bread":7,"biomesoplenty:fir_stairs":121,"minecraft:gravel":38,"minecraft:netherite_sword":508,"minecraft:stone_sword":25,"iceandfire:armor_copper_metal_leggings":1,"minecraft:spruce_planks":3,"minecraft:torch":55,"minecraft:dirt":43,"minecraft:dark_oak_planks":55,"minecraft:iron_axe":213,"tombstone:gift":13,"minecraft:acacia_planks":1,"minecraft:pumpkin":1,"minecraft:water_bucket":55,"minecraft:cobblestone_stairs":53,"minecraft:bundle":2,"minecraft:green_bed":1,"minecraft:crafting_table":6,"minecraft:lime_bed":1,"justhammers:iron_hammer":93,"tombstone:bag_of_seeds":2,"minecraft:dark_prismarine":1,"minecraft:iron_pickaxe":759,"tombstone:magic_scroll":3,"justhammers:stone_hammer":121,"minecraft:stone_axe":48,"minecraft:cobblestone":389,"biomesoplenty:fir_door":13,"minecraft:purple_bed":6,"minecraft:cooked_porkchop":11,"minecraft:bucket":56,"biomesoplenty:fir_log":214,"minecraft:chainmail_leggings":1},"minecraft:custom":{"minecraft:interact_with_crafting_table":64,"minecraft:open_barrel":16,"minecraft:bell_ring":1,"minecraft:leave_game":24,"minecraft:time_since_death":4034,"minecraft:sprint_one_cm":753376,"minecraft:damage_blocked_by_shield":6671,"minecraft:drop":22,"minecraft:talked_to_villager":3,"minecraft:play_time":429372,"minecraft:deaths":43,"minecraft:jump":4346,"minecraft:walk_on_water_one_cm":32805,"minecraft:interact_with_furnace":93,"minecraft:traded_with_villager":3,"minecraft:interact_with_cartography_table":1,"minecraft:sleep_in_bed":10,"tombstone:sneak_grave":1,"minecraft:damage_dealt":48069,"minecraft:player_kills":2,"minecraft:crouch_one_cm":51757,"tombstone:undead_killed":95,"minecraft:interact_with_smoker":11,"minecraft:use_cauldron":1,"minecraft:mob_kills":193,"minecraft:climb_one_cm":17525,"minecraft:walk_one_cm":1256733,"minecraft:sneak_time":24377,"minecraft:walk_under_water_one_cm":57648,"minecraft:total_world_time":429372,"tombstone:raider_killed":2,"minecraft:interact_with_grindstone":2,"minecraft:interact_with_stonecutter":2,"minecraft:time_since_rest":3383,"minecraft:damage_taken":32452,"minecraft:damage_absorbed":40,"tombstone:cast_on_ally":1,"minecraft:swim_one_cm":124790,"minecraft:fly_one_cm":663564,"minecraft:open_chest":281,"minecraft:fall_one_cm":278791},"minecraft:broken":{"minecraft:leather_leggings":1,"minecraft:stone_pickaxe":1,"minecraft:golden_chestplate":2,"minecraft:shield":1,"minecraft:iron_axe":1,"minecraft:iron_pickaxe":3,"aether:leather_gloves":1,"iceandfire:silver_axe":2,"iceandfire:armor_copper_metal_boots":2,"minecraft:netherite_boots":1},"minecraft:dropped":{"biomesoplenty:fir_log":64,"iceandfire:raw_silver":3,"minecraft:lapis_lazuli":11,"divinerpg:raw_realmite":3,"minecraft:bone_meal":3,"minecraft:iron_pickaxe":1,"minecraft:dark_oak_planks":1,"minecraft:netherite_sword":1,"justhammers:iron_hammer":1,"minecraft:carrot":58,"justhammers:stone_hammer":3,"iceandfire:armor_copper_metal_leggings":1,"iceandfire:armor_copper_metal_chestplate":2,"minecraft:iron_helmet":1,"minecraft:cobblestone":41,"tombstone:magic_scroll":1,"tombstone:grave_key":1,"minecraft:stone":30,"minecraft:shield":1},"minecraft:killed_by":{"minecraft:wither_skeleton":4,"divinerpg:kobblin":4,"divinerpg:miner":1,"iceandfire:dread_ghoul":5,"divinerpg:jungle_dramcryx":1,"minecraft:husk":1,"minecraft:player":13,"iceandfire:dread_knight":1,"minecraft:hoglin":2,"minecraft:skeleton":2,"divinerpg:arid_warrior":1,"minecraft:phantom":1,"iceandfire:ghost":1,"divinerpg:pumpkin_spider":1},"minecraft:killed":{"minecraft:cave_spider":4,"divinerpg:cave_crawler":2,"minecraft:spider":3,"minecraft:skeleton":5,"minecraft:chicken":1,"minecraft:pig":7,"minecraft:sheep":1,"minecraft:zombie":16,"iceandfire:dread_ghoul":3,"minecraft:cow":1,"divinerpg:jungle_dramcryx":1,"mca:female_zombie_villager":1,"minecraft:phantom":1,"iceandfire:dread_knight":1,"iceandfire:dread_thrall":1,"minecraft:husk":2,"divinerpg:pumpkin_spider":4,"minecraft:hoglin":66,"divinerpg:miner":2,"divinerpg:frost":1,"minecraft:wither_skeleton":63}},"DataVersion":3465}