{"stats":{"minecraft:mined":{"iceandfire:silver_ore":8,"minecraft:mossy_cobblestone":2,"regions_unexplored:maple_log":1,"minecraft:cobblestone_stairs":51,"divinerpg:realmite_ore":16,"minecraft:granite":9,"minecraft:grass_block":3,"divinerpg:divine_leaves":1,"biomesoplenty:stripped_fir_log":2,"minecraft:furnace":3,"minecraft:iron_ore":13,"minecraft:andesite":14,"minecraft:pumpkin":1,"minecraft:deepslate_lapis_ore":3,"biomesoplenty:fir_door":6,"minecraft:deepslate_iron_ore":2,"biomesoplenty:fir_stairs":6,"biomesoplenty:webbing":8,"minecraft:stone":356,"minecraft:powder_snow":15,"minecraft:crafting_table":2,"minecraft:torch":13,"biomesoplenty:fir_planks":200,"minecraft:chest":4,"minecraft:cobblestone":134,"minecraft:tall_grass":3,"minecraft:copper_ore":58,"minecraft:oak_planks":1,"minecraft:diorite":6,"minecraft:wall_torch":10,"minecraft:purple_bed":6,"minecraft:sweet_berry_bush":13,"minecraft:tnt":32,"biomesoplenty:fir_log":478,"minecraft:grass":6,"minecraft:oak_log":5,"minecraft:coal_ore":109,"biomesoplenty:fir_leaves":62,"regions_unexplored:silver_birch_log":2,"minecraft:gravel":64,"minecraft:dirt":33,"minecraft:deepslate":3,"minecraft:fern":13},"minecraft:picked_up":{"minecraft:charcoal":4,"minecraft:crafting_table":2,"minecraft:chicken":1,"iceandfire:armor_copper_metal_chestplate":2,"minecraft:oak_stairs":18,"minecraft:enchanted_book":1,"minecraft:shield":2,"minecraft:string":12,"minecraft:raw_copper":331,"biomesoplenty:fir_door":10,"divinerpg:realmite_helmet":1,"minecraft:iron_axe":1,"minecraft:iron_shovel":1,"minecraft:cobbled_deepslate":32,"minecraft:bucket":1,"biomesoplenty:fir_planks":224,"minecraft:beef":1,"iceandfire:dread_shard":2,"minecraft:iron_pickaxe":5,"minecraft:coal_block":1,"minecraft:chest":4,"minecraft:furnace":3,"minecraft:egg":8,"minecraft:stick":6,"minecraft:raw_iron":17,"minecraft:stone":54,"iceandfire:armor_copper_metal_leggings":1,"minecraft:torch":43,"divinerpg:terran_shards":3,"minecraft:porkchop":9,"tombstone:grave_dust":2,"minecraft:diorite":33,"iceandfire:armor_copper_metal_boots":1,"minecraft:carrot":131,"regions_unexplored:barley":20,"minecraft:tnt":55,"divinerpg:realmite_boots":1,"divinerpg:ice_shards":4,"minecraft:arrow":1,"minecraft:rotten_flesh":29,"divinerpg:raw_realmite":43,"minecraft:mutton":5,"minecraft:rail":2,"minecraft:white_wool":3,"minecraft:cobblestone":865,"iceandfire:silver_axe":1,"minecraft:feather":2,"divinerpg:tomato":3,"minecraft:andesite":18,"minecraft:potato":1,"biomesoplenty:fir_sapling":9,"biomesoplenty:fir_log":470,"minecraft:flint":4,"minecraft:oak_log":5,"minecraft:cobblestone_stairs":49,"biomesoplenty:fir_stairs":6,"minecraft:lapis_lazuli":22,"minecraft:dirt":35,"minecraft:bone":5,"biomesoplenty:stripped_fir_log":2,"minecraft:wheat_seeds":3,"minecraft:stone_pickaxe":3,"minecraft:iron_ingot":31,"tombstone:bag_of_seeds":1,"minecraft:oak_planks":3,"regions_unexplored:orange_maple_leaf_pile":1,"minecraft:oak_slab":3,"minecraft:cooked_porkchop":18,"minecraft:pumpkin":5,"minecraft:sweet_berries":25,"minecraft:gravel":81,"justhammers:iron_hammer":1,"minecraft:spider_eye":3,"minecraft:mossy_cobblestone":2,"minecraft:bundle":2,"minecraft:purple_bed":6,"minecraft:chainmail_leggings":1,"regions_unexplored:silver_birch_log":9,"minecraft:iron_helmet":1,"minecraft:granite":37,"regions_unexplored:maple_log":1,"minecraft:emerald":2,"tombstone:magic_scroll":3,"iceandfire:raw_silver":17,"minecraft:coal":175},"minecraft:crafted":{"biomesoplenty:fir_trapdoor":4,"biomesoplenty:fir_stairs":116,"minecraft:oak_planks":20,"aether:iron_ring":1,"minecraft:furnace":2,"iceandfire:armor_copper_metal_leggings":1,"minecraft:cooked_mutton":5,"iceandfire:armor_copper_metal_boots":1,"divinerpg:realmite_ingot":21,"minecraft:stone_pickaxe":3,"iceandfire:armor_copper_metal_chestplate":1,"minecraft:chest":7,"iceandfire:silver_axe":2,"minecraft:coal_block":10,"minecraft:emerald":3,"iceandfire:silver_ingot":11,"minecraft:cooked_porkchop":8,"minecraft:crafting_table":2,"minecraft:iron_helmet":1,"minecraft:copper_ingot":331,"minecraft:air":0,"biomesoplenty:fir_planks":340,"justhammers:iron_hammer":1,"minecraft:charcoal":47,"justhammers:stone_hammer":8,"minecraft:shield":1,"minecraft:stick":60,"minecraft:iron_ingot":15,"minecraft:iron_pickaxe":3,"minecraft:iron_shovel":1,"minecraft:torch":32,"tombstone:bone_needle":1,"biomesoplenty:fir_door":3},"minecraft:used":{"minecraft:stone_sword":25,"minecraft:iron_shovel":6,"iceandfire:armor_copper_metal_leggings":1,"minecraft:chest":11,"minecraft:shield":171,"minecraft:torch":53,"minecraft:dirt":43,"minecraft:carrot":61,"minecraft:iron_axe":213,"minecraft:iron_helmet":1,"minecraft:sweet_berries":50,"minecraft:furnace":5,"biomesoplenty:fir_trapdoor":3,"tombstone:gift":8,"minecraft:pumpkin":1,"minecraft:water_bucket":29,"regions_unexplored:silver_birch_log":1,"minecraft:cobblestone_stairs":53,"minecraft:bundle":2,"minecraft:stone_pickaxe":137,"minecraft:oak_planks":3,"biomesoplenty:fir_planks":255,"minecraft:crafting_table":4,"iceandfire:silver_axe":726,"justhammers:iron_hammer":74,"tombstone:bag_of_seeds":2,"minecraft:iron_pickaxe":690,"tombstone:magic_scroll":3,"biomesoplenty:fir_stairs":121,"minecraft:gravel":38,"minecraft:cobblestone":318,"biomesoplenty:fir_door":13,"minecraft:purple_bed":6,"minecraft:cooked_porkchop":4,"minecraft:bucket":30,"biomesoplenty:fir_log":214,"minecraft:chainmail_leggings":1},"minecraft:custom":{"minecraft:mob_kills":48,"minecraft:interact_with_crafting_table":57,"minecraft:leave_game":19,"minecraft:time_since_death":917,"minecraft:climb_one_cm":16446,"minecraft:sprint_one_cm":547383,"minecraft:walk_one_cm":829214,"minecraft:damage_blocked_by_shield":5352,"minecraft:drop":9,"minecraft:talked_to_villager":3,"minecraft:play_time":297605,"minecraft:deaths":27,"minecraft:sneak_time":11264,"minecraft:walk_under_water_one_cm":17853,"minecraft:jump":2602,"minecraft:walk_on_water_one_cm":17348,"minecraft:total_world_time":297605,"minecraft:interact_with_furnace":92,"tombstone:raider_killed":1,"minecraft:traded_with_villager":3,"minecraft:interact_with_grindstone":2,"minecraft:interact_with_stonecutter":2,"minecraft:sleep_in_bed":8,"minecraft:time_since_rest":654,"minecraft:damage_taken":25602,"minecraft:damage_dealt":11046,"minecraft:player_kills":2,"minecraft:swim_one_cm":7842,"minecraft:fly_one_cm":334699,"minecraft:open_chest":226,"minecraft:crouch_one_cm":30191,"tombstone:undead_killed":22,"minecraft:use_cauldron":1,"minecraft:fall_one_cm":233075},"minecraft:broken":{"minecraft:stone_pickaxe":1,"minecraft:shield":1,"minecraft:iron_axe":1,"minecraft:iron_pickaxe":3,"iceandfire:silver_axe":1,"iceandfire:armor_copper_metal_boots":1},"minecraft:dropped":{"iceandfire:raw_silver":3,"minecraft:lapis_lazuli":11,"divinerpg:raw_realmite":3,"iceandfire:armor_copper_metal_chestplate":1,"tombstone:magic_scroll":1,"minecraft:iron_pickaxe":1,"minecraft:carrot":58,"minecraft:stone":30,"biomesoplenty:fir_log":64},"minecraft:killed_by":{"minecraft:player":9,"divinerpg:kobblin":4,"iceandfire:dread_ghoul":5,"iceandfire:dread_knight":1,"minecraft:skeleton":1,"iceandfire:ghost":1,"divinerpg:pumpkin_spider":1},"minecraft:killed":{"mca:female_zombie_villager":1,"minecraft:cave_spider":4,"divinerpg:cave_crawler":1,"minecraft:skeleton":3,"iceandfire:dread_knight":1,"iceandfire:dread_thrall":1,"minecraft:chicken":1,"minecraft:pig":7,"divinerpg:pumpkin_spider":4,"minecraft:sheep":1,"divinerpg:miner":2,"minecraft:zombie":11,"divinerpg:frost":1,"iceandfire:dread_ghoul":3,"minecraft:cow":1}},"DataVersion":3465}