{"stats":{"minecraft:mined":{"iceandfire:silver_ore":8,"minecraft:mossy_cobblestone":2,"minecraft:cobblestone_stairs":51,"minecraft:powder_snow":6,"divinerpg:realmite_ore":2,"minecraft:torch":2,"minecraft:crafting_table":2,"minecraft:grass_block":3,"biomesoplenty:fir_planks":147,"minecraft:chest":3,"minecraft:copper_ore":24,"minecraft:tall_grass":3,"minecraft:cobblestone":102,"minecraft:oak_planks":1,"minecraft:wall_torch":5,"biomesoplenty:stripped_fir_log":2,"minecraft:purple_bed":6,"minecraft:furnace":3,"minecraft:iron_ore":5,"minecraft:sweet_berry_bush":13,"minecraft:tnt":32,"biomesoplenty:fir_log":380,"minecraft:grass":6,"biomesoplenty:fir_door":6,"minecraft:coal_ore":103,"minecraft:oak_log":5,"biomesoplenty:fir_leaves":45,"biomesoplenty:webbing":2,"regions_unexplored:silver_birch_log":2,"minecraft:gravel":49,"minecraft:dirt":6,"minecraft:stone":97,"minecraft:fern":12},"minecraft:picked_up":{"minecraft:crafting_table":2,"minecraft:andesite":2,"iceandfire:armor_copper_metal_chestplate":1,"minecraft:oak_stairs":18,"minecraft:potato":1,"biomesoplenty:fir_sapling":7,"biomesoplenty:fir_log":372,"minecraft:flint":3,"minecraft:oak_log":5,"minecraft:cobblestone_stairs":49,"minecraft:dirt":8,"biomesoplenty:fir_door":10,"divinerpg:realmite_helmet":1,"minecraft:raw_copper":79,"minecraft:iron_axe":1,"minecraft:bone":5,"biomesoplenty:stripped_fir_log":2,"minecraft:wheat_seeds":1,"biomesoplenty:fir_planks":146,"minecraft:iron_ingot":1,"minecraft:stone_pickaxe":3,"iceandfire:dread_shard":2,"tombstone:bag_of_seeds":1,"minecraft:iron_pickaxe":2,"minecraft:chest":3,"minecraft:oak_planks":3,"minecraft:furnace":3,"minecraft:egg":1,"minecraft:stick":6,"minecraft:raw_iron":5,"minecraft:oak_slab":3,"minecraft:sweet_berries":23,"minecraft:torch":13,"minecraft:gravel":65,"minecraft:porkchop":8,"tombstone:grave_dust":2,"minecraft:spider_eye":2,"minecraft:mossy_cobblestone":2,"regions_unexplored:barley":20,"minecraft:tnt":55,"divinerpg:realmite_boots":1,"minecraft:arrow":1,"minecraft:purple_bed":6,"minecraft:rotten_flesh":22,"minecraft:chainmail_leggings":1,"divinerpg:raw_realmite":1,"regions_unexplored:silver_birch_log":2,"minecraft:emerald":2,"minecraft:mutton":5,"minecraft:coal":102,"iceandfire:raw_silver":8,"minecraft:white_wool":3,"minecraft:cobblestone":256},"minecraft:crafted":{"iceandfire:silver_axe":2,"minecraft:coal_block":3,"minecraft:oak_planks":20,"minecraft:emerald":3,"iceandfire:silver_ingot":8,"minecraft:crafting_table":2,"minecraft:iron_helmet":1,"minecraft:furnace":2,"iceandfire:armor_copper_metal_leggings":1,"minecraft:copper_ingot":79,"minecraft:air":0,"iceandfire:armor_copper_metal_boots":1,"biomesoplenty:fir_planks":212,"minecraft:shield":1,"divinerpg:realmite_ingot":1,"minecraft:iron_ingot":5,"minecraft:stone_pickaxe":3,"iceandfire:armor_copper_metal_chestplate":1,"minecraft:chest":3,"minecraft:torch":32,"tombstone:bone_needle":1,"biomesoplenty:fir_door":3},"minecraft:used":{"minecraft:water_bucket":17,"regions_unexplored:silver_birch_log":1,"minecraft:stone_sword":25,"minecraft:cobblestone_stairs":53,"minecraft:stone_pickaxe":130,"minecraft:oak_planks":3,"minecraft:chest":6,"minecraft:shield":87,"biomesoplenty:fir_planks":227,"minecraft:torch":13,"minecraft:dirt":12,"minecraft:crafting_table":4,"iceandfire:silver_axe":465,"tombstone:bag_of_seeds":2,"minecraft:iron_axe":213,"minecraft:iron_pickaxe":300,"biomesoplenty:fir_door":13,"minecraft:purple_bed":4,"minecraft:cobblestone":183,"minecraft:gravel":38,"minecraft:sweet_berries":46,"minecraft:furnace":5,"minecraft:bucket":18,"tombstone:gift":6,"biomesoplenty:fir_log":205,"minecraft:chainmail_leggings":1},"minecraft:custom":{"minecraft:interact_with_furnace":31,"minecraft:mob_kills":31,"minecraft:traded_with_villager":3,"minecraft:interact_with_crafting_table":32,"minecraft:interact_with_stonecutter":2,"minecraft:interact_with_grindstone":2,"minecraft:leave_game":7,"minecraft:time_since_death":2328,"minecraft:sleep_in_bed":6,"minecraft:climb_one_cm":16446,"minecraft:time_since_rest":1,"minecraft:sprint_one_cm":192530,"minecraft:damage_taken":5317,"minecraft:walk_one_cm":589032,"minecraft:damage_blocked_by_shield":3450,"minecraft:drop":2,"minecraft:damage_dealt":6413,"minecraft:swim_one_cm":5,"minecraft:fly_one_cm":137429,"minecraft:talked_to_villager":3,"minecraft:play_time":165320,"minecraft:crouch_one_cm":19482,"minecraft:open_chest":102,"minecraft:sneak_time":6632,"tombstone:undead_killed":15,"minecraft:deaths":19,"minecraft:walk_under_water_one_cm":14952,"minecraft:jump":1297,"minecraft:walk_on_water_one_cm":11963,"minecraft:total_world_time":165320,"minecraft:fall_one_cm":29995,"minecraft:use_cauldron":1},"minecraft:broken":{"minecraft:stone_pickaxe":1,"minecraft:shield":1,"minecraft:iron_axe":1,"minecraft:iron_pickaxe":2,"iceandfire:silver_axe":1},"minecraft:dropped":{"iceandfire:armor_copper_metal_chestplate":1,"minecraft:iron_pickaxe":1},"minecraft:killed_by":{"minecraft:player":6,"iceandfire:ghost":1,"divinerpg:kobblin":3,"iceandfire:dread_ghoul":5,"iceandfire:dread_knight":1,"divinerpg:pumpkin_spider":1},"minecraft:killed":{"mca:female_zombie_villager":1,"minecraft:cave_spider":1,"minecraft:pig":6,"divinerpg:cave_crawler":1,"divinerpg:pumpkin_spider":1,"minecraft:sheep":1,"minecraft:skeleton":2,"divinerpg:miner":1,"iceandfire:dread_knight":1,"iceandfire:dread_thrall":1,"minecraft:zombie":6,"iceandfire:dread_ghoul":3}},"DataVersion":3465}