{"stats":{"minecraft:mined":{"iceandfire:silver_ore":3,"minecraft:sweet_berry_bush":9,"divinerpg:realmite_ore":2,"biomesoplenty:fir_log":45,"minecraft:torch":2,"minecraft:grass":3,"minecraft:coal_ore":9,"minecraft:oak_log":5,"biomesoplenty:fir_leaves":5,"minecraft:chest":1,"minecraft:tall_grass":3,"minecraft:stone":12,"minecraft:oak_planks":1,"minecraft:wall_torch":3,"minecraft:fern":1},"minecraft:picked_up":{"minecraft:oak_slab":3,"minecraft:sweet_berries":23,"minecraft:andesite":1,"minecraft:torch":6,"iceandfire:armor_copper_metal_chestplate":1,"minecraft:oak_stairs":18,"biomesoplenty:fir_log":44,"minecraft:oak_log":5,"minecraft:spider_eye":1,"minecraft:iron_axe":1,"divinerpg:realmite_helmet":1,"divinerpg:realmite_boots":1,"regions_unexplored:barley":20,"minecraft:bone":2,"minecraft:arrow":1,"minecraft:rotten_flesh":5,"divinerpg:raw_realmite":1,"minecraft:iron_pickaxe":2,"minecraft:coal":9,"minecraft:chest":1,"minecraft:oak_planks":3,"iceandfire:raw_silver":3,"minecraft:cobblestone":14},"minecraft:crafted":{"iceandfire:silver_axe":1,"biomesoplenty:fir_planks":24,"minecraft:oak_planks":20,"iceandfire:silver_ingot":3,"minecraft:crafting_table":1,"minecraft:stone_pickaxe":3,"minecraft:chest":2,"minecraft:air":0,"tombstone:bone_needle":1},"minecraft:used":{"minecraft:stone_sword":25,"minecraft:iron_pickaxe":28,"minecraft:oak_planks":3,"minecraft:chest":2,"minecraft:shield":29,"minecraft:torch":5,"minecraft:sweet_berries":22,"minecraft:crafting_table":1,"biomesoplenty:fir_log":4,"tombstone:gift":4,"iceandfire:silver_axe":72},"minecraft:custom":{"minecraft:time_since_rest":1589,"minecraft:interact_with_furnace":5,"minecraft:sprint_one_cm":66041,"minecraft:damage_taken":2274,"minecraft:walk_one_cm":145838,"minecraft:damage_blocked_by_shield":1396,"minecraft:mob_kills":5,"minecraft:drop":2,"minecraft:damage_dealt":1922,"minecraft:interact_with_crafting_table":11,"minecraft:fly_one_cm":45819,"minecraft:open_chest":51,"minecraft:crouch_one_cm":1977,"minecraft:play_time":41684,"tombstone:undead_killed":3,"minecraft:deaths":8,"minecraft:sneak_time":1226,"minecraft:walk_under_water_one_cm":8231,"minecraft:jump":346,"minecraft:interact_with_stonecutter":1,"minecraft:walk_on_water_one_cm":7307,"minecraft:time_since_death":2587,"minecraft:climb_one_cm":184,"minecraft:sleep_in_bed":4,"minecraft:total_world_time":41684,"minecraft:fall_one_cm":8054},"minecraft:dropped":{"iceandfire:armor_copper_metal_chestplate":1,"minecraft:iron_pickaxe":1},"minecraft:killed_by":{"iceandfire:ghost":1,"minecraft:player":4,"divinerpg:kobblin":2,"divinerpg:pumpkin_spider":1},"minecraft:killed":{"minecraft:skeleton":1,"minecraft:zombie":2,"divinerpg:cave_crawler":1,"divinerpg:pumpkin_spider":1}},"DataVersion":3465}