{"stats":{"minecraft:mined":{"iceandfire:silver_ore":8,"minecraft:mossy_cobblestone":2,"regions_unexplored:maple_log":1,"minecraft:cobblestone_stairs":51,"divinerpg:realmite_ore":2,"minecraft:granite":9,"minecraft:grass_block":3,"divinerpg:divine_leaves":1,"biomesoplenty:stripped_fir_log":2,"minecraft:furnace":3,"minecraft:iron_ore":13,"minecraft:andesite":14,"biomesoplenty:fir_door":6,"biomesoplenty:fir_stairs":6,"biomesoplenty:webbing":2,"minecraft:stone":344,"minecraft:powder_snow":6,"minecraft:crafting_table":2,"minecraft:torch":4,"biomesoplenty:fir_planks":200,"minecraft:chest":4,"minecraft:cobblestone":130,"minecraft:tall_grass":3,"minecraft:copper_ore":48,"minecraft:oak_planks":1,"minecraft:diorite":6,"minecraft:wall_torch":7,"minecraft:purple_bed":6,"minecraft:sweet_berry_bush":13,"minecraft:tnt":32,"biomesoplenty:fir_log":478,"minecraft:grass":6,"minecraft:oak_log":5,"minecraft:coal_ore":107,"biomesoplenty:fir_leaves":62,"regions_unexplored:silver_birch_log":2,"minecraft:gravel":64,"minecraft:dirt":33,"minecraft:fern":12},"minecraft:picked_up":{"minecraft:charcoal":4,"minecraft:crafting_table":2,"minecraft:chicken":1,"iceandfire:armor_copper_metal_chestplate":1,"minecraft:oak_stairs":18,"biomesoplenty:fir_door":10,"divinerpg:realmite_helmet":1,"minecraft:raw_copper":165,"minecraft:iron_axe":1,"biomesoplenty:fir_planks":198,"minecraft:beef":1,"iceandfire:dread_shard":2,"minecraft:iron_pickaxe":2,"minecraft:coal_block":1,"minecraft:chest":4,"minecraft:egg":3,"minecraft:furnace":3,"minecraft:stick":6,"minecraft:raw_iron":13,"minecraft:torch":17,"minecraft:porkchop":9,"tombstone:grave_dust":2,"minecraft:diorite":5,"minecraft:carrot":73,"regions_unexplored:barley":20,"minecraft:tnt":55,"divinerpg:realmite_boots":1,"minecraft:arrow":1,"minecraft:rotten_flesh":22,"divinerpg:raw_realmite":1,"minecraft:mutton":5,"minecraft:white_wool":3,"minecraft:cobblestone":528,"minecraft:feather":2,"minecraft:andesite":16,"minecraft:potato":1,"biomesoplenty:fir_sapling":8,"biomesoplenty:fir_log":470,"minecraft:flint":4,"minecraft:oak_log":5,"biomesoplenty:fir_stairs":6,"minecraft:cobblestone_stairs":49,"minecraft:dirt":35,"minecraft:bone":5,"biomesoplenty:stripped_fir_log":2,"minecraft:wheat_seeds":1,"minecraft:stone_pickaxe":3,"minecraft:iron_ingot":31,"tombstone:bag_of_seeds":1,"minecraft:oak_planks":3,"regions_unexplored:orange_maple_leaf_pile":1,"minecraft:oak_slab":3,"minecraft:sweet_berries":25,"minecraft:gravel":81,"minecraft:spider_eye":2,"minecraft:mossy_cobblestone":2,"minecraft:purple_bed":6,"minecraft:chainmail_leggings":1,"regions_unexplored:silver_birch_log":9,"minecraft:granite":9,"regions_unexplored:maple_log":1,"minecraft:emerald":2,"iceandfire:raw_silver":8,"minecraft:coal":106},"minecraft:crafted":{"biomesoplenty:fir_stairs":116,"minecraft:oak_planks":20,"minecraft:furnace":2,"iceandfire:armor_copper_metal_leggings":1,"minecraft:cooked_mutton":5,"iceandfire:armor_copper_metal_boots":1,"divinerpg:realmite_ingot":1,"iceandfire:armor_copper_metal_chestplate":1,"minecraft:stone_pickaxe":3,"minecraft:chest":7,"iceandfire:silver_axe":2,"minecraft:coal_block":3,"minecraft:emerald":3,"minecraft:cooked_porkchop":8,"iceandfire:silver_ingot":8,"minecraft:crafting_table":2,"minecraft:iron_helmet":1,"minecraft:copper_ingot":165,"minecraft:air":0,"biomesoplenty:fir_planks":340,"minecraft:charcoal":47,"minecraft:shield":1,"minecraft:stick":8,"minecraft:iron_ingot":5,"minecraft:iron_pickaxe":3,"minecraft:iron_shovel":1,"minecraft:torch":32,"tombstone:bone_needle":1,"biomesoplenty:fir_door":3,"biomesoplenty:fir_trapdoor":4},"minecraft:used":{"minecraft:stone_sword":25,"minecraft:iron_shovel":6,"minecraft:chest":11,"minecraft:shield":87,"minecraft:torch":26,"minecraft:dirt":43,"minecraft:carrot":29,"minecraft:iron_axe":213,"minecraft:sweet_berries":46,"minecraft:furnace":5,"biomesoplenty:fir_trapdoor":3,"tombstone:gift":6,"minecraft:water_bucket":27,"regions_unexplored:silver_birch_log":1,"minecraft:cobblestone_stairs":53,"minecraft:stone_pickaxe":137,"minecraft:oak_planks":3,"biomesoplenty:fir_planks":255,"minecraft:crafting_table":4,"iceandfire:silver_axe":649,"tombstone:bag_of_seeds":2,"minecraft:iron_pickaxe":638,"biomesoplenty:fir_stairs":121,"minecraft:gravel":38,"minecraft:cobblestone":262,"biomesoplenty:fir_door":13,"minecraft:purple_bed":6,"minecraft:bucket":28,"biomesoplenty:fir_log":214,"minecraft:chainmail_leggings":1},"minecraft:custom":{"minecraft:mob_kills":35,"minecraft:interact_with_crafting_table":44,"minecraft:leave_game":18,"minecraft:time_since_death":62279,"minecraft:climb_one_cm":16446,"minecraft:sprint_one_cm":366334,"minecraft:walk_one_cm":685588,"minecraft:damage_blocked_by_shield":3450,"minecraft:drop":3,"minecraft:talked_to_villager":3,"minecraft:play_time":231904,"minecraft:deaths":21,"minecraft:sneak_time":9860,"minecraft:walk_under_water_one_cm":17728,"minecraft:jump":1957,"minecraft:walk_on_water_one_cm":14225,"minecraft:total_world_time":231904,"minecraft:interact_with_furnace":59,"minecraft:traded_with_villager":3,"minecraft:interact_with_grindstone":2,"minecraft:interact_with_stonecutter":2,"minecraft:sleep_in_bed":7,"minecraft:time_since_rest":47952,"minecraft:damage_taken":23067,"minecraft:damage_dealt":6762,"minecraft:swim_one_cm":7132,"minecraft:fly_one_cm":229637,"minecraft:open_chest":158,"minecraft:crouch_one_cm":28625,"tombstone:undead_killed":16,"minecraft:use_cauldron":1,"minecraft:fall_one_cm":222187},"minecraft:broken":{"minecraft:stone_pickaxe":1,"minecraft:shield":1,"minecraft:iron_axe":1,"minecraft:iron_pickaxe":3,"iceandfire:silver_axe":1},"minecraft:dropped":{"biomesoplenty:fir_log":64,"iceandfire:armor_copper_metal_chestplate":1,"minecraft:iron_pickaxe":1},"minecraft:killed_by":{"minecraft:player":6,"divinerpg:kobblin":3,"iceandfire:dread_ghoul":5,"iceandfire:dread_knight":1,"minecraft:skeleton":1,"iceandfire:ghost":1,"divinerpg:pumpkin_spider":1},"minecraft:killed":{"mca:female_zombie_villager":1,"minecraft:cave_spider":1,"divinerpg:cave_crawler":1,"minecraft:skeleton":2,"iceandfire:dread_knight":1,"iceandfire:dread_thrall":1,"minecraft:chicken":1,"minecraft:pig":7,"divinerpg:pumpkin_spider":1,"minecraft:sheep":1,"divinerpg:miner":1,"minecraft:zombie":7,"iceandfire:dread_ghoul":3,"minecraft:cow":1}},"DataVersion":3465}