{"stats":{"minecraft:mined":{"minecraft:torch":1,"minecraft:oak_log":5,"minecraft:chest":1,"minecraft:tall_grass":3,"minecraft:oak_planks":1,"minecraft:wall_torch":2},"minecraft:crafted":{"minecraft:oak_planks":20,"minecraft:crafting_table":1,"minecraft:chest":1,"tombstone:bone_needle":1},"minecraft:picked_up":{"minecraft:oak_slab":3,"minecraft:torch":4,"minecraft:oak_stairs":18,"minecraft:oak_log":5,"regions_unexplored:barley":20,"minecraft:bone":2,"minecraft:arrow":1,"minecraft:rotten_flesh":1,"minecraft:iron_pickaxe":1,"minecraft:chest":1,"minecraft:oak_planks":3},"minecraft:used":{"minecraft:stone_sword":15,"minecraft:oak_planks":3,"minecraft:chest":2,"minecraft:torch":3,"minecraft:crafting_table":1,"tombstone:gift":2},"minecraft:custom":{"minecraft:time_since_rest":766,"minecraft:sprint_one_cm":26189,"minecraft:damage_taken":1042,"minecraft:walk_one_cm":58461,"minecraft:mob_kills":1,"minecraft:drop":1,"minecraft:damage_dealt":529,"minecraft:interact_with_crafting_table":7,"minecraft:fly_one_cm":34567,"minecraft:open_chest":20,"minecraft:crouch_one_cm":841,"minecraft:play_time":17447,"tombstone:undead_killed":1,"minecraft:deaths":4,"minecraft:sneak_time":316,"minecraft:walk_under_water_one_cm":8231,"minecraft:jump":205,"minecraft:walk_on_water_one_cm":7307,"minecraft:time_since_death":1001,"minecraft:sleep_in_bed":2,"minecraft:total_world_time":17447,"minecraft:fall_one_cm":5736},"minecraft:dropped":{"minecraft:iron_pickaxe":1},"minecraft:killed_by":{"iceandfire:ghost":1,"minecraft:player":2,"divinerpg:kobblin":1},"minecraft:killed":{"minecraft:skeleton":1}},"DataVersion":3465}