{"stats":{"minecraft:broken":{"divinerpg:realmite_axe":2,"divinerpg:realmite_leggings":2,"minecraft:stone_axe":1,"divinerpg:realmite_boots":1,"divinerpg:realmite_chestplate":2,"minecraft:iron_pickaxe":1,"divinerpg:realmite_helmet":3},"minecraft:custom":{"minecraft:interact_with_crafting_table":84,"minecraft:open_barrel":11,"minecraft:open_shulker_box":34,"minecraft:bell_ring":1,"minecraft:leave_game":14,"minecraft:time_since_death":3790,"minecraft:sprint_one_cm":2574816,"minecraft:damage_blocked_by_shield":2147483647,"minecraft:drop":333,"minecraft:play_time":756863,"minecraft:deaths":97,"tombstone:tomb_raiding":3,"minecraft:jump":21850,"minecraft:walk_on_water_one_cm":160632,"minecraft:interact_with_furnace":63,"minecraft:sleep_in_bed":32,"tombstone:sneak_grave":7,"minecraft:damage_dealt":25797,"minecraft:player_kills":9,"minecraft:crouch_one_cm":4336,"tombstone:undead_killed":45,"minecraft:interact_with_smoker":1,"minecraft:horse_one_cm":2989,"minecraft:mob_kills":99,"minecraft:climb_one_cm":4882,"minecraft:walk_one_cm":1615111,"minecraft:sneak_time":2834,"minecraft:walk_under_water_one_cm":137770,"minecraft:interact_with_blast_furnace":18,"minecraft:total_world_time":756863,"tombstone:raider_killed":1,"minecraft:pot_flower":1,"minecraft:interact_with_grindstone":2,"minecraft:time_since_rest":3350,"minecraft:damage_taken":2147483647,"minecraft:trigger_trapped_chest":2,"minecraft:swim_one_cm":864191,"minecraft:fly_one_cm":5780765,"minecraft:open_chest":392,"minecraft:fall_one_cm":694435},"minecraft:mined":{"minecraft:spruce_planks":14,"minecraft:white_bed":3,"minecraft:cherry_log":30,"divinerpg:realmite_ore":99,"minecraft:carved_pumpkin":25,"minecraft:granite":2,"minecraft:grass_block":10,"minecraft:yellow_carpet":1,"regions_unexplored:small_oak_leaves":6,"minecraft:tall_seagrass":2,"regions_unexplored:stone_bud":1,"minecraft:glowstone":1,"minecraft:iron_ore":44,"minecraft:fire":17,"minecraft:cobbled_deepslate":2,"minecraft:pumpkin":8,"minecraft:fletching_table":1,"minecraft:potted_dandelion":1,"minecraft:dirt_path":3,"biomesoplenty:webbing":1,"minecraft:green_carpet":5,"regions_unexplored:silt_grass_block":31,"regions_unexplored:dead_steppe_shrub":1,"regions_unexplored:red_lupine":1,"minecraft:smoker":1,"minecraft:powder_snow":37,"minecraft:torch":3,"minecraft:blast_furnace":2,"regions_unexplored:small_desert_shrub":2,"iceandfire:ghost_chest":3,"minecraft:chest":6,"minecraft:dead_bush":5,"minecraft:cobblestone":22,"minecraft:oak_planks":12,"minecraft:sugar_cane":5,"regions_unexplored:bamboo_log":1,"minecraft:grindstone":2,"minecraft:wall_torch":13,"mca:cross_headstone":1,"minecraft:pink_petals":47,"minecraft:skeleton_skull":2,"minecraft:seagrass":1,"regions_unexplored:hyssop":13,"minecraft:yellow_wool":1,"minecraft:wheat":69,"biomesoplenty:fir_log":1,"minecraft:wither_rose":5,"minecraft:grass":149,"minecraft:oak_log":505,"minecraft:beetroots":16,"minecraft:sand":39,"minecraft:dirt":26,"regions_unexplored:clover":3,"minecraft:oak_leaves":94,"minecraft:deepslate":2,"regions_unexplored:fireweed":4,"regions_unexplored:spruce_shrub":1,"iceandfire:silver_ore":12,"regions_unexplored:barley":10,"minecraft:oak_door":1,"biomesoplenty:desert_grass":1,"minecraft:shulker_box":13,"biomesoplenty:bush":5,"regions_unexplored:silver_birch_shrub":1,"biomesoplenty:dead_grass":1,"minecraft:sandstone":13,"minecraft:large_fern":1,"minecraft:hay_block":101,"regions_unexplored:baobab_log":15,"minecraft:furnace":8,"minecraft:carrots":50,"minecraft:snow":11,"minecraft:andesite":23,"regions_unexplored:white_magnolia_shrub":1,"divinerpg:stripped_divine_log":3,"minecraft:bell":2,"minecraft:potatoes":12,"minecraft:deepslate_iron_ore":4,"minecraft:vine":4,"crittersandcompanions:silk_cocoon":6,"minecraft:stripped_oak_log":2,"regions_unexplored:medium_grass":107,"minecraft:bamboo":1,"regions_unexplored:small_oak_log":28,"regions_unexplored:redwood_log":1,"minecraft:stone":84,"biomesoplenty:spider_egg":1,"regions_unexplored:windswept_grass":47,"minecraft:white_wool":5,"minecraft:podzol":3,"minecraft:glass_pane":2,"regions_unexplored:silver_birch_leaf_pile":5,"minecraft:snow_block":95,"minecraft:dandelion":3,"minecraft:spruce_door":2,"travelersbackpack:standard":3,"minecraft:oak_fence":1,"minecraft:crafting_table":3,"regions_unexplored:silt_dirt":1,"regions_unexplored:baobab_shrub":1,"minecraft:rose_bush":1,"minecraft:campfire":1,"minecraft:tall_grass":125,"regions_unexplored:mauve_log":25,"regions_unexplored:daisy":8,"minecraft:diorite":2,"minecraft:spruce_stairs":1,"minecraft:purple_bed":1,"minecraft:sweet_berry_bush":12,"regions_unexplored:red_maple_leaf_pile":1,"minecraft:white_wall_banner":3,"minecraft:yellow_bed":3,"regions_unexplored:sandy_grass":7,"minecraft:coal_ore":76,"minecraft:cherry_leaves":5,"minecraft:sunflower":1,"minecraft:gravel":12,"biomesoplenty:stringy_cobweb":1,"minecraft:cobweb":2,"divinerpg:realmite_ore_deepslate":5,"minecraft:gold_ore":2,"minecraft:fern":12},"minecraft:crafted":{"minecraft:oak_planks":148,"naturalist:cooked_bass":2,"minecraft:cooked_mutton":5,"minecraft:glass":15,"minecraft:bow":1,"tombstone:grave_key":1,"minecraft:chest":8,"minecraft:cooked_rabbit":1,"minecraft:cooked_porkchop":6,"minecraft:crafting_table":6,"minecraft:wooden_pickaxe":1,"minecraft:iron_helmet":1,"travelersbackpack:standard":1,"divinerpg:divine_planks":12,"divinerpg:realmite_shield":2,"divinerpg:realmite_pickaxe":1,"divinerpg:realmite_shovel":1,"minecraft:paper":3,"minecraft:book":1,"minecraft:shield":1,"minecraft:stick":28,"minecraft:iron_ingot":52,"minecraft:iron_pickaxe":2,"divinerpg:realmite_sword":1,"minecraft:snow_block":2,"minecraft:gold_ingot":2,"minecraft:light_gray_dye":3,"minecraft:oak_door":3,"divinerpg:realmite_boots":4,"divinerpg:realmite_helmet":4,"minecraft:furnace":1,"minecraft:light_gray_wool":3,"divinerpg:realmite_chestplate":3,"minecraft:flint_and_steel":1,"divinerpg:realmite_ingot":103,"minecraft:iron_axe":2,"travelersbackpack:light_gray_sleeping_bag":1,"minecraft:stone_pickaxe":1,"divinerpg:realmite_leggings":4,"minecraft:wheat":873,"minecraft:cooked_beef":7,"iceandfire:silver_ingot":10,"travelersbackpack:backpack_tank":2,"securitycraft:taser":1,"divinerpg:realmite_axe":4,"minecraft:bucket":4,"minecraft:stone_axe":1,"minecraft:air":0,"minecraft:bread":316,"regions_unexplored:redwood_planks":4,"alexsmobs:maraca":1,"justhammers:iron_hammer":1,"minecraft:wooden_axe":1},"minecraft:killed_by":{"minecraft:creeper":2,"divinerpg:cave_crawler":2,"divinerpg:jungle_spider":1,"divinerpg:kobblin":8,"divinerpg:miner":1,"divinerpg:caveclops":1,"minecraft:zombie":2,"alexsmobs:grizzly_bear":1,"iceandfire:fire_dragon":2,"minecraft:player":43,"minecraft:enderman":1,"iceandfire:gorgon":3,"minecraft:skeleton":4,"divinerpg:arid_warrior":1,"iceandfire:ghost":7},"minecraft:used":{"minecraft:beetroot":1,"minecraft:chest":13,"minecraft:shield":129,"minecraft:iron_sword":21,"regions_unexplored:red_lupine":1,"minecraft:mutton":3,"minecraft:carrot":56,"regions_unexplored:mauve_sapling":1,"naturalist:cooked_bass":2,"minecraft:snowball":3,"regions_unexplored:barley":1,"divinerpg:smoldering_tar_bucket":2,"divinerpg:realmite_boots":2,"regions_unexplored:baobab_shrub":1,"minecraft:iron_helmet":1,"iceandfire:ghost_chest":1,"regions_unexplored:silver_birch_leaf_pile":9,"minecraft:stone_bricks":2,"minecraft:bow":1,"minecraft:oak_sapling":9,"minecraft:sweet_berries":12,"minecraft:furnace":9,"minecraft:beetroot_seeds":4,"regions_unexplored:small_oak_sapling":1,"minecraft:egg":5,"minecraft:potato":8,"divinerpg:realmite_axe":985,"minecraft:diorite":2,"minecraft:spruce_door":1,"minecraft:stone_pickaxe":74,"minecraft:oak_planks":13,"minecraft:ender_pearl":1,"minecraft:wooden_pickaxe":16,"minecraft:sandstone":6,"minecraft:white_wool":5,"minecraft:sand":23,"divinerpg:realmite_leggings":3,"minecraft:blast_furnace":2,"minecraft:bread":201,"regions_unexplored:bamboo_log":1,"tombstone:grave_key":6,"regions_unexplored:baobab_log":1,"iceandfire:dragon_skull_fire":3,"minecraft:cooked_rabbit":1,"minecraft:grindstone":1,"minecraft:andesite":16,"minecraft:oak_fence":3,"minecraft:rose_bush":1,"divinerpg:realmite_pickaxe":98,"minecraft:flint_and_steel":52,"minecraft:carved_pumpkin":1,"minecraft:armor_stand":8,"minecraft:oak_door":7,"minecraft:torch":13,"regions_unexplored:small_oak_log":4,"minecraft:dirt":17,"alexsmobs:maraca":33,"regions_unexplored:clover":6,"minecraft:shulker_box":10,"minecraft:yellow_carpet":3,"minecraft:granite":2,"regions_unexplored:hyssop":1,"minecraft:wooden_axe":10,"minecraft:iron_axe":43,"divinerpg:realmite_sword":322,"minecraft:beef":1,"tombstone:gift":6,"divinerpg:realmite_chestplate":3,"minecraft:cooked_beef":11,"divinerpg:realmite_helmet":4,"minecraft:iron_leggings":1,"minecraft:wheat_seeds":37,"minecraft:cooked_mutton":5,"minecraft:water_bucket":9,"minecraft:snow_block":2,"divinerpg:realmite_shield":71,"minecraft:fletching_table":1,"minecraft:cracked_stone_bricks":2,"minecraft:crafting_table":8,"minecraft:white_bed":2,"minecraft:painting":1,"justhammers:iron_hammer":245,"minecraft:oak_log":92,"minecraft:flower_pot":1,"minecraft:apple":3,"minecraft:iron_pickaxe":252,"divinerpg:realmite_shovel":147,"minecraft:stone_axe":106,"minecraft:green_carpet":3,"minecraft:purple_bed":1,"travelersbackpack:standard":6,"minecraft:cobblestone":106,"minecraft:white_banner":2,"minecraft:cooked_porkchop":6,"minecraft:bucket":21,"minecraft:yellow_bed":7,"alexsmobs:animal_dictionary":2,"minecraft:dandelion":3,"regions_unexplored:silt_dirt":29},"minecraft:picked_up":{"minecraft:iron_chestplate":3,"minecraft:wheat":46,"alexsmobs:maraca":1,"minecraft:flower_pot":1,"minecraft:prismarine_shard":3,"minecraft:yellow_wool":1,"securitycraft:taser":8,"regions_unexplored:silt_dirt":106,"iceandfire:armor_copper_metal_chestplate":7,"minecraft:oak_stairs":16,"minecraft:wither_rose":5,"minecraft:enchanted_book":1,"tombstone:grave_key":2,"regions_unexplored:stripped_eucalyptus_log":1,"minecraft:string":11,"minecraft:iron_leggings":4,"minecraft:armor_stand":10,"minecraft:beetroot":6,"minecraft:gold_nugget":20,"minecraft:cobbled_deepslate":2,"minecraft:bucket":4,"iceandfire:frost_lily":1,"minecraft:spruce_planks":2,"minecraft:rose_bush":1,"minecraft:iron_pickaxe":1,"divinerpg:divine_planks":1,"minecraft:iron_boots":2,"regions_unexplored:redwood_log":1,"minecraft:furnace":8,"minecraft:golden_helmet":1,"minecraft:stick":46,"iceandfire:ghost_chest":3,"iceandfire:armor_copper_metal_leggings":7,"minecraft:oak_fence":6,"divinerpg:realmite_sword":3,"minecraft:torch":55,"minecraft:spruce_stairs":1,"regions_unexplored:barrel_cactus":1,"minecraft:porkchop":13,"tombstone:bone_needle":1,"minecraft:cherry_log":29,"tombstone:grave_dust":9,"minecraft:diorite":2,"regions_unexplored:daisy":8,"regions_unexplored:barley":13,"divinerpg:realmite_boots":10,"minecraft:bamboo_block":97,"divinerpg:ice_shards":9,"minecraft:rotten_flesh":52,"divinerpg:realmite_leggings":9,"regions_unexplored:mauve_log":38,"minecraft:carved_pumpkin":97,"minecraft:obsidian":2,"minecraft:snowball":1072,"minecraft:cobblestone":730,"minecraft:pink_petals":102,"minecraft:leather_chestplate":1,"divinerpg:realmite_axe":13,"divinerpg:tomato":3,"minecraft:water_bucket":4,"minecraft:andesite":24,"regions_unexplored:white_magnolia_shrub":1,"regions_unexplored:silver_birch_shrub":1,"minecraft:smoker":1,"minecraft:potato":40,"biomesoplenty:fir_log":1,"minecraft:flint":3,"divinerpg:realmite_chestplate":9,"minecraft:dirt":49,"minecraft:name_tag":1,"biomemakeover:crude_fragment":2,"minecraft:bone":27,"minecraft:bow":3,"minecraft:wheat_seeds":208,"minecraft:raw_gold":2,"minecraft:bell":2,"minecraft:grindstone":2,"minecraft:fletching_table":1,"minecraft:rabbit":1,"minecraft:glowstone_dust":3,"minecraft:oak_planks":69,"divinerpg:realmite_shield":8,"regions_unexplored:bamboo_log":1,"divinerpg:realmite_pickaxe":3,"divinerpg:realmite_ingot":107,"justhammers:iron_hammer":2,"iceandfire:dragon_skull_fire":4,"iceandfire:shiny_scales":8,"divinerpg:stripped_divine_log":9,"minecraft:sand":61,"minecraft:shulker_box":13,"divinerpg:arlemite_boots":2,"alexsmobs:animal_dictionary":2,"regions_unexplored:hyssop":12,"minecraft:yellow_carpet":7,"minecraft:writable_book":1,"regions_unexplored:clover":6,"alexsmobs:rattlesnake_rattle":1,"minecraft:crossbow":2,"minecraft:granite":2,"alexsmobs:tarantula_hawk_wing_fragment":1,"minecraft:bread":202,"minecraft:oak_sapling":26,"regions_unexplored:baobab_log":1,"iceandfire:raw_silver":14,"divinerpg:realmite_shovel":4,"minecraft:charcoal":2,"minecraft:crafting_table":3,"divinerpg:arlemite_shickaxe":1,"minecraft:wooden_pickaxe":2,"minecraft:cooked_rabbit":1,"regions_unexplored:red_maple_leaf_pile":4,"minecraft:shield":3,"iceandfire:silver_hoe":3,"minecraft:moss_carpet":3,"divinerpg:realmite_helmet":9,"minecraft:iron_axe":3,"divinerpg:aqua_ball":2,"iceandfire:ghost_ingot":1,"minecraft:beef":8,"minecraft:iron_nugget":2,"minecraft:light_gray_wool":3,"minecraft:sugar_cane":40,"minecraft:chest":7,"crittersandcompanions:clam":1,"minecraft:egg":7,"minecraft:raw_iron":90,"minecraft:sandstone":12,"iceandfire:dragonbone":18,"regions_unexplored:silver_birch_leaf_pile":9,"minecraft:oak_door":3,"divinerpg:terran_shards":14,"regions_unexplored:baobab_shrub":1,"iceandfire:armor_copper_metal_boots":7,"minecraft:carrot":98,"minecraft:redstone":1,"alexsmobs:leafcutter_ant_pupa":3,"minecraft:prismarine_crystals":10,"iceandfire:dragon_skull_ice":1,"divinerpg:divine_fence":1,"regions_unexplored:purple_coneflower":1,"iceandfire:silver_ingot":3,"minecraft:arrow":27,"regions_unexplored:mauve_sapling":6,"minecraft:beetroot_seeds":29,"divinerpg:raw_realmite":123,"minecraft:hay_block":101,"crittersandcompanions:silk":20,"minecraft:mutton":8,"minecraft:skeleton_skull":5,"minecraft:white_wool":23,"minecraft:stripped_oak_log":2,"regions_unexplored:eucalyptus_log":16,"minecraft:glow_ink_sac":4,"minecraft:leather":5,"minecraft:oak_log":672,"regions_unexplored:red_lupine":1,"iceandfire:ectoplasm":14,"minecraft:cobblestone_wall":1,"minecraft:yellow_bed":8,"minecraft:gunpowder":6,"iceandfire:armor_copper_metal_helmet":7,"minecraft:cobblestone_stairs":2,"regions_unexplored:small_oak_sapling":1,"minecraft:white_banner":3,"naturalist:glow_goop":1,"naturalist:bass":2,"minecraft:apple":14,"minecraft:rabbit_hide":8,"minecraft:iron_ingot":36,"minecraft:cobweb":9,"minecraft:glass_bottle":1,"minecraft:iron_sword":4,"regions_unexplored:yellow_lupine":2,"minecraft:pumpkin":23,"minecraft:sweet_berries":28,"minecraft:dandelion":8,"minecraft:gravel":7,"minecraft:blast_furnace":2,"minecraft:white_bed":3,"divinerpg:ender_shards":2,"minecraft:green_carpet":7,"minecraft:spruce_door":1,"minecraft:spider_eye":8,"minecraft:leather_helmet":1,"travelersbackpack:standard":7,"minecraft:purple_bed":1,"minecraft:slime_ball":20,"regions_unexplored:fireweed":4,"minecraft:stone_axe":1,"minecraft:iron_helmet":5,"minecraft:cherry_sapling":3,"minecraft:coal":124,"minecraft:sunflower":1,"minecraft:ender_pearl":1,"regions_unexplored:small_oak_log":29,"minecraft:wooden_axe":2},"minecraft:killed":{"minecraft:cave_spider":3,"alexsmobs:lobster":1,"divinerpg:cave_crawler":2,"minecraft:spider":3,"minecraft:skeleton":9,"alexsmobs:leafcutter_ant":4,"minecraft:pig":2,"naturalist:firefly":1,"minecraft:creeper":1,"minecraft:sheep":5,"minecraft:pillager":1,"minecraft:zombie":22,"alexsmobs:fly":1,"minecraft:cow":6,"mca:male_zombie_villager":1,"alexsmobs:tarantula_hawk":1,"alexsmobs:rattlesnake":2,"iceandfire:siren":2,"naturalist:bass":2,"divinerpg:kobblin":6,"minecraft:drowned":1,"minecraft:snow_golem":1,"alexsmobs:guster":3,"minecraft:rabbit":1,"divinerpg:miner":3,"alexsmobs:crocodile":1,"alexsmobs:cockroach":1,"iceandfire:ghost":9,"divinerpg:frost":1},"minecraft:dropped":{"biomesoplenty:fir_log":1,"minecraft:iron_sword":4,"minecraft:porkchop":6,"crittersandcompanions:clam":1,"minecraft:oak_log":2,"minecraft:crossbow":1,"minecraft:leather":5,"iceandfire:ectoplasm":5,"travelersbackpack:standard":5,"minecraft:leather_helmet":1,"minecraft:flint":1,"minecraft:cobblestone_stairs":6,"regions_unexplored:red_maple_leaf_pile":1,"minecraft:dirt":26,"minecraft:snowball":6,"minecraft:sand":11,"minecraft:iron_pickaxe":2,"iceandfire:silver_hoe":4,"minecraft:white_wool":34,"minecraft:bone":42,"minecraft:gravel":7,"minecraft:stone_axe":1,"minecraft:sugar_cane":16,"minecraft:obsidian":3,"minecraft:rotten_flesh":42,"securitycraft:taser":4,"minecraft:oak_planks":37,"minecraft:cooked_mutton":3,"regions_unexplored:redwood_planks":4,"minecraft:carrot":32,"divinerpg:terran_shards":6,"regions_unexplored:red_lupine":2,"iceandfire:armor_silver_metal_boots":1,"minecraft:gunpowder":4,"minecraft:charcoal":2,"minecraft:beetroot_seeds":6,"minecraft:arrow":43,"minecraft:egg":1,"minecraft:water_bucket":3,"minecraft:iron_ingot":47,"minecraft:bread":61,"minecraft:wheat_seeds":112,"minecraft:iron_helmet":4,"minecraft:oak_fence":7,"minecraft:cobblestone":354,"regions_unexplored:yellow_lupine":4,"naturalist:glow_goop":6,"minecraft:yellow_carpet":6,"regions_unexplored:daisy":1,"alexsmobs:maraca":1,"minecraft:stick":22,"regions_unexplored:small_oak_log":1,"minecraft:torch":108,"tombstone:grave_key":3,"minecraft:wooden_axe":3,"regions_unexplored:barley":243,"minecraft:green_carpet":2,"minecraft:iron_leggings":5,"tombstone:grave_dust":1,"minecraft:oak_stairs":13,"minecraft:iron_axe":1,"regions_unexplored:poppy_bush":8,"minecraft:string":7,"minecraft:bucket":3,"divinerpg:arlemite_boots":1,"minecraft:moss_carpet":1,"alexsmobs:maggot":1,"minecraft:iron_boots":2,"minecraft:shulker_box":3,"crittersandcompanions:silk":8,"minecraft:hay_block":4,"minecraft:shield":4,"minecraft:spruce_planks":1,"minecraft:iron_chestplate":4,"minecraft:andesite":2,"divinerpg:divine_planks":4,"minecraft:yellow_bed":1,"minecraft:oak_sapling":1,"minecraft:spider_eye":6,"minecraft:sandstone":6,"minecraft:slime_ball":1,"minecraft:bow":2,"minecraft:stone_pickaxe":1,"minecraft:wooden_pickaxe":3,"regions_unexplored:silt_dirt":79,"minecraft:cooked_rabbit":2}},"DataVersion":3465}