{"stats":{"minecraft:mined":{"minecraft:spruce_planks":13,"minecraft:white_bed":1,"minecraft:cherry_log":30,"divinerpg:realmite_ore":99,"minecraft:granite":2,"minecraft:grass_block":6,"minecraft:yellow_carpet":1,"minecraft:tall_seagrass":2,"minecraft:glowstone":1,"minecraft:iron_ore":44,"minecraft:cobbled_deepslate":2,"minecraft:fletching_table":1,"minecraft:potted_dandelion":1,"minecraft:dirt_path":1,"minecraft:green_carpet":3,"regions_unexplored:silt_grass_block":28,"regions_unexplored:dead_steppe_shrub":1,"regions_unexplored:red_lupine":1,"minecraft:torch":3,"minecraft:blast_furnace":2,"regions_unexplored:small_desert_shrub":2,"iceandfire:ghost_chest":2,"minecraft:chest":1,"minecraft:dead_bush":5,"minecraft:cobblestone":16,"minecraft:grindstone":1,"minecraft:sugar_cane":5,"minecraft:oak_planks":6,"regions_unexplored:bamboo_log":1,"minecraft:wall_torch":12,"minecraft:pink_petals":47,"mca:cross_headstone":1,"minecraft:skeleton_skull":2,"regions_unexplored:hyssop":13,"minecraft:wheat":25,"minecraft:wither_rose":5,"minecraft:grass":99,"minecraft:oak_log":355,"minecraft:beetroots":3,"minecraft:sand":23,"minecraft:dirt":1,"regions_unexplored:clover":3,"minecraft:oak_leaves":55,"minecraft:deepslate":2,"regions_unexplored:fireweed":4,"iceandfire:silver_ore":10,"regions_unexplored:barley":10,"minecraft:oak_door":1,"biomesoplenty:desert_grass":1,"regions_unexplored:silver_birch_shrub":1,"minecraft:sandstone":13,"minecraft:large_fern":1,"minecraft:hay_block":98,"regions_unexplored:baobab_log":15,"minecraft:furnace":7,"minecraft:carrots":13,"minecraft:andesite":23,"divinerpg:stripped_divine_log":3,"minecraft:bell":2,"minecraft:potatoes":3,"minecraft:deepslate_iron_ore":4,"minecraft:vine":4,"crittersandcompanions:silk_cocoon":4,"minecraft:stripped_oak_log":2,"regions_unexplored:medium_grass":91,"minecraft:bamboo":1,"regions_unexplored:small_oak_log":9,"minecraft:stone":84,"regions_unexplored:redwood_log":1,"regions_unexplored:windswept_grass":41,"minecraft:podzol":3,"minecraft:spruce_door":2,"minecraft:dandelion":3,"minecraft:oak_fence":1,"minecraft:crafting_table":3,"regions_unexplored:baobab_shrub":1,"minecraft:rose_bush":1,"minecraft:tall_grass":106,"regions_unexplored:mauve_log":25,"regions_unexplored:daisy":7,"minecraft:diorite":2,"minecraft:white_wall_banner":1,"minecraft:yellow_bed":2,"regions_unexplored:sandy_grass":4,"minecraft:coal_ore":74,"minecraft:cherry_leaves":5,"minecraft:sunflower":1,"minecraft:cobweb":2,"divinerpg:realmite_ore_deepslate":5,"minecraft:gold_ore":2,"minecraft:fern":9},"minecraft:crafted":{"minecraft:oak_planks":128,"minecraft:cooked_mutton":5,"minecraft:bow":1,"minecraft:chest":6,"minecraft:cooked_rabbit":1,"minecraft:cooked_porkchop":6,"minecraft:crafting_table":5,"minecraft:wooden_pickaxe":1,"minecraft:iron_helmet":1,"divinerpg:divine_planks":12,"divinerpg:realmite_shield":2,"divinerpg:realmite_pickaxe":1,"minecraft:book":1,"minecraft:paper":3,"minecraft:shield":1,"minecraft:stick":24,"minecraft:iron_ingot":47,"minecraft:iron_pickaxe":1,"divinerpg:realmite_sword":1,"divinerpg:realmite_boots":4,"divinerpg:realmite_helmet":4,"minecraft:furnace":1,"divinerpg:realmite_chestplate":3,"minecraft:iron_axe":1,"divinerpg:realmite_ingot":103,"minecraft:stone_pickaxe":1,"divinerpg:realmite_leggings":4,"minecraft:wheat":873,"iceandfire:silver_ingot":8,"securitycraft:taser":1,"divinerpg:realmite_axe":3,"minecraft:stone_axe":1,"minecraft:bread":307,"minecraft:air":0,"regions_unexplored:redwood_planks":4,"alexsmobs:maraca":1,"justhammers:iron_hammer":1,"minecraft:wooden_axe":1},"minecraft:picked_up":{"minecraft:wooden_axe":2,"minecraft:wheat":22,"alexsmobs:maraca":1,"minecraft:flower_pot":1,"minecraft:prismarine_shard":3,"iceandfire:armor_copper_metal_chestplate":2,"regions_unexplored:silt_dirt":28,"minecraft:wither_rose":5,"minecraft:enchanted_book":1,"tombstone:grave_key":1,"regions_unexplored:stripped_eucalyptus_log":1,"minecraft:string":6,"minecraft:iron_leggings":1,"minecraft:armor_stand":5,"minecraft:beetroot":3,"minecraft:gold_nugget":20,"minecraft:cobbled_deepslate":2,"minecraft:spruce_planks":1,"minecraft:rose_bush":1,"divinerpg:divine_planks":1,"minecraft:iron_boots":1,"regions_unexplored:redwood_log":1,"minecraft:furnace":7,"minecraft:golden_helmet":1,"minecraft:stick":29,"iceandfire:ghost_chest":2,"iceandfire:armor_copper_metal_leggings":2,"minecraft:oak_fence":1,"divinerpg:realmite_sword":3,"minecraft:torch":20,"regions_unexplored:barrel_cactus":1,"minecraft:porkchop":9,"minecraft:cherry_log":29,"tombstone:grave_dust":7,"minecraft:diorite":2,"regions_unexplored:daisy":7,"regions_unexplored:barley":13,"divinerpg:realmite_boots":6,"minecraft:bamboo_block":97,"minecraft:rotten_flesh":38,"divinerpg:realmite_leggings":6,"regions_unexplored:mauve_log":38,"minecraft:obsidian":1,"minecraft:cobblestone":466,"minecraft:pink_petals":102,"minecraft:leather_chestplate":1,"divinerpg:realmite_axe":5,"minecraft:andesite":24,"regions_unexplored:silver_birch_shrub":1,"minecraft:potato":5,"divinerpg:realmite_chestplate":6,"minecraft:dirt":13,"biomemakeover:crude_fragment":2,"minecraft:bone":19,"minecraft:bow":3,"minecraft:wheat_seeds":107,"minecraft:raw_gold":2,"minecraft:bell":2,"minecraft:grindstone":1,"minecraft:rabbit":1,"minecraft:fletching_table":1,"minecraft:glowstone_dust":3,"minecraft:oak_planks":56,"divinerpg:realmite_shield":4,"regions_unexplored:bamboo_log":1,"divinerpg:realmite_pickaxe":3,"divinerpg:realmite_ingot":40,"iceandfire:dragon_skull_fire":4,"justhammers:iron_hammer":2,"iceandfire:shiny_scales":4,"divinerpg:stripped_divine_log":9,"minecraft:sand":46,"alexsmobs:animal_dictionary":2,"regions_unexplored:hyssop":12,"minecraft:yellow_carpet":1,"minecraft:writable_book":1,"regions_unexplored:clover":6,"alexsmobs:rattlesnake_rattle":1,"minecraft:crossbow":2,"minecraft:granite":2,"alexsmobs:tarantula_hawk_wing_fragment":1,"minecraft:bread":174,"minecraft:oak_sapling":18,"regions_unexplored:baobab_log":1,"iceandfire:raw_silver":12,"minecraft:crafting_table":3,"minecraft:wooden_pickaxe":2,"minecraft:shield":1,"minecraft:moss_carpet":3,"divinerpg:realmite_helmet":6,"minecraft:iron_axe":3,"minecraft:beef":1,"minecraft:chest":1,"minecraft:sugar_cane":15,"crittersandcompanions:clam":1,"minecraft:egg":2,"iceandfire:dragonbone":1,"minecraft:raw_iron":54,"minecraft:sandstone":12,"minecraft:oak_door":2,"divinerpg:terran_shards":3,"regions_unexplored:baobab_shrub":1,"iceandfire:armor_copper_metal_boots":2,"minecraft:carrot":39,"minecraft:redstone":1,"alexsmobs:leafcutter_ant_pupa":1,"minecraft:prismarine_crystals":10,"divinerpg:divine_fence":1,"iceandfire:silver_ingot":3,"minecraft:arrow":10,"regions_unexplored:mauve_sapling":6,"minecraft:beetroot_seeds":10,"divinerpg:raw_realmite":123,"minecraft:hay_block":98,"crittersandcompanions:silk":17,"minecraft:mutton":8,"minecraft:skeleton_skull":5,"minecraft:white_wool":5,"minecraft:stripped_oak_log":2,"regions_unexplored:eucalyptus_log":16,"minecraft:glow_ink_sac":4,"minecraft:oak_log":359,"regions_unexplored:red_lupine":1,"iceandfire:ectoplasm":12,"minecraft:gunpowder":2,"minecraft:yellow_bed":6,"iceandfire:armor_copper_metal_helmet":2,"regions_unexplored:small_oak_sapling":1,"minecraft:white_banner":1,"naturalist:glow_goop":1,"minecraft:apple":14,"minecraft:rabbit_hide":8,"minecraft:iron_ingot":14,"minecraft:cobweb":9,"minecraft:dandelion":4,"minecraft:blast_furnace":2,"minecraft:white_bed":1,"minecraft:spruce_door":1,"minecraft:green_carpet":3,"minecraft:spider_eye":5,"minecraft:leather_helmet":1,"minecraft:slime_ball":1,"regions_unexplored:fireweed":4,"minecraft:stone_axe":1,"minecraft:iron_helmet":1,"minecraft:cherry_sapling":3,"minecraft:coal":110,"minecraft:sunflower":1,"regions_unexplored:small_oak_log":10},"minecraft:used":{"minecraft:beetroot":1,"minecraft:chest":7,"minecraft:shield":117,"regions_unexplored:red_lupine":1,"minecraft:mutton":3,"minecraft:carrot":46,"regions_unexplored:mauve_sapling":1,"regions_unexplored:barley":1,"divinerpg:realmite_boots":2,"regions_unexplored:baobab_shrub":1,"iceandfire:ghost_chest":1,"minecraft:stone_bricks":2,"minecraft:bow":1,"minecraft:oak_sapling":4,"minecraft:furnace":8,"minecraft:beetroot_seeds":4,"regions_unexplored:small_oak_sapling":1,"minecraft:egg":2,"minecraft:potato":8,"divinerpg:realmite_axe":616,"minecraft:diorite":2,"minecraft:spruce_door":1,"minecraft:stone_pickaxe":74,"minecraft:oak_planks":7,"minecraft:wooden_pickaxe":16,"minecraft:sandstone":6,"minecraft:sand":23,"divinerpg:realmite_leggings":2,"minecraft:blast_furnace":2,"minecraft:bread":153,"regions_unexplored:bamboo_log":1,"regions_unexplored:baobab_log":1,"iceandfire:dragon_skull_fire":3,"minecraft:cooked_rabbit":1,"minecraft:grindstone":1,"minecraft:andesite":16,"minecraft:oak_fence":1,"minecraft:rose_bush":1,"divinerpg:realmite_pickaxe":69,"minecraft:armor_stand":5,"minecraft:oak_door":2,"minecraft:torch":13,"regions_unexplored:small_oak_log":1,"minecraft:dirt":9,"alexsmobs:maraca":33,"regions_unexplored:clover":6,"minecraft:yellow_carpet":1,"minecraft:granite":2,"regions_unexplored:hyssop":1,"minecraft:wooden_axe":10,"minecraft:iron_axe":29,"divinerpg:realmite_sword":322,"minecraft:beef":1,"tombstone:gift":4,"divinerpg:realmite_chestplate":2,"divinerpg:realmite_helmet":2,"minecraft:wheat_seeds":27,"divinerpg:realmite_shield":58,"minecraft:fletching_table":1,"minecraft:cracked_stone_bricks":2,"minecraft:crafting_table":7,"minecraft:white_bed":1,"minecraft:painting":1,"justhammers:iron_hammer":44,"minecraft:oak_log":61,"minecraft:flower_pot":1,"minecraft:apple":3,"minecraft:iron_pickaxe":252,"minecraft:stone_axe":106,"minecraft:green_carpet":3,"minecraft:cobblestone":80,"minecraft:white_banner":1,"minecraft:cooked_porkchop":6,"minecraft:yellow_bed":5,"alexsmobs:animal_dictionary":2,"minecraft:dandelion":3,"regions_unexplored:silt_dirt":27},"minecraft:custom":{"minecraft:interact_with_crafting_table":56,"minecraft:open_barrel":11,"minecraft:bell_ring":1,"minecraft:leave_game":10,"minecraft:time_since_death":16287,"minecraft:sprint_one_cm":1676811,"minecraft:damage_blocked_by_shield":2147483647,"minecraft:drop":144,"minecraft:play_time":463941,"minecraft:deaths":45,"minecraft:jump":13875,"minecraft:walk_on_water_one_cm":67574,"minecraft:interact_with_furnace":40,"minecraft:sleep_in_bed":22,"minecraft:damage_dealt":18964,"minecraft:player_kills":2,"minecraft:crouch_one_cm":2456,"tombstone:undead_killed":38,"minecraft:interact_with_smoker":1,"minecraft:horse_one_cm":2127,"minecraft:mob_kills":74,"minecraft:climb_one_cm":3892,"minecraft:walk_one_cm":1006002,"minecraft:sneak_time":1321,"minecraft:walk_under_water_one_cm":35963,"minecraft:interact_with_blast_furnace":15,"minecraft:total_world_time":463941,"tombstone:raider_killed":1,"minecraft:pot_flower":1,"minecraft:interact_with_grindstone":2,"minecraft:time_since_rest":15993,"minecraft:damage_taken":2147483647,"minecraft:trigger_trapped_chest":1,"minecraft:swim_one_cm":225583,"minecraft:fly_one_cm":3878721,"minecraft:open_chest":188,"minecraft:fall_one_cm":439712},"minecraft:broken":{"divinerpg:realmite_axe":1,"divinerpg:realmite_leggings":1,"minecraft:stone_axe":1,"divinerpg:realmite_boots":1,"divinerpg:realmite_chestplate":1,"minecraft:iron_pickaxe":1,"divinerpg:realmite_helmet":2},"minecraft:dropped":{"crittersandcompanions:clam":1,"minecraft:crossbow":1,"iceandfire:ectoplasm":1,"minecraft:dirt":3,"minecraft:sand":6,"minecraft:bone":8,"minecraft:stone_axe":1,"minecraft:sugar_cane":15,"minecraft:obsidian":1,"minecraft:rotten_flesh":23,"minecraft:oak_planks":4,"regions_unexplored:redwood_planks":4,"minecraft:beetroot_seeds":6,"minecraft:arrow":3,"minecraft:bread":61,"minecraft:wheat_seeds":56,"minecraft:cobblestone":6,"alexsmobs:maraca":1,"minecraft:stick":7,"regions_unexplored:small_oak_log":1,"tombstone:grave_key":2,"minecraft:wooden_axe":3,"regions_unexplored:barley":11,"minecraft:string":5,"crittersandcompanions:silk":8,"minecraft:hay_block":4,"minecraft:spruce_planks":1,"divinerpg:divine_planks":4,"minecraft:andesite":2,"minecraft:spider_eye":4,"minecraft:slime_ball":1,"minecraft:sandstone":6,"minecraft:bow":2,"minecraft:stone_pickaxe":1,"minecraft:wooden_pickaxe":3},"minecraft:killed_by":{"divinerpg:cave_crawler":1,"divinerpg:kobblin":5,"divinerpg:caveclops":1,"alexsmobs:grizzly_bear":1,"iceandfire:fire_dragon":2,"minecraft:player":16,"iceandfire:gorgon":3,"minecraft:skeleton":3,"divinerpg:arid_warrior":1,"iceandfire:ghost":5},"minecraft:killed":{"alexsmobs:lobster":1,"minecraft:cave_spider":1,"divinerpg:cave_crawler":2,"minecraft:skeleton":9,"alexsmobs:leafcutter_ant":4,"naturalist:firefly":1,"minecraft:creeper":1,"minecraft:sheep":5,"minecraft:pillager":1,"minecraft:zombie":17,"alexsmobs:fly":1,"minecraft:cow":2,"mca:male_zombie_villager":1,"alexsmobs:tarantula_hawk":1,"alexsmobs:rattlesnake":2,"iceandfire:siren":2,"divinerpg:kobblin":4,"minecraft:drowned":1,"alexsmobs:guster":3,"minecraft:rabbit":1,"divinerpg:miner":3,"alexsmobs:cockroach":1,"alexsmobs:crocodile":1,"iceandfire:ghost":7}},"DataVersion":3465}