{"stats":{"minecraft:mined":{"iceandfire:silver_ore":9,"regions_unexplored:barley":9,"minecraft:oak_door":1,"minecraft:cherry_log":30,"biomesoplenty:desert_grass":1,"divinerpg:realmite_ore":96,"minecraft:granite":2,"minecraft:grass_block":6,"regions_unexplored:silver_birch_shrub":1,"minecraft:large_fern":1,"minecraft:hay_block":98,"minecraft:tall_seagrass":1,"minecraft:glowstone":1,"minecraft:carrots":6,"minecraft:furnace":7,"minecraft:iron_ore":41,"minecraft:cobbled_deepslate":2,"minecraft:andesite":23,"minecraft:fletching_table":1,"divinerpg:stripped_divine_log":3,"minecraft:bell":2,"minecraft:potted_dandelion":1,"minecraft:dirt_path":1,"minecraft:vine":4,"crittersandcompanions:silk_cocoon":2,"regions_unexplored:medium_grass":47,"regions_unexplored:small_oak_log":9,"minecraft:stone":84,"regions_unexplored:windswept_grass":13,"regions_unexplored:silt_grass_block":27,"minecraft:podzol":3,"regions_unexplored:dead_steppe_shrub":1,"minecraft:dandelion":3,"minecraft:spruce_door":1,"minecraft:oak_fence":1,"minecraft:crafting_table":3,"minecraft:torch":3,"minecraft:blast_furnace":2,"iceandfire:ghost_chest":1,"minecraft:chest":1,"regions_unexplored:small_desert_shrub":2,"minecraft:dead_bush":5,"minecraft:tall_grass":52,"minecraft:cobblestone":14,"regions_unexplored:mauve_log":25,"minecraft:oak_planks":2,"regions_unexplored:daisy":4,"minecraft:grindstone":1,"minecraft:wall_torch":12,"minecraft:diorite":2,"minecraft:skeleton_skull":2,"minecraft:pink_petals":47,"regions_unexplored:hyssop":13,"minecraft:wheat":12,"regions_unexplored:sandy_grass":3,"minecraft:yellow_bed":2,"minecraft:wither_rose":3,"minecraft:grass":61,"minecraft:coal_ore":74,"minecraft:oak_log":42,"minecraft:beetroots":1,"minecraft:sunflower":1,"minecraft:cherry_leaves":5,"minecraft:dirt":1,"minecraft:sand":21,"minecraft:cobweb":2,"minecraft:gold_ore":2,"minecraft:oak_leaves":8,"regions_unexplored:fireweed":4,"minecraft:fern":7},"minecraft:killed_by":{"minecraft:player":11,"divinerpg:cave_crawler":1,"divinerpg:kobblin":4,"iceandfire:gorgon":3,"minecraft:skeleton":2,"divinerpg:arid_warrior":1,"alexsmobs:grizzly_bear":1,"iceandfire:ghost":4,"iceandfire:fire_dragon":1},"minecraft:used":{"minecraft:beetroot":1,"minecraft:oak_fence":1,"divinerpg:realmite_pickaxe":32,"minecraft:armor_stand":3,"minecraft:chest":7,"minecraft:shield":117,"minecraft:oak_door":2,"minecraft:torch":12,"regions_unexplored:small_oak_log":1,"alexsmobs:maraca":33,"minecraft:dirt":9,"minecraft:mutton":3,"minecraft:carrot":14,"regions_unexplored:mauve_sapling":1,"minecraft:granite":2,"regions_unexplored:hyssop":1,"regions_unexplored:barley":1,"minecraft:wooden_axe":10,"divinerpg:realmite_boots":1,"minecraft:iron_axe":29,"iceandfire:ghost_chest":1,"divinerpg:realmite_sword":237,"minecraft:stone_bricks":2,"minecraft:beef":1,"minecraft:oak_sapling":4,"minecraft:furnace":8,"minecraft:beetroot_seeds":4,"tombstone:gift":4,"regions_unexplored:small_oak_sapling":1,"divinerpg:realmite_chestplate":1,"divinerpg:realmite_helmet":1,"divinerpg:realmite_axe":137,"minecraft:wheat_seeds":21,"minecraft:diorite":2,"minecraft:spruce_door":1,"minecraft:stone_pickaxe":74,"minecraft:oak_planks":3,"minecraft:wooden_pickaxe":16,"divinerpg:realmite_shield":14,"minecraft:fletching_table":1,"minecraft:cracked_stone_bricks":2,"minecraft:sand":23,"divinerpg:realmite_leggings":1,"minecraft:crafting_table":7,"minecraft:blast_furnace":2,"minecraft:painting":1,"justhammers:iron_hammer":18,"minecraft:oak_log":11,"minecraft:flower_pot":1,"minecraft:apple":3,"minecraft:iron_pickaxe":252,"minecraft:bread":118,"minecraft:stone_axe":106,"minecraft:cobblestone":80,"minecraft:grindstone":1,"minecraft:andesite":16,"minecraft:yellow_bed":1,"minecraft:dandelion":3,"regions_unexplored:silt_dirt":27},"minecraft:crafted":{"minecraft:oak_planks":120,"divinerpg:realmite_boots":2,"divinerpg:realmite_helmet":2,"minecraft:furnace":1,"divinerpg:realmite_chestplate":2,"divinerpg:realmite_ingot":58,"minecraft:iron_axe":1,"minecraft:stone_pickaxe":1,"minecraft:chest":6,"divinerpg:realmite_leggings":3,"minecraft:wheat":873,"iceandfire:silver_ingot":8,"minecraft:crafting_table":5,"minecraft:wooden_pickaxe":1,"minecraft:iron_helmet":1,"divinerpg:divine_planks":12,"divinerpg:realmite_shield":1,"divinerpg:realmite_axe":1,"minecraft:stone_axe":1,"divinerpg:realmite_pickaxe":1,"minecraft:bread":303,"minecraft:air":0,"alexsmobs:maraca":1,"justhammers:iron_hammer":1,"minecraft:shield":1,"minecraft:stick":24,"minecraft:iron_pickaxe":1,"minecraft:iron_ingot":41,"divinerpg:realmite_sword":1,"minecraft:wooden_axe":1},"minecraft:custom":{"minecraft:mob_kills":55,"minecraft:interact_with_crafting_table":41,"minecraft:open_barrel":11,"minecraft:bell_ring":1,"minecraft:leave_game":6,"minecraft:time_since_death":4735,"minecraft:climb_one_cm":3570,"minecraft:sprint_one_cm":1136619,"minecraft:walk_one_cm":662163,"minecraft:damage_blocked_by_shield":2147483647,"minecraft:drop":90,"minecraft:play_time":310810,"minecraft:sneak_time":919,"minecraft:deaths":31,"minecraft:walk_under_water_one_cm":23565,"minecraft:jump":9465,"minecraft:interact_with_blast_furnace":14,"minecraft:walk_on_water_one_cm":49395,"minecraft:total_world_time":310810,"minecraft:interact_with_furnace":29,"minecraft:pot_flower":1,"minecraft:interact_with_grindstone":1,"minecraft:sleep_in_bed":11,"minecraft:time_since_rest":2336,"minecraft:damage_taken":2147483647,"minecraft:trigger_trapped_chest":1,"minecraft:damage_dealt":12625,"minecraft:swim_one_cm":182924,"minecraft:fly_one_cm":2650617,"minecraft:open_chest":82,"minecraft:crouch_one_cm":2246,"tombstone:undead_killed":30,"minecraft:horse_one_cm":2127,"minecraft:interact_with_smoker":1,"minecraft:fall_one_cm":288076},"minecraft:killed":{"alexsmobs:tarantula_hawk":1,"divinerpg:cave_crawler":2,"alexsmobs:rattlesnake":2,"minecraft:skeleton":9,"divinerpg:kobblin":3,"minecraft:drowned":1,"alexsmobs:guster":3,"naturalist:firefly":1,"minecraft:rabbit":1,"minecraft:sheep":5,"divinerpg:miner":2,"minecraft:zombie":14,"alexsmobs:crocodile":1,"alexsmobs:cockroach":1,"iceandfire:ghost":4,"alexsmobs:fly":1,"minecraft:cow":2},"minecraft:picked_up":{"minecraft:wooden_axe":2,"minecraft:crafting_table":3,"alexsmobs:maraca":1,"minecraft:wheat":11,"minecraft:flower_pot":1,"regions_unexplored:silt_dirt":27,"minecraft:wooden_pickaxe":2,"iceandfire:armor_copper_metal_chestplate":1,"minecraft:wither_rose":3,"regions_unexplored:stripped_eucalyptus_log":1,"minecraft:shield":1,"minecraft:string":5,"divinerpg:realmite_helmet":5,"minecraft:iron_axe":3,"minecraft:iron_leggings":1,"minecraft:armor_stand":3,"minecraft:beetroot":1,"minecraft:beef":1,"minecraft:chest":1,"divinerpg:divine_planks":1,"iceandfire:dragonbone":1,"crittersandcompanions:clam":1,"minecraft:furnace":7,"minecraft:golden_helmet":1,"minecraft:stick":25,"minecraft:raw_iron":47,"iceandfire:ghost_chest":1,"minecraft:oak_door":2,"iceandfire:armor_copper_metal_leggings":1,"minecraft:oak_fence":1,"divinerpg:realmite_sword":2,"minecraft:torch":20,"divinerpg:terran_shards":2,"regions_unexplored:barrel_cactus":1,"minecraft:cherry_log":29,"tombstone:grave_dust":3,"minecraft:diorite":2,"iceandfire:armor_copper_metal_boots":1,"minecraft:carrot":11,"regions_unexplored:daisy":4,"divinerpg:divine_fence":1,"regions_unexplored:barley":12,"divinerpg:realmite_boots":5,"minecraft:bamboo_block":97,"iceandfire:silver_ingot":3,"minecraft:arrow":9,"minecraft:rotten_flesh":35,"regions_unexplored:mauve_sapling":6,"divinerpg:realmite_leggings":5,"minecraft:beetroot_seeds":4,"regions_unexplored:mauve_log":38,"divinerpg:raw_realmite":115,"minecraft:hay_block":98,"crittersandcompanions:silk":8,"minecraft:mutton":8,"minecraft:skeleton_skull":3,"minecraft:white_wool":5,"minecraft:cobblestone":459,"minecraft:pink_petals":102,"minecraft:leather_chestplate":1,"regions_unexplored:eucalyptus_log":16,"divinerpg:realmite_axe":3,"minecraft:andesite":24,"regions_unexplored:silver_birch_shrub":1,"minecraft:oak_log":46,"iceandfire:ectoplasm":7,"minecraft:yellow_bed":2,"iceandfire:armor_copper_metal_helmet":1,"divinerpg:realmite_chestplate":5,"minecraft:dirt":13,"regions_unexplored:small_oak_sapling":1,"naturalist:glow_goop":1,"minecraft:bone":18,"minecraft:apple":10,"minecraft:wheat_seeds":54,"minecraft:raw_gold":2,"minecraft:bell":2,"minecraft:rabbit_hide":1,"minecraft:grindstone":1,"minecraft:iron_ingot":11,"minecraft:glowstone_dust":3,"minecraft:fletching_table":1,"minecraft:rabbit":1,"minecraft:oak_planks":54,"divinerpg:realmite_shield":3,"divinerpg:realmite_pickaxe":2,"divinerpg:realmite_ingot":40,"iceandfire:dragon_skull_fire":1,"minecraft:dandelion":4,"justhammers:iron_hammer":1,"divinerpg:stripped_divine_log":9,"minecraft:sand":28,"minecraft:blast_furnace":2,"minecraft:spruce_door":1,"minecraft:spider_eye":4,"alexsmobs:animal_dictionary":2,"minecraft:leather_helmet":1,"regions_unexplored:hyssop":12,"minecraft:slime_ball":1,"regions_unexplored:fireweed":4,"minecraft:stone_axe":1,"minecraft:writable_book":1,"minecraft:iron_helmet":1,"alexsmobs:rattlesnake_rattle":1,"alexsmobs:tarantula_hawk_wing_fragment":1,"minecraft:granite":2,"minecraft:cherry_sapling":3,"minecraft:bread":169,"minecraft:oak_sapling":4,"minecraft:sunflower":1,"minecraft:coal":107,"iceandfire:raw_silver":11,"regions_unexplored:small_oak_log":10},"minecraft:dropped":{"minecraft:bread":61,"minecraft:wheat_seeds":8,"crittersandcompanions:clam":1,"minecraft:cobblestone":6,"iceandfire:ectoplasm":1,"alexsmobs:maraca":1,"minecraft:stick":7,"regions_unexplored:small_oak_log":1,"minecraft:dirt":3,"tombstone:grave_key":1,"minecraft:wooden_axe":3,"regions_unexplored:barley":11,"minecraft:sand":4,"minecraft:string":5,"minecraft:bone":8,"minecraft:stone_axe":1,"minecraft:rotten_flesh":19,"minecraft:oak_planks":2,"crittersandcompanions:silk":8,"minecraft:hay_block":4,"divinerpg:divine_planks":4,"minecraft:andesite":2,"minecraft:spider_eye":4,"minecraft:slime_ball":1,"minecraft:arrow":3,"minecraft:stone_pickaxe":1,"minecraft:wooden_pickaxe":3},"minecraft:broken":{"divinerpg:realmite_boots":1,"divinerpg:realmite_leggings":1,"divinerpg:realmite_chestplate":1,"minecraft:stone_axe":1,"minecraft:iron_pickaxe":1,"divinerpg:realmite_helmet":1}},"DataVersion":3465}