{"stats":{"minecraft:mined":{"minecraft:white_bed":3,"minecraft:cherry_log":30,"divinerpg:realmite_ore":99,"minecraft:carved_pumpkin":25,"minecraft:granite":2,"travelersbackpack:red_sleeping_bag":1,"biomesoplenty:fir_slab":3,"minecraft:yellow_carpet":1,"minecraft:tall_seagrass":2,"regions_unexplored:stone_bud":1,"iceandfire:dread_torch_wall":1,"minecraft:cobbled_deepslate":2,"minecraft:fire":17,"minecraft:pumpkin":12,"minecraft:fletching_table":1,"minecraft:potted_dandelion":1,"minecraft:dirt_path":3,"biomesoplenty:webbing":3,"minecraft:green_carpet":5,"iceandfire:dread_stone_bricks_cracked":9,"regions_unexplored:silt_grass_block":31,"minecraft:tripwire":1,"regions_unexplored:dead_steppe_shrub":1,"minecraft:smoker":1,"minecraft:powder_snow":162,"minecraft:torch":7,"minecraft:blast_furnace":2,"minecraft:dead_bush":5,"minecraft:sugar_cane":5,"mca:cross_headstone":1,"minecraft:skeleton_skull":3,"regions_unexplored:hyssop":13,"minecraft:wheat":69,"minecraft:wither_rose":7,"iceandfire:dragonforge_ice_input":1,"minecraft:grass":196,"regions_unexplored:clover":3,"minecraft:deepslate":2,"regions_unexplored:fireweed":4,"regions_unexplored:spruce_shrub":1,"iceandfire:silver_ore":12,"biomesoplenty:desert_grass":2,"minecraft:stripped_birch_log":1,"minecraft:jack_o_lantern":1,"minecraft:shulker_box":13,"biomesoplenty:dead_grass":4,"minecraft:snow":11,"minecraft:andesite":23,"divinerpg:stripped_divine_log":3,"minecraft:potatoes":37,"minecraft:vine":4,"minecraft:bamboo":1,"regions_unexplored:small_oak_log":28,"regions_unexplored:redwood_log":1,"regions_unexplored:windswept_grass":47,"minecraft:white_wool":6,"minecraft:light_gray_carpet":3,"minecraft:glass_pane":2,"minecraft:dandelion":3,"regions_unexplored:baobab_shrub":1,"regions_unexplored:silt_dirt":1,"minecraft:campfire":1,"minecraft:tall_grass":125,"regions_unexplored:mauve_log":25,"minecraft:diorite":2,"minecraft:purple_bed":3,"minecraft:white_carpet":9,"regions_unexplored:sandy_grass":7,"minecraft:sunflower":1,"minecraft:gravel":32,"biomesoplenty:stringy_cobweb":2,"minecraft:cobweb":2,"divinerpg:realmite_ore_deepslate":5,"minecraft:gold_ore":2,"minecraft:fern":35,"minecraft:spruce_planks":14,"minecraft:spruce_trapdoor":6,"minecraft:grass_block":12,"iceandfire:dread_spawner":1,"regions_unexplored:small_oak_leaves":6,"minecraft:glowstone":1,"minecraft:iron_ore":47,"regions_unexplored:red_lupine":1,"biomesoplenty:hanging_cobweb_strand":1,"minecraft:chest":7,"iceandfire:ghost_chest":8,"regions_unexplored:small_desert_shrub":2,"minecraft:cobblestone":24,"minecraft:grindstone":3,"minecraft:oak_planks":12,"regions_unexplored:bamboo_log":1,"minecraft:wall_torch":16,"minecraft:pink_petals":47,"minecraft:seagrass":1,"minecraft:yellow_wool":1,"minecraft:tnt":126,"biomesoplenty:fir_log":604,"minecraft:oak_log":505,"minecraft:beetroots":16,"minecraft:sand":39,"minecraft:dirt":40,"minecraft:oak_leaves":94,"iceandfire:dread_stone_bricks":14,"regions_unexplored:barley":10,"minecraft:oak_door":1,"biomesoplenty:bush":5,"regions_unexplored:silver_birch_shrub":1,"minecraft:sandstone":13,"minecraft:large_fern":2,"minecraft:hay_block":101,"regions_unexplored:baobab_log":15,"minecraft:furnace":8,"minecraft:carrots":96,"biomesoplenty:toadstool":1,"regions_unexplored:white_magnolia_shrub":1,"iceandfire:dragon_bone_block":4,"minecraft:bell":2,"minecraft:deepslate_iron_ore":4,"crittersandcompanions:silk_cocoon":6,"minecraft:stripped_oak_log":2,"regions_unexplored:medium_grass":107,"biomesoplenty:spider_egg":1,"minecraft:stone":100,"minecraft:redstone_wall_torch":1,"minecraft:podzol":3,"regions_unexplored:silver_birch_leaf_pile":5,"minecraft:snow_block":95,"travelersbackpack:standard":12,"minecraft:spruce_door":2,"minecraft:oak_fence":1,"minecraft:crafting_table":3,"minecraft:rose_bush":1,"regions_unexplored:daisy":8,"minecraft:spruce_stairs":2,"minecraft:redstone_torch":1,"minecraft:sweet_berry_bush":15,"minecraft:white_wall_banner":3,"regions_unexplored:red_maple_leaf_pile":1,"minecraft:yellow_bed":3,"minecraft:coal_ore":104,"biomesoplenty:fir_leaves":55,"minecraft:cherry_leaves":5},"minecraft:crafted":{"naturalist:cooked_bass":2,"minecraft:cooked_mutton":6,"minecraft:glass":15,"minecraft:cooked_rabbit":1,"iceandfire:silver_axe":2,"minecraft:cooked_porkchop":13,"travelersbackpack:standard":1,"divinerpg:divine_planks":12,"divinerpg:realmite_pickaxe":1,"divinerpg:realmite_shovel":1,"minecraft:iron_pickaxe":3,"divinerpg:realmite_sword":2,"minecraft:gold_ingot":2,"minecraft:light_gray_dye":3,"divinerpg:realmite_boots":5,"minecraft:light_gray_wool":3,"divinerpg:realmite_chestplate":4,"minecraft:stone_pickaxe":1,"divinerpg:realmite_leggings":5,"minecraft:wheat":900,"mca:engagement_ring":1,"securitycraft:taser":1,"minecraft:oak_fence_gate":1,"minecraft:wooden_axe":1,"minecraft:oak_planks":420,"minecraft:stone":3,"minecraft:bow":1,"tombstone:grave_key":1,"minecraft:chest":14,"minecraft:oak_fence":96,"mca:matchmakers_ring":1,"minecraft:crafting_table":6,"minecraft:wooden_pickaxe":1,"minecraft:iron_helmet":1,"minecraft:baked_potato":19,"divinerpg:realmite_shield":3,"minecraft:book":1,"minecraft:paper":3,"minecraft:shield":1,"minecraft:stick":172,"minecraft:iron_ingot":165,"minecraft:snow_block":2,"minecraft:oak_door":3,"minecraft:leather_boots":1,"divinerpg:realmite_helmet":5,"minecraft:furnace":1,"minecraft:flint_and_steel":1,"divinerpg:realmite_ingot":103,"minecraft:iron_axe":2,"travelersbackpack:light_gray_sleeping_bag":1,"minecraft:cooked_beef":26,"iceandfire:silver_ingot":10,"travelersbackpack:backpack_tank":2,"minecraft:iron_sword":1,"divinerpg:realmite_axe":4,"minecraft:bucket":5,"minecraft:stone_axe":1,"minecraft:bread":325,"minecraft:air":0,"regions_unexplored:redwood_planks":4,"iceandfire:dragonbone":36,"alexsmobs:maraca":1,"justhammers:iron_hammer":1,"minecraft:stonecutter":1,"minecraft:torch":12,"mca:wedding_ring":1},"minecraft:picked_up":{"iceandfire:dread_stone_bricks":13,"minecraft:iron_chestplate":3,"minecraft:flower_pot":1,"minecraft:prismarine_shard":3,"securitycraft:taser":14,"regions_unexplored:silt_dirt":106,"minecraft:oak_stairs":16,"minecraft:wither_rose":7,"minecraft:enchanted_book":1,"iceandfire:manuscript":5,"minecraft:string":21,"minecraft:beetroot":6,"minecraft:gold_nugget":20,"minecraft:cobbled_deepslate":2,"minecraft:spruce_planks":2,"minecraft:coal_block":2,"minecraft:golden_helmet":1,"divinerpg:realmite_sword":6,"regions_unexplored:barrel_cactus":1,"iceandfire:dread_torch":8,"tombstone:bone_needle":1,"minecraft:cherry_log":29,"divinerpg:ice_shards":47,"minecraft:bamboo_block":97,"divinerpg:realmite_boots":11,"minecraft:stone_sword":1,"divinerpg:realmite_leggings":9,"minecraft:carved_pumpkin":97,"biomesoplenty:fir_slab":5,"minecraft:snowball":1074,"iceandfire:sapphire_gem":15,"minecraft:cooked_beef":7,"divinerpg:tomato":6,"minecraft:water_bucket":8,"minecraft:brown_wool":1,"regions_unexplored:white_magnolia_shrub":1,"regions_unexplored:silver_birch_shrub":1,"minecraft:smoker":1,"biomesoplenty:fir_sapling":12,"biomesoplenty:fir_log":722,"minecraft:flint":9,"divinerpg:realmite_chestplate":9,"biomemakeover:crude_fragment":2,"minecraft:rabbit":1,"minecraft:glowstone_dust":3,"divinerpg:realmite_shield":12,"regions_unexplored:bamboo_log":1,"divinerpg:realmite_pickaxe":6,"divinerpg:realmite_ingot":108,"iceandfire:dragon_skull_fire":9,"iceandfire:shiny_scales":8,"alexsmobs:animal_dictionary":2,"minecraft:bundle":3,"regions_unexplored:hyssop":12,"divinerpg:bloodgem":1,"minecraft:writable_book":1,"regions_unexplored:clover":6,"minecraft:granite":2,"alexsmobs:tarantula_hawk_wing_fragment":1,"minecraft:bread":202,"alexsmobs:maggot":2,"minecraft:jack_o_lantern":1,"minecraft:light_gray_carpet":3,"regions_unexplored:baobab_log":1,"iceandfire:raw_silver":15,"minecraft:crafting_table":3,"divinerpg:arlemite_shickaxe":1,"divinerpg:realmite_helmet":10,"minecraft:white_carpet":9,"iceandfire:ghost_ingot":1,"iceandfire:graveyard_soil":2,"minecraft:cracked_stone_bricks":1,"minecraft:beef":27,"iceandfire:dread_knight_sword":5,"iceandfire:dread_shard":19,"minecraft:iron_nugget":2,"minecraft:chest":8,"minecraft:egg":43,"minecraft:sandstone":12,"minecraft:oak_door":3,"divinerpg:terran_shards":26,"divinerpg:marsine_seeds":3,"regions_unexplored:green_bioshroom_stem":4,"iceandfire:armor_copper_metal_boots":10,"minecraft:carrot":246,"minecraft:redstone":1,"minecraft:prismarine_crystals":10,"iceandfire:dragon_skull_ice":20,"regions_unexplored:purple_coneflower":1,"minecraft:tnt":261,"regions_unexplored:mauve_sapling":6,"minecraft:beetroot_seeds":31,"minecraft:hay_block":101,"minecraft:gold_ingot":17,"minecraft:mutton":12,"minecraft:white_wool":25,"minecraft:stripped_oak_log":2,"regions_unexplored:eucalyptus_log":16,"minecraft:oak_log":672,"iceandfire:armor_copper_metal_helmet":10,"minecraft:white_banner":3,"minecraft:apple":14,"minecraft:stone_bricks":1,"iceandfire:troll_leather_frost":3,"minecraft:oak_fence_gate":1,"minecraft:cobweb":9,"minecraft:glass_bottle":1,"minecraft:iron_sword":5,"minecraft:sweet_berries":47,"minecraft:gravel":107,"minecraft:leather_helmet":2,"iceandfire:dragon_flute":1,"travelersbackpack:standard":21,"minecraft:stone_axe":1,"minecraft:purple_bed":3,"minecraft:slime_ball":20,"regions_unexplored:fireweed":4,"iceandfire:dragonforge_ice_input":4,"minecraft:baked_potato":1,"minecraft:ender_pearl":1,"minecraft:wheat":49,"alexsmobs:maraca":1,"minecraft:yellow_wool":1,"iceandfire:armor_copper_metal_chestplate":10,"tombstone:grave_key":4,"regions_unexplored:stripped_eucalyptus_log":1,"minecraft:raw_copper":4,"minecraft:armor_stand":13,"minecraft:iron_leggings":4,"biomesoplenty:fir_planks":44,"minecraft:bucket":4,"iceandfire:frost_lily":1,"minecraft:rose_bush":1,"minecraft:redstone_torch":2,"minecraft:iron_pickaxe":1,"divinerpg:divine_planks":1,"minecraft:furnace":8,"regions_unexplored:redwood_log":1,"minecraft:iron_boots":2,"minecraft:stick":127,"iceandfire:ghost_chest":8,"iceandfire:armor_copper_metal_leggings":10,"minecraft:oak_fence":6,"minecraft:torch":72,"minecraft:spruce_stairs":2,"minecraft:porkchop":16,"iceandfire:rotten_egg":2,"tombstone:grave_dust":33,"minecraft:diorite":2,"regions_unexplored:daisy":8,"regions_unexplored:barley":13,"minecraft:rotten_flesh":98,"regions_unexplored:mauve_log":38,"minecraft:obsidian":2,"minecraft:cobblestone":2753,"minecraft:pink_petals":102,"minecraft:leather_chestplate":1,"divinerpg:realmite_axe":13,"minecraft:andesite":33,"minecraft:potato":68,"minecraft:dirt":74,"minecraft:stripped_birch_log":1,"minecraft:name_tag":1,"minecraft:leather_boots":1,"minecraft:bone":57,"minecraft:bow":3,"minecraft:wheat_seeds":226,"minecraft:raw_gold":2,"minecraft:bell":2,"minecraft:grindstone":3,"minecraft:fletching_table":1,"minecraft:oak_planks":131,"biomesoplenty:toadstool":1,"justhammers:iron_hammer":2,"divinerpg:stripped_divine_log":9,"minecraft:sand":61,"divinerpg:arlemite_boots":2,"minecraft:shulker_box":13,"minecraft:mossy_cobblestone":11,"iceandfire:dragon_bone_block":8,"minecraft:yellow_carpet":7,"alexsmobs:rattlesnake_rattle":1,"minecraft:crossbow":2,"minecraft:emerald":8,"minecraft:oak_sapling":26,"divinerpg:realmite_shovel":4,"minecraft:charcoal":2,"minecraft:wooden_pickaxe":2,"minecraft:cooked_rabbit":1,"minecraft:chain":2,"regions_unexplored:red_maple_leaf_pile":4,"minecraft:shield":3,"iceandfire:silver_hoe":3,"minecraft:moss_carpet":3,"minecraft:iron_axe":3,"divinerpg:aqua_ball":2,"minecraft:light_gray_wool":3,"minecraft:sugar_cane":40,"minecraft:spruce_trapdoor":14,"crittersandcompanions:clam":1,"minecraft:raw_iron":170,"iceandfire:dragonbone":61,"regions_unexplored:silver_birch_leaf_pile":9,"regions_unexplored:baobab_shrub":1,"divinerpg:ice_stone":1,"alexsmobs:leafcutter_ant_pupa":3,"divinerpg:divine_fence":1,"divinerpg:white_mushroom":3,"iceandfire:silver_ingot":6,"minecraft:arrow":31,"divinerpg:raw_realmite":123,"crittersandcompanions:silk":20,"minecraft:skeleton_skull":7,"iceandfire:silver_axe":1,"minecraft:glow_ink_sac":4,"minecraft:leather":11,"regions_unexplored:red_lupine":1,"iceandfire:ectoplasm":16,"iceandfire:dread_stone_bricks_cracked":18,"minecraft:gunpowder":6,"minecraft:yellow_bed":8,"minecraft:cobblestone_wall":1,"minecraft:cobblestone_stairs":59,"regions_unexplored:small_oak_sapling":1,"naturalist:glow_goop":1,"naturalist:bass":2,"minecraft:rabbit_hide":8,"minecraft:iron_ingot":40,"regions_unexplored:yellow_lupine":2,"minecraft:pumpkin":35,"divinerpg:cyclops_eye_shards":17,"minecraft:dandelion":8,"minecraft:blast_furnace":2,"divinerpg:ender_shards":2,"minecraft:white_bed":3,"minecraft:spruce_door":1,"minecraft:green_carpet":7,"minecraft:spider_eye":14,"minecraft:chainmail_leggings":3,"minecraft:iron_helmet":5,"minecraft:cherry_sapling":3,"minecraft:coal":314,"regions_unexplored:small_oak_log":29,"minecraft:sunflower":1,"minecraft:wooden_axe":2},"minecraft:used":{"minecraft:beetroot":1,"iceandfire:dragon_skull_ice":12,"minecraft:chest":20,"minecraft:rotten_flesh":2,"regions_unexplored:red_lupine":1,"regions_unexplored:mauve_sapling":1,"naturalist:cooked_bass":2,"minecraft:snowball":3,"regions_unexplored:barley":1,"divinerpg:realmite_boots":2,"regions_unexplored:baobab_shrub":1,"iceandfire:ghost_chest":5,"regions_unexplored:silver_birch_leaf_pile":9,"minecraft:bow":1,"minecraft:furnace":9,"minecraft:sweet_berries":30,"minecraft:oak_sapling":9,"regions_unexplored:small_oak_sapling":1,"minecraft:egg":24,"minecraft:potato":62,"divinerpg:realmite_axe":985,"minecraft:diorite":2,"minecraft:spruce_door":1,"minecraft:wooden_pickaxe":16,"iceandfire:dread_stone_bricks":9,"minecraft:sand":23,"divinerpg:realmite_leggings":3,"minecraft:blast_furnace":2,"minecraft:carved_pumpkin":1,"minecraft:armor_stand":11,"minecraft:torch":30,"regions_unexplored:clover":6,"minecraft:yellow_carpet":3,"regions_unexplored:hyssop":1,"minecraft:iron_axe":44,"minecraft:beef":1,"tombstone:gift":8,"divinerpg:realmite_chestplate":3,"minecraft:wheat_seeds":39,"minecraft:water_bucket":59,"divinerpg:tomato":3,"minecraft:fletching_table":1,"minecraft:cracked_stone_bricks":2,"biomesoplenty:fir_slab":1,"minecraft:crafting_table":8,"minecraft:white_bed":2,"justhammers:iron_hammer":365,"minecraft:oak_log":92,"minecraft:iron_pickaxe":253,"divinerpg:realmite_shovel":147,"minecraft:spruce_trapdoor":3,"minecraft:green_carpet":3,"minecraft:purple_bed":2,"minecraft:cobblestone":187,"travelersbackpack:standard":18,"minecraft:cooked_porkchop":12,"biomesoplenty:fir_log":74,"minecraft:dandelion":3,"iceandfire:dread_stone_bricks_cracked":6,"regions_unexplored:silt_dirt":29,"minecraft:shield":167,"minecraft:iron_sword":35,"minecraft:mutton":4,"minecraft:carrot":258,"divinerpg:smoldering_tar_bucket":2,"biomesoplenty:fir_sapling":12,"minecraft:iron_helmet":1,"minecraft:stone_bricks":2,"minecraft:beetroot_seeds":4,"minecraft:stone_pickaxe":74,"minecraft:oak_planks":13,"minecraft:ender_pearl":1,"minecraft:sandstone":6,"minecraft:white_wool":6,"iceandfire:silver_axe":660,"minecraft:redstone_torch":1,"minecraft:bread":219,"regions_unexplored:bamboo_log":1,"tombstone:grave_key":6,"minecraft:gravel":52,"regions_unexplored:baobab_log":1,"iceandfire:dragon_skull_fire":7,"minecraft:grindstone":2,"minecraft:cooked_rabbit":1,"minecraft:andesite":16,"minecraft:oak_fence":3,"minecraft:rose_bush":1,"divinerpg:realmite_pickaxe":237,"minecraft:flint_and_steel":52,"minecraft:oak_door":7,"regions_unexplored:small_oak_log":4,"minecraft:dirt":30,"alexsmobs:maraca":33,"minecraft:spruce_stairs":1,"minecraft:shulker_box":10,"minecraft:granite":2,"minecraft:wooden_axe":10,"alexsmobs:maggot":2,"divinerpg:realmite_sword":551,"minecraft:cooked_beef":29,"divinerpg:realmite_helmet":4,"minecraft:powder_snow_bucket":6,"minecraft:pumpkin":1,"minecraft:iron_leggings":1,"minecraft:cooked_mutton":6,"minecraft:snow_block":2,"minecraft:baked_potato":19,"divinerpg:realmite_shield":127,"iceandfire:dread_knight_sword":262,"minecraft:stonecutter":1,"minecraft:painting":1,"minecraft:flower_pot":1,"minecraft:apple":3,"biomesoplenty:toadstool":1,"minecraft:stone_axe":106,"minecraft:white_banner":2,"minecraft:bucket":78,"minecraft:yellow_bed":7,"alexsmobs:animal_dictionary":2},"minecraft:custom":{"minecraft:interact_with_crafting_table":106,"minecraft:open_barrel":11,"minecraft:bell_ring":1,"minecraft:leave_game":25,"minecraft:time_since_death":423,"minecraft:damage_blocked_by_shield":2147483647,"minecraft:play_time":1142726,"minecraft:deaths":156,"tombstone:tomb_raiding":3,"minecraft:jump":32257,"minecraft:interact_with_furnace":100,"minecraft:sleep_in_bed":47,"tombstone:sneak_grave":11,"minecraft:damage_dealt":64765,"tombstone:undead_killed":101,"minecraft:interact_with_smoker":1,"minecraft:horse_one_cm":2989,"minecraft:sneak_time":5144,"minecraft:interact_with_blast_furnace":18,"minecraft:total_world_time":1142726,"tombstone:raider_killed":6,"minecraft:interact_with_stonecutter":4,"minecraft:time_since_rest":241,"minecraft:swim_one_cm":870530,"minecraft:fly_one_cm":8021154,"minecraft:open_chest":782,"minecraft:fall_one_cm":979721,"minecraft:open_shulker_box":34,"minecraft:sprint_one_cm":3947132,"minecraft:drop":377,"minecraft:walk_on_water_one_cm":174927,"minecraft:player_kills":13,"minecraft:crouch_one_cm":8556,"tombstone:villager_killed":3,"minecraft:mob_kills":224,"minecraft:interact_with_campfire":4,"minecraft:climb_one_cm":7766,"minecraft:walk_one_cm":2511744,"minecraft:walk_under_water_one_cm":147784,"minecraft:pot_flower":1,"minecraft:interact_with_grindstone":5,"minecraft:damage_taken":2147483647,"minecraft:trigger_trapped_chest":2},"minecraft:broken":{"divinerpg:realmite_sword":1,"minecraft:leather_helmet":1,"divinerpg:realmite_chestplate":3,"minecraft:iron_pickaxe":1,"iceandfire:silver_axe":1,"divinerpg:realmite_axe":2,"divinerpg:realmite_leggings":3,"minecraft:stone_axe":1,"divinerpg:realmite_boots":2,"divinerpg:realmite_helmet":4},"minecraft:dropped":{"biomesoplenty:fir_log":3,"minecraft:iron_sword":4,"minecraft:porkchop":6,"crittersandcompanions:clam":1,"minecraft:crossbow":1,"iceandfire:ectoplasm":5,"minecraft:leather_helmet":1,"minecraft:dirt":27,"minecraft:sand":11,"minecraft:iron_pickaxe":3,"minecraft:white_wool":34,"minecraft:bone":43,"minecraft:stone_axe":1,"minecraft:sugar_cane":16,"minecraft:obsidian":3,"minecraft:rotten_flesh":47,"minecraft:oak_planks":37,"regions_unexplored:redwood_planks":4,"regions_unexplored:red_lupine":2,"minecraft:charcoal":2,"minecraft:egg":1,"minecraft:iron_ingot":77,"minecraft:wheat_seeds":112,"divinerpg:cyclops_eye_shards":1,"minecraft:oak_fence":7,"minecraft:iron_helmet":4,"minecraft:cobblestone":547,"naturalist:glow_goop":6,"minecraft:yellow_carpet":6,"regions_unexplored:daisy":1,"regions_unexplored:small_oak_log":1,"minecraft:wooden_axe":3,"regions_unexplored:barley":243,"minecraft:stripped_birch_log":1,"minecraft:oak_stairs":13,"minecraft:pumpkin":1,"minecraft:chainmail_leggings":2,"minecraft:string":7,"minecraft:moss_carpet":1,"minecraft:iron_boots":2,"crittersandcompanions:silk":8,"minecraft:hay_block":4,"minecraft:spruce_planks":1,"divinerpg:divine_planks":4,"minecraft:yellow_bed":1,"minecraft:spider_eye":7,"minecraft:sandstone":6,"divinerpg:realmite_boots":1,"minecraft:bow":2,"regions_unexplored:silt_dirt":79,"minecraft:cooked_rabbit":2,"minecraft:oak_log":2,"minecraft:baked_potato":1,"minecraft:leather":5,"travelersbackpack:standard":6,"minecraft:cobblestone_stairs":6,"minecraft:flint":2,"regions_unexplored:red_maple_leaf_pile":1,"minecraft:snowball":6,"iceandfire:silver_hoe":4,"minecraft:gravel":7,"divinerpg:realmite_helmet":1,"securitycraft:taser":6,"minecraft:cooked_mutton":3,"divinerpg:terran_shards":7,"minecraft:carrot":32,"iceandfire:armor_silver_metal_boots":1,"minecraft:gunpowder":4,"minecraft:beetroot_seeds":6,"minecraft:arrow":43,"minecraft:water_bucket":3,"minecraft:bread":61,"regions_unexplored:yellow_lupine":4,"biomesoplenty:fir_slab":2,"iceandfire:dragon_flute":1,"alexsmobs:maraca":1,"minecraft:stick":22,"minecraft:torch":108,"tombstone:grave_key":7,"tombstone:grave_dust":1,"minecraft:iron_leggings":5,"minecraft:green_carpet":2,"minecraft:iron_axe":2,"regions_unexplored:poppy_bush":8,"minecraft:bucket":3,"divinerpg:arlemite_boots":1,"minecraft:sweet_berries":2,"alexsmobs:maggot":1,"minecraft:raw_copper":4,"minecraft:shulker_box":3,"minecraft:shield":5,"minecraft:iron_chestplate":4,"minecraft:andesite":3,"minecraft:purple_bed":1,"minecraft:oak_sapling":1,"minecraft:slime_ball":1,"minecraft:stone_pickaxe":1,"minecraft:wooden_pickaxe":3},"minecraft:killed_by":{"divinerpg:jungle_spider":1,"divinerpg:miner":1,"minecraft:zombie":3,"alexsmobs:grizzly_bear":1,"divinerpg:arid_warrior":1,"divinerpg:glacon":4,"iceandfire:ghost":7,"minecraft:creeper":3,"divinerpg:cave_crawler":2,"divinerpg:kobblin":9,"iceandfire:dread_ghoul":16,"divinerpg:caveclops":1,"iceandfire:ice_dragon":1,"iceandfire:fire_dragon":2,"minecraft:player":60,"iceandfire:dread_scuttler":6,"minecraft:enderman":1,"iceandfire:dread_knight":3,"iceandfire:gorgon":3,"minecraft:skeleton":5,"divinerpg:pumpkin_spider":4},"minecraft:killed":{"alexsmobs:lobster":1,"minecraft:cave_spider":3,"divinerpg:cave_crawler":2,"minecraft:skeleton":12,"alexsmobs:leafcutter_ant":4,"iceandfire:dread_scuttler":6,"naturalist:firefly":1,"minecraft:pillager":2,"minecraft:zombie":41,"mca:male_villager":1,"iceandfire:dread_ghoul":14,"minecraft:cow":15,"mca:female_zombie_villager":1,"mca:male_zombie_villager":1,"divinerpg:cyclops":22,"divinerpg:glacon":5,"iceandfire:dread_knight":9,"iceandfire:siren":2,"divinerpg:kobblin":8,"minecraft:snow_golem":1,"alexsmobs:guster":3,"endermanoverhaul:snowy_enderman":1,"minecraft:rabbit":1,"divinerpg:pumpkin_spider":6,"divinerpg:miner":6,"alexsmobs:crocodile":1,"iceandfire:ghost":9,"mca:female_villager":1,"minecraft:spider":5,"minecraft:pig":4,"minecraft:creeper":1,"minecraft:sheep":8,"alexsmobs:fly":3,"alexsmobs:tarantula_hawk":1,"alexsmobs:rattlesnake":2,"iceandfire:dread_thrall":7,"naturalist:bass":2,"minecraft:drowned":1,"alexsmobs:cockroach":1,"divinerpg:frost":4,"minecraft:villager":1}},"DataVersion":3465}