{"stats":{"minecraft:mined":{"iceandfire:silver_ore":9,"regions_unexplored:barley":8,"biomesoplenty:desert_grass":1,"divinerpg:realmite_ore":96,"minecraft:granite":2,"minecraft:grass_block":2,"minecraft:large_fern":1,"minecraft:hay_block":17,"minecraft:tall_seagrass":1,"minecraft:furnace":7,"minecraft:carrots":6,"minecraft:iron_ore":41,"minecraft:cobbled_deepslate":2,"minecraft:andesite":17,"minecraft:fletching_table":1,"minecraft:dirt_path":1,"minecraft:potted_dandelion":1,"minecraft:vine":1,"crittersandcompanions:silk_cocoon":1,"regions_unexplored:medium_grass":18,"regions_unexplored:small_oak_log":9,"minecraft:stone":84,"regions_unexplored:silt_grass_block":25,"regions_unexplored:windswept_grass":4,"minecraft:podzol":3,"minecraft:spruce_door":1,"minecraft:dandelion":3,"minecraft:oak_fence":1,"minecraft:crafting_table":3,"minecraft:torch":2,"minecraft:blast_furnace":2,"regions_unexplored:small_desert_shrub":1,"minecraft:chest":1,"iceandfire:ghost_chest":1,"minecraft:dead_bush":1,"minecraft:tall_grass":37,"minecraft:cobblestone":6,"regions_unexplored:mauve_log":12,"minecraft:grindstone":1,"regions_unexplored:daisy":4,"minecraft:diorite":2,"minecraft:wall_torch":7,"minecraft:skeleton_skull":2,"regions_unexplored:hyssop":11,"minecraft:wheat":12,"minecraft:yellow_bed":2,"minecraft:wither_rose":3,"regions_unexplored:sandy_grass":1,"minecraft:grass":33,"minecraft:oak_log":41,"minecraft:coal_ore":74,"minecraft:beetroots":1,"minecraft:sand":7,"minecraft:dirt":1,"minecraft:cobweb":2,"minecraft:gold_ore":2,"minecraft:oak_leaves":2,"regions_unexplored:fireweed":4},"minecraft:killed_by":{"minecraft:player":5,"divinerpg:kobblin":4,"iceandfire:gorgon":2,"iceandfire:ghost":4,"iceandfire:fire_dragon":1},"minecraft:used":{"minecraft:beetroot":1,"minecraft:oak_fence":1,"divinerpg:realmite_pickaxe":12,"minecraft:armor_stand":2,"minecraft:chest":5,"minecraft:shield":111,"regions_unexplored:small_oak_log":1,"minecraft:torch":10,"minecraft:dirt":6,"minecraft:mutton":3,"minecraft:carrot":14,"regions_unexplored:mauve_sapling":1,"minecraft:granite":2,"minecraft:wooden_axe":10,"minecraft:iron_axe":26,"iceandfire:ghost_chest":1,"divinerpg:realmite_sword":103,"minecraft:beef":1,"minecraft:oak_sapling":4,"minecraft:furnace":8,"minecraft:beetroot_seeds":4,"tombstone:gift":4,"regions_unexplored:small_oak_sapling":1,"minecraft:wheat_seeds":21,"minecraft:diorite":2,"minecraft:spruce_door":1,"minecraft:stone_pickaxe":74,"minecraft:wooden_pickaxe":16,"minecraft:fletching_table":1,"minecraft:sand":3,"minecraft:crafting_table":6,"minecraft:blast_furnace":2,"minecraft:painting":1,"justhammers:iron_hammer":2,"minecraft:oak_log":10,"minecraft:flower_pot":1,"minecraft:apple":3,"minecraft:iron_pickaxe":252,"minecraft:bread":47,"minecraft:stone_axe":106,"minecraft:cobblestone":69,"minecraft:grindstone":1,"minecraft:andesite":16,"minecraft:yellow_bed":1,"minecraft:dandelion":3,"regions_unexplored:silt_dirt":25},"minecraft:crafted":{"minecraft:oak_planks":120,"divinerpg:realmite_boots":1,"divinerpg:realmite_helmet":1,"minecraft:furnace":1,"divinerpg:realmite_chestplate":1,"minecraft:iron_axe":1,"divinerpg:realmite_ingot":58,"minecraft:stone_pickaxe":1,"minecraft:chest":4,"divinerpg:realmite_leggings":1,"minecraft:wheat":144,"iceandfire:silver_ingot":8,"minecraft:crafting_table":4,"minecraft:wooden_pickaxe":1,"minecraft:iron_helmet":1,"minecraft:stone_axe":1,"divinerpg:realmite_pickaxe":1,"minecraft:bread":59,"minecraft:air":0,"justhammers:iron_hammer":1,"minecraft:shield":1,"minecraft:stick":20,"minecraft:iron_ingot":41,"minecraft:iron_pickaxe":1,"divinerpg:realmite_sword":1,"minecraft:wooden_axe":1},"minecraft:custom":{"minecraft:mob_kills":31,"minecraft:interact_with_crafting_table":30,"minecraft:open_barrel":5,"minecraft:bell_ring":1,"minecraft:leave_game":1,"minecraft:time_since_death":5037,"minecraft:climb_one_cm":2559,"minecraft:sprint_one_cm":604574,"minecraft:walk_one_cm":402813,"minecraft:damage_blocked_by_shield":2147483647,"minecraft:drop":51,"minecraft:play_time":183827,"minecraft:deaths":17,"minecraft:sneak_time":791,"minecraft:walk_under_water_one_cm":16990,"minecraft:jump":4572,"minecraft:interact_with_blast_furnace":13,"minecraft:walk_on_water_one_cm":26570,"minecraft:total_world_time":183827,"minecraft:interact_with_furnace":22,"minecraft:pot_flower":1,"minecraft:interact_with_grindstone":1,"minecraft:sleep_in_bed":10,"minecraft:time_since_rest":3550,"minecraft:damage_taken":2147483647,"minecraft:trigger_trapped_chest":1,"minecraft:damage_dealt":7225,"minecraft:swim_one_cm":87914,"minecraft:fly_one_cm":1249784,"minecraft:open_chest":47,"minecraft:crouch_one_cm":2220,"tombstone:undead_killed":19,"minecraft:interact_with_smoker":1,"minecraft:fall_one_cm":139315},"minecraft:killed":{"alexsmobs:rattlesnake":1,"minecraft:skeleton":3,"divinerpg:kobblin":2,"minecraft:sheep":5,"divinerpg:miner":1,"alexsmobs:cockroach":1,"alexsmobs:crocodile":1,"minecraft:zombie":11,"iceandfire:ghost":4,"minecraft:cow":2},"minecraft:picked_up":{"regions_unexplored:small_oak_log":10,"minecraft:crafting_table":3,"minecraft:wheat":11,"minecraft:flower_pot":1,"minecraft:wooden_pickaxe":2,"regions_unexplored:silt_dirt":25,"minecraft:wither_rose":3,"minecraft:shield":1,"minecraft:string":4,"divinerpg:realmite_helmet":2,"minecraft:iron_axe":1,"minecraft:armor_stand":2,"minecraft:beetroot":1,"minecraft:beef":1,"minecraft:chest":1,"divinerpg:divine_planks":1,"minecraft:golden_helmet":1,"minecraft:furnace":7,"iceandfire:ghost_chest":1,"minecraft:raw_iron":41,"minecraft:stick":14,"divinerpg:realmite_sword":1,"minecraft:oak_fence":1,"minecraft:torch":10,"divinerpg:terran_shards":2,"tombstone:grave_dust":3,"minecraft:diorite":2,"minecraft:carrot":11,"regions_unexplored:daisy":4,"divinerpg:divine_fence":1,"regions_unexplored:barley":11,"divinerpg:realmite_leggings":2,"divinerpg:realmite_boots":2,"iceandfire:silver_ingot":3,"minecraft:arrow":2,"minecraft:rotten_flesh":31,"regions_unexplored:mauve_sapling":6,"minecraft:beetroot_seeds":4,"regions_unexplored:mauve_log":12,"crittersandcompanions:silk":3,"divinerpg:raw_realmite":115,"minecraft:hay_block":18,"minecraft:mutton":8,"minecraft:cobblestone":93,"minecraft:skeleton_skull":3,"minecraft:white_wool":5,"minecraft:andesite":18,"minecraft:oak_log":44,"iceandfire:ectoplasm":7,"minecraft:yellow_bed":2,"divinerpg:realmite_chestplate":2,"minecraft:dirt":9,"regions_unexplored:small_oak_sapling":1,"minecraft:bone":11,"minecraft:apple":10,"minecraft:wheat_seeds":48,"minecraft:raw_gold":2,"minecraft:grindstone":1,"minecraft:iron_ingot":11,"minecraft:fletching_table":1,"minecraft:oak_planks":52,"divinerpg:realmite_pickaxe":1,"divinerpg:realmite_ingot":38,"justhammers:iron_hammer":1,"minecraft:dandelion":4,"divinerpg:stripped_divine_log":6,"minecraft:sand":10,"minecraft:blast_furnace":2,"minecraft:spruce_door":1,"minecraft:leather_helmet":1,"alexsmobs:animal_dictionary":2,"regions_unexplored:hyssop":11,"minecraft:slime_ball":1,"regions_unexplored:fireweed":4,"minecraft:stone_axe":1,"minecraft:granite":2,"minecraft:bread":29,"minecraft:oak_sapling":4,"minecraft:coal":107,"iceandfire:raw_silver":10,"minecraft:wooden_axe":2},"minecraft:dropped":{"minecraft:bread":4,"minecraft:wheat_seeds":3,"minecraft:cobblestone":1,"iceandfire:ectoplasm":1,"minecraft:stick":1,"minecraft:dirt":2,"regions_unexplored:small_oak_log":1,"tombstone:grave_key":1,"minecraft:wooden_axe":3,"regions_unexplored:barley":11,"minecraft:string":4,"minecraft:bone":6,"minecraft:stone_axe":1,"minecraft:rotten_flesh":17,"minecraft:oak_planks":2,"crittersandcompanions:silk":3,"minecraft:hay_block":4,"minecraft:andesite":2,"divinerpg:divine_planks":4,"minecraft:slime_ball":1,"minecraft:stone_pickaxe":1,"minecraft:wooden_pickaxe":3},"minecraft:broken":{"divinerpg:realmite_boots":1,"divinerpg:realmite_leggings":1,"divinerpg:realmite_chestplate":1,"minecraft:stone_axe":1,"minecraft:iron_pickaxe":1,"divinerpg:realmite_helmet":1}},"DataVersion":3465}