{"stats":{"minecraft:crafted":{"naturalist:cooked_bass":2,"divinerpg:shadow_bar":4,"minecraft:acacia_slab":48,"divinerpg:frost_sword":1,"divinerpg:realmite_pickaxe":1,"minecraft:iron_pickaxe":4,"divinerpg:realmite_sword":2,"divinerpg:realmite_boots":5,"minecraft:light_gray_wool":3,"minecraft:spruce_fence":3,"minecraft:stone_pickaxe":1,"minecraft:oak_fence_gate":3,"minecraft:iron_shovel":1,"divinerpg:arlemite_ingot":46,"minecraft:cobblestone_slab":12,"minecraft:cooked_chicken":26,"minecraft:stone":2398,"minecraft:bow":1,"biomesoplenty:hellbark_sapling":4,"minecraft:chest":63,"minecraft:oak_fence":96,"divinerpg:ice_stone":9,"minecraft:iron_helmet":6,"divinerpg:realmite_shield":3,"minecraft:spruce_trapdoor":2,"minecraft:stick":260,"minecraft:iron_ingot":513,"minecraft:oak_door":3,"minecraft:leather_boots":5,"divinerpg:realmite_helmet":6,"minecraft:furnace":11,"minecraft:blast_furnace":2,"minecraft:flint_and_steel":1,"divinerpg:realmite_ingot":230,"iceandfire:silver_ingot":35,"travelersbackpack:backpack_tank":2,"minecraft:iron_sword":3,"alexsmobs:maraca":1,"iceandfire:dragonbone":36,"minecraft:stonecutter":1,"mca:deepslate_slanted_headstone":1,"minecraft:torch":284,"minecraft:smooth_stone":6,"divinerpg:tomato_seeds":6,"minecraft:birch_slab":12,"minecraft:cooked_mutton":12,"minecraft:glass":15,"biomesoplenty:reed":7,"minecraft:cooked_rabbit":1,"iceandfire:silver_axe":4,"minecraft:deepslate":12,"minecraft:emerald":4,"minecraft:cooked_porkchop":363,"travelersbackpack:standard":1,"minecraft:spruce_door":6,"divinerpg:divine_planks":12,"minecraft:copper_ingot":2,"biomesoplenty:waterlily":8,"divinerpg:realmite_shovel":1,"minecraft:gold_ingot":71,"minecraft:light_gray_dye":3,"mca:bouquet":1,"divinerpg:realmite_chestplate":4,"minecraft:spruce_slab":72,"divinerpg:realmite_leggings":5,"minecraft:dark_oak_planks":16,"minecraft:wheat":1082,"mca:engagement_ring":1,"securitycraft:taser":1,"minecraft:glowstone":16,"minecraft:wooden_axe":2,"minecraft:iron_leggings":5,"iceandfire:silver_pickaxe":1,"alexsmobs:cockroach_wing":8,"minecraft:oak_planks":832,"minecraft:iron_boots":5,"regions_unexplored:brimwood_planks":12,"tombstone:grave_key":2,"mca:matchmakers_ring":1,"minecraft:crafting_table":14,"minecraft:spruce_planks":108,"minecraft:wooden_pickaxe":4,"minecraft:baked_potato":83,"minecraft:pumpkin_seeds":8,"biomesoplenty:fir_planks":24,"minecraft:dark_oak_slab":6,"minecraft:iron_chestplate":5,"minecraft:book":1,"minecraft:paper":3,"minecraft:shield":5,"minecraft:snow_block":2,"minecraft:shears":9,"minecraft:iron_axe":11,"minecraft:iron_hoe":1,"travelersbackpack:light_gray_sleeping_bag":1,"divinerpg:frost_cannon":1,"minecraft:cooked_beef":55,"divinerpg:rupee_ingot":19,"divinerpg:realmite_axe":4,"minecraft:bucket":11,"minecraft:stone_axe":1,"minecraft:bread":391,"minecraft:air":0,"regions_unexplored:redwood_planks":4,"justhammers:iron_hammer":26,"minecraft:acacia_planks":104,"mca:wedding_ring":1},"minecraft:dropped":{"biomesoplenty:fir_log":22,"minecraft:iron_sword":5,"minecraft:porkchop":11,"minecraft:diamond":1,"minecraft:cooked_porkchop":42,"minecraft:warped_roots":4,"iceandfire:ectoplasm":5,"minecraft:cracked_stone_bricks":2,"minecraft:emerald":22,"minecraft:red_bed":1,"iceandfire:dread_stone_bricks":5,"minecraft:gold_nugget":1,"minecraft:sand":11,"minecraft:dark_oak_planks":6,"divinerpg:realmite_ingot":9,"minecraft:white_wool":44,"biomesoplenty:toadstool":4,"minecraft:stone_axe":1,"minecraft:cooked_chicken":6,"minecraft:cobbled_deepslate":4588,"minecraft:black_carpet":1,"minecraft:wheat":22,"minecraft:netherite_sword":2,"minecraft:obsidian":3,"minecraft:rotten_flesh":168,"minecraft:oak_planks":57,"minecraft:glowstone_dust":1,"regions_unexplored:oak_shrub":1,"minecraft:azure_bluet":1,"minecraft:leather_boots":1,"minecraft:leather_leggings":1,"minecraft:beef":3,"divinerpg:white_mushroom":3,"divinerpg:cyclops_eye_shards":10,"minecraft:wheat_seeds":317,"divinerpg:ice_shards":39,"minecraft:book":4,"naturalist:glow_goop":6,"minecraft:yellow_carpet":6,"aether:holystone_pickaxe":1,"minecraft:gray_wool":3,"minecraft:wooden_axe":4,"regions_unexplored:barley":243,"travelersbackpack:blaze":1,"minecraft:stripped_birch_log":1,"minecraft:oak_stairs":13,"minecraft:pumpkin":2,"minecraft:chainmail_leggings":2,"minecraft:acacia_planks":3,"minecraft:experience_bottle":2,"minecraft:white_carpet":10,"minecraft:iron_boots":4,"minecraft:oak_sign":1,"minecraft:shears":4,"iceandfire:dragon_ice":9,"minecraft:diamond_sword":1,"minecraft:flower_pot":1,"minecraft:bundle":1,"minecraft:peony":3,"minecraft:spruce_trapdoor":4,"minecraft:spruce_planks":26,"minecraft:redstone_torch":1,"minecraft:stone_bricks":5,"minecraft:bamboo":216,"minecraft:sandstone":6,"minecraft:bow":3,"minecraft:cooked_rabbit":2,"regions_unexplored:blue_lupine":3,"friendsandfoes:waxed_oxidized_copper_button":2,"minecraft:soul_sand":18,"minecraft:oak_log":14,"iceandfire:silver_axe":1,"divinerpg:realmite_shield":1,"iceandfire:ice_dragon_flesh":2,"minecraft:leather":6,"minecraft:iron_horse_armor":4,"iceandfire:dread_stone_bricks_cracked":2,"travelersbackpack:standard":6,"minecraft:birch_slab":2,"biomesoplenty:fir_sapling":3,"minecraft:cobblestone_stairs":13,"minecraft:dark_oak_wood":4,"minecraft:mutton":4,"minecraft:snowball":212,"iceandfire:silver_hoe":4,"biomesoplenty:bramble":15,"divinerpg:realmite_helmet":1,"securitycraft:taser":6,"minecraft:cooked_mutton":32,"regions_unexplored:mycotoxic_grass":3,"alexsmobs:kangaroo_hide":5,"travelersbackpack:gold_tier_upgrade":1,"justhammers:stone_hammer":3,"minecraft:beetroot_seeds":6,"iceandfire:dread_knight_sword":1,"minecraft:iron_bars":3,"minecraft:bread":93,"minecraft:lilac":1,"minecraft:spruce_stairs":2,"biomesoplenty:fir_slab":4,"iceandfire:dragon_flute":1,"alexsmobs:maraca":1,"tombstone:grave_key":13,"minecraft:melon_slice":12,"regions_unexplored:poppy_bush":8,"regions_unexplored:spruce_shrub":1,"divinerpg:arlemite_boots":1,"minecraft:polished_deepslate":1,"minecraft:sweet_berries":50,"minecraft:shulker_box":3,"iceandfire:chared_cobblestone":4,"minecraft:andesite":209,"minecraft:oak_sapling":3,"minecraft:spruce_log":1,"minecraft:wooden_pickaxe":5,"minecraft:light_blue_terracotta":1,"iceandfire:raw_silver":1,"crittersandcompanions:clam":1,"minecraft:crossbow":1,"minecraft:saddle":1,"divinerpg:aquatic_pellets":1,"minecraft:rail":4,"minecraft:leather_helmet":3,"minecraft:dirt":161,"minecraft:grass":965,"minecraft:bone_block":2,"minecraft:iron_pickaxe":7,"minecraft:cyan_carpet":106,"minecraft:bone":103,"minecraft:sugar_cane":16,"minecraft:light_gray_carpet":3,"regions_unexplored:redwood_planks":4,"justhammers:iron_hammer":26,"iceandfire:sapphire_gem":1,"regions_unexplored:red_lupine":2,"minecraft:charcoal":2,"biomesoplenty:wildflower":1,"minecraft:spruce_slab":1,"minecraft:egg":18,"minecraft:enchanted_book":1,"minecraft:iron_ingot":82,"minecraft:feather":8,"minecraft:oak_fence":11,"minecraft:iron_helmet":8,"minecraft:yellow_terracotta":2,"minecraft:cobblestone":3747,"minecraft:granite":126,"minecraft:spruce_door":1,"minecraft:coal":22,"regions_unexplored:daisy":7,"minecraft:polished_andesite":1,"regions_unexplored:small_oak_log":1,"minecraft:golden_carrot":3,"divinerpg:realmite_pickaxe":2,"minecraft:iron_shovel":1,"minecraft:string":79,"minecraft:moss_carpet":1,"regions_unexplored:bamboo_log":2,"minecraft:cobblestone_wall":4,"divinerpg:inferno_sword":1,"minecraft:spruce_fence":2,"minecraft:pumpkin_seeds":13,"crittersandcompanions:silk":8,"minecraft:cobblestone_slab":8,"minecraft:potato":2,"minecraft:hay_block":4,"minecraft:stone":118,"divinerpg:divine_planks":4,"iceandfire:silver_ingot":1,"minecraft:yellow_bed":1,"minecraft:wooden_shovel":2,"minecraft:spider_eye":13,"divinerpg:realmite_boots":1,"iceandfire:dragonbone_sword_lightning":2,"regions_unexplored:silt_dirt":79,"minecraft:dark_prismarine":2,"regions_unexplored:cobalt_roots":2,"minecraft:baked_potato":1,"divinerpg:raw_realmite":3,"minecraft:lantern":1,"minecraft:flint":9,"regions_unexplored:red_maple_leaf_pile":1,"minecraft:cornflower":1,"iceandfire:chared_gravel":1,"minecraft:birch_log":1,"regions_unexplored:felicia_daisy":9,"iceandfire:dread_shard":1,"minecraft:gravel":65,"minecraft:blackstone":10,"minecraft:beehive":1,"divinerpg:terran_shards":17,"minecraft:carrot":51,"minecraft:poppy":1,"minecraft:oak_fence_gate":1,"iceandfire:armor_silver_metal_boots":1,"minecraft:gunpowder":4,"minecraft:chest":1,"minecraft:arrow":62,"minecraft:netherrack":2,"minecraft:water_bucket":3,"minecraft:mossy_cobblestone":59,"regions_unexplored:yellow_lupine":4,"minecraft:stick":31,"biomesoplenty:orange_sand":43,"minecraft:diorite":331,"minecraft:torch":296,"minecraft:smooth_quartz":26,"minecraft:brown_wool":1,"minecraft:green_carpet":2,"tombstone:grave_dust":18,"travelersbackpack:enderman":1,"minecraft:iron_leggings":8,"biomesoplenty:stripped_fir_log":1,"minecraft:iron_axe":10,"minecraft:bucket":3,"minecraft:redstone":3,"minecraft:anvil":64,"alexsmobs:maggot":1,"divinerpg:aqua_ball":13,"minecraft:raw_copper":55,"minecraft:tuff":378,"iceandfire:witherbone":4,"minecraft:wither_skeleton_skull":2,"minecraft:light_gray_wool":9,"minecraft:shield":5,"aether:iron_gloves":1,"minecraft:iron_chestplate":7,"minecraft:mossy_stone_bricks":6,"minecraft:purple_bed":1,"minecraft:slime_ball":26,"minecraft:stone_pickaxe":1,"minecraft:raw_gold":1,"minecraft:calcite":4},"minecraft:killed":{"friendsandfoes:glare":1,"alexsmobs:leafcutter_ant":5,"iceandfire:dread_scuttler":6,"aether:sheepuff":1,"minecraft:pillager":16,"minecraft:goat":1,"minecraft:zombie":118,"mca:male_villager":2,"iceandfire:dread_ghoul":14,"iceandfire:sea_serpent":1,"divinerpg:jungle_dramcryx":1,"mca:female_zombie_villager":1,"mca:male_zombie_villager":2,"divinerpg:cyclops":34,"aether:mimic":6,"minecraft:vindicator":3,"divinerpg:glacon":27,"iceandfire:siren":3,"minecraft:snow_golem":1,"minecraft:husk":10,"divinerpg:arid_warrior":1,"minecraft:rabbit":1,"divinerpg:pumpkin_spider":17,"alexsmobs:crocodile":1,"iceandfire:ghost":11,"mca:female_villager":1,"divinerpg:caveclops":1,"minecraft:spider":17,"naturalist:snail":1,"minecraft:silverfish":7,"minecraft:piglin":1,"aether:phyg":2,"aether:aechor_plant":2,"minecraft:sheep":27,"minecraft:trader_llama":2,"divinerpg:aequorea":3,"minecraft:drowned":1,"minecraft:hoglin":34,"alexsmobs:cockroach":63,"minecraft:wither_skeleton":62,"minecraft:villager":1,"minecraft:cave_spider":10,"alexsmobs:lobster":1,"divinerpg:cave_crawler":10,"divinerpg:the_eye":2,"minecraft:skeleton":57,"minecraft:chicken":22,"minecraft:magma_cube":7,"naturalist:firefly":2,"naturalist:snake":1,"divinerpg:the_grue":3,"minecraft:cow":21,"naturalist:tortoise":1,"naturalist:deer":1,"iceandfire:dread_knight":9,"divinerpg:rotatick":1,"divinerpg:kobblin":28,"divinerpg:ender_spider":1,"friendsandfoes:copper_golem":1,"alexsmobs:guster":3,"endermanoverhaul:snowy_enderman":2,"minecraft:wandering_trader":2,"divinerpg:miner":25,"divinerpg:jungle_spider":1,"minecraft:enderman":5,"alexsmobs:banana_slug":16,"alexsmobs:kangaroo":1,"minecraft:pig":12,"minecraft:creeper":10,"divinerpg:desert_crawler":3,"alexsmobs:fly":4,"minecraft:blaze":27,"alexsmobs:tarantula_hawk":1,"divinerpg:saguaro_worm":1,"alexsmobs:rattlesnake":2,"minecraft:phantom":2,"iceandfire:dread_thrall":7,"iceandfire:fire_dragon":1,"naturalist:bass":2,"naturalist:butterfly":2,"aether:flying_cow":2,"divinerpg:frost":28},"minecraft:broken":{"aether:golden_gloves":1,"minecraft:iron_leggings":1,"divinerpg:realmite_sword":1,"minecraft:leather_helmet":1,"minecraft:wooden_pickaxe":1,"minecraft:shield":3,"iceandfire:armor_copper_metal_leggings":1,"divinerpg:realmite_chestplate":3,"minecraft:iron_pickaxe":1,"alexsmobs:sombrero":1,"minecraft:netherite_boots":1,"divinerpg:realmite_leggings":4,"divinerpg:realmite_pickaxe":1,"minecraft:stone_axe":1,"minecraft:iron_boots":2,"minecraft:iron_chestplate":2,"minecraft:iron_axe":1,"minecraft:iron_helmet":6,"iceandfire:silver_axe":2,"divinerpg:realmite_axe":2,"divinerpg:realmite_shield":1,"divinerpg:realmite_boots":2,"minecraft:leather_boots":1,"divinerpg:realmite_helmet":5},"minecraft:killed_by":{"divinerpg:miner":3,"minecraft:zombie":4,"divinerpg:ender_spider":2,"iceandfire:cyclops":4,"divinerpg:cave_crawler":2,"divinerpg:kobblin":11,"minecraft:drowned":1,"mca:female_villager":1,"iceandfire:fire_dragon":20,"iceandfire:dread_knight":3,"minecraft:skeleton":18,"iceandfire:lightning_dragon":4,"divinerpg:pumpkin_spider":7,"divinerpg:jungle_spider":1,"minecraft:vindicator":1,"alexsmobs:grizzly_bear":1,"endermanoverhaul:snowy_enderman":1,"minecraft:husk":5,"divinerpg:arid_warrior":2,"divinerpg:glacon":18,"iceandfire:ghost":8,"minecraft:wither_skeleton":44,"minecraft:creeper":17,"iceandfire:dread_ghoul":16,"iceandfire:sea_serpent":1,"divinerpg:caveclops":1,"minecraft:cave_spider":1,"iceandfire:ice_dragon":2,"divinerpg:desert_crawler":2,"minecraft:player":74,"iceandfire:dread_scuttler":6,"minecraft:enderman":1,"minecraft:iron_golem":2,"iceandfire:gorgon":3,"minecraft:hoglin":6},"minecraft:custom":{"minecraft:interact_with_crafting_table":207,"minecraft:damage_blocked_by_shield":2147483647,"minecraft:play_time":3228247,"minecraft:deaths":347,"minecraft:jump":80156,"minecraft:interact_with_cartography_table":2,"tombstone:sneak_grave":11,"tombstone:undead_killed":319,"minecraft:interact_with_smoker":47,"minecraft:inspect_dispenser":1,"minecraft:horse_one_cm":13731,"tombstone:raider_killed":31,"minecraft:tune_noteblock":6,"minecraft:time_since_rest":16,"minecraft:swim_one_cm":1574364,"minecraft:open_chest":3080,"minecraft:open_shulker_box":84,"minecraft:damage_resisted":326,"minecraft:play_noteblock":4,"minecraft:talked_to_villager":8,"minecraft:interact_with_brewingstand":5,"tombstone:villager_killed":6,"minecraft:interact_with_campfire":4,"minecraft:damage_dealt_resisted":1609,"minecraft:boat_one_cm":53791,"minecraft:damage_taken":2147483647,"minecraft:open_barrel":86,"minecraft:bell_ring":29,"minecraft:eat_cake_slice":18,"minecraft:leave_game":52,"minecraft:time_since_death":0,"tombstone:tomb_raiding":3,"minecraft:interact_with_furnace":420,"minecraft:traded_with_villager":24,"minecraft:sleep_in_bed":84,"minecraft:damage_dealt":232935,"minecraft:interact_with_smithing_table":4,"minecraft:sneak_time":42140,"minecraft:interact_with_lectern":1,"minecraft:interact_with_blast_furnace":125,"minecraft:total_world_time":3228247,"minecraft:interact_with_stonecutter":20,"tombstone:cast_on_ally":2,"minecraft:fly_one_cm":19939164,"minecraft:fall_one_cm":2611313,"minecraft:animals_bred":84,"minecraft:sprint_one_cm":10380682,"minecraft:drop":1410,"minecraft:walk_on_water_one_cm":395175,"minecraft:interact_with_loom":1,"minecraft:player_kills":27,"minecraft:crouch_one_cm":90848,"minecraft:mob_kills":984,"minecraft:climb_one_cm":223425,"minecraft:walk_one_cm":7700126,"minecraft:walk_under_water_one_cm":343128,"minecraft:raid_trigger":1,"minecraft:pot_flower":1,"minecraft:interact_with_grindstone":7,"minecraft:trigger_trapped_chest":3},"minecraft:used":{"iceandfire:dragon_skull_ice":12,"minecraft:rotten_flesh":3,"regions_unexplored:mauve_sapling":1,"minecraft:snowball":5,"minecraft:jungle_sapling":1,"regions_unexplored:barley":1,"minecraft:lava_bucket":85,"divinerpg:realmite_boots":2,"minecraft:dark_oak_slab":6,"divinerpg:arlemite_shickaxe":35,"minecraft:bow":5,"minecraft:oak_sapling":10,"regions_unexplored:small_oak_sapling":1,"divinerpg:realmite_axe":985,"regions_unexplored:redstone_bulb":2,"minecraft:cactus":5,"minecraft:blackstone":3,"minecraft:wooden_pickaxe":71,"iceandfire:dread_stone_bricks":9,"divinerpg:realmite_leggings":3,"minecraft:blast_furnace":18,"iceandfire:silver_pickaxe":157,"minecraft:birch_slab":13,"minecraft:diamond_sword":1,"regions_unexplored:mycotoxic_mushrooms":1,"minecraft:stripped_acacia_wood":6,"iceandfire:silver_sword":172,"minecraft:carved_pumpkin":1,"minecraft:armor_stand":13,"minecraft:torch":381,"minecraft:brewing_stand":2,"naturalist:venison":1,"regions_unexplored:clover":6,"minecraft:yellow_carpet":3,"minecraft:oak_fence_gate":2,"regions_unexplored:daisy":2,"minecraft:acacia_planks":75,"minecraft:wheat_seeds":200,"minecraft:birch_planks":3,"divinerpg:tomato":8,"minecraft:cauldron":2,"minecraft:leather_boots":1,"aether:skyroot_pickaxe":3,"biomesoplenty:fir_slab":11,"minecraft:red_bed":13,"divinerpg:arlemite_stabber":84,"minecraft:white_bed":3,"minecraft:spruce_log":5,"regions_unexplored:pine_shrub":3,"cfm:white_sofa":1,"tombstone:magic_scroll":8,"divinerpg:realmite_shovel":147,"minecraft:spruce_trapdoor":17,"minecraft:spruce_sapling":1,"minecraft:green_carpet":3,"minecraft:purple_bed":7,"minecraft:cooked_porkchop":327,"biomesoplenty:fir_log":175,"minecraft:dandelion":3,"iceandfire:dread_stone_bricks_cracked":6,"regions_unexplored:silt_dirt":31,"divinerpg:divine_fence_gate":2,"minecraft:grass":35,"minecraft:mutton":7,"minecraft:obsidian":6,"iceandfire:dread_torch":2,"biomesoplenty:fir_sapling":80,"minecraft:written_book":1,"biomesoplenty:fir_fence":1,"minecraft:stone_pickaxe":74,"minecraft:oak_planks":15,"minecraft:sandstone":6,"minecraft:white_wool":6,"divinerpg:frost_sword":1017,"divinerpg:inferno_sword":1148,"minecraft:bread":307,"regions_unexplored:bamboo_log":1,"tombstone:grave_key":10,"iceandfire:dragon_skull_fire":7,"regions_unexplored:hanging_earlight_fruit":69,"minecraft:cooked_rabbit":1,"minecraft:netherite_sword":753,"minecraft:rose_bush":1,"minecraft:flint_and_steel":53,"minecraft:cooked_chicken":43,"minecraft:dirt":305,"alexsmobs:maraca":99,"alexsmobs:cooked_kangaroo_meat":1,"minecraft:spruce_fence":1,"minecraft:iron_hoe":36,"minecraft:wooden_axe":11,"iceandfire:dragonbone_shovel":273,"minecraft:iron_boots":2,"divinerpg:realmite_sword":551,"minecraft:cooked_beef":36,"minecraft:bamboo_planks":6,"divinerpg:realmite_helmet":4,"minecraft:powder_snow_bucket":6,"minecraft:pumpkin":5,"minecraft:iron_leggings":3,"biomesoplenty:burning_blossom":1,"minecraft:cobblestone_stairs":3,"minecraft:snow_block":2,"minecraft:baked_potato":83,"divinerpg:realmite_shield":177,"minecraft:brown_mushroom":1,"minecraft:flower_pot":2,"minecraft:golden_leggings":1,"minecraft:stone_axe":106,"aether:golden_parachute":17,"alexsmobs:animal_dictionary":2,"minecraft:peony":2,"minecraft:beetroot":1,"minecraft:spruce_slab":75,"divinerpg:white_mushroom":5,"minecraft:ladder":19,"minecraft:chest":100,"regions_unexplored:red_lupine":1,"naturalist:cooked_bass":2,"regions_unexplored:baobab_shrub":1,"iceandfire:ghost_chest":6,"regions_unexplored:silver_birch_leaf_pile":9,"minecraft:sweet_berries":49,"minecraft:furnace":30,"minecraft:egg":234,"minecraft:potato":110,"minecraft:diorite":38,"minecraft:spruce_door":2,"naturalist:duck_egg":1,"minecraft:sand":24,"iceandfire:dragonforge_ice_input":1,"mca:deepslate_slanted_headstone":1,"minecraft:netherrack":228,"divinerpg:skeleton_torch":4,"regions_unexplored:hyssop":1,"minecraft:iron_axe":661,"minecraft:rooted_dirt":1,"minecraft:smooth_quartz":15,"minecraft:tripwire_hook":1,"minecraft:glowstone":10,"minecraft:beef":1,"tombstone:gift":14,"divinerpg:realmite_chestplate":3,"minecraft:cobbled_deepslate":442,"minecraft:water_bucket":219,"tombstone:scroll_of_reach":4,"minecraft:fletching_table":1,"iceandfire:dragon_skull_lightning":1,"minecraft:cracked_stone_bricks":2,"aether:holystone_pickaxe":130,"minecraft:tnt":37,"minecraft:crafting_table":18,"regions_unexplored:redwood_shrub":1,"minecraft:cake":2,"justhammers:iron_hammer":1761,"minecraft:oak_log":92,"minecraft:dark_prismarine":19,"minecraft:cornflower":1,"travelersbackpack:bookshelf":7,"minecraft:iron_pickaxe":725,"minecraft:cobblestone":937,"travelersbackpack:standard":40,"tombstone:scroll_of_unstable_intangibility":1,"minecraft:iron_shovel":109,"minecraft:shield":450,"minecraft:iron_sword":304,"minecraft:bell":6,"minecraft:player_head":2,"minecraft:iron_chestplate":3,"minecraft:carrot":600,"minecraft:tuff":3,"divinerpg:smoldering_tar_bucket":2,"minecraft:iron_helmet":3,"minecraft:stone_bricks":2,"minecraft:beetroot_seeds":4,"travelersbackpack:enderman":57,"minecraft:golden_boots":1,"minecraft:dark_oak_stairs":2,"minecraft:ender_pearl":1,"iceandfire:dragonbone_sword_lightning":93,"iceandfire:silver_axe":1324,"minecraft:redstone_torch":1,"minecraft:cyan_bed":1,"minecraft:string":2,"minecraft:gravel":110,"minecraft:golden_helmet":1,"regions_unexplored:baobab_log":1,"minecraft:grindstone":5,"minecraft:andesite":78,"minecraft:oak_fence":27,"travelersbackpack:blaze":33,"divinerpg:realmite_pickaxe":1248,"minecraft:spruce_planks":43,"minecraft:wooden_shovel":51,"minecraft:oak_door":7,"regions_unexplored:small_oak_log":4,"minecraft:spruce_stairs":1,"minecraft:shulker_box":38,"minecraft:granite":26,"minecraft:dark_oak_planks":21,"minecraft:stone_brick_slab":13,"alexsmobs:maggot":2,"minecraft:acacia_slab":49,"biomesoplenty:orange_sand":65,"minecraft:golden_carrot":40,"minecraft:brown_bed":4,"minecraft:cooked_mutton":21,"minecraft:glass_bottle":2,"regions_unexplored:peat_dirt":3,"iceandfire:dread_knight_sword":421,"minecraft:stonecutter":3,"minecraft:cobblestone_slab":4,"minecraft:lime_bed":5,"minecraft:painting":1,"minecraft:smoker":1,"tombstone:bag_of_seeds":1,"minecraft:apple":14,"justhammers:stone_hammer":165,"biomesoplenty:toadstool":3,"iceandfire:silver_hoe":18,"minecraft:white_banner":2,"minecraft:bucket":337,"minecraft:yellow_bed":7,"minecraft:polished_blackstone_button":2},"minecraft:mined":{"divinerpg:skeleton_wall_torch":2,"regions_unexplored:yellow_bioshroom_block":1,"minecraft:white_bed":3,"regions_unexplored:brimsprout":20,"iceandfire:dread_torch":1,"iceandfire:copper_pile":2,"alexsmobs:leafcutter_anthill":2,"biomemakeover:small_illunite_bud":1,"regions_unexplored:brimwood_leaves":9,"divinerpg:realmite_ore":99,"minecraft:granite":6,"travelersbackpack:red_sleeping_bag":1,"biomesoplenty:fir_slab":36,"minecraft:acacia_log":2,"minecraft:spawner":13,"regions_unexplored:stone_bud":1,"iceandfire:dread_torch_wall":2,"minecraft:fire":140,"minecraft:cobbled_deepslate":26,"minecraft:fletching_table":1,"minecraft:deepslate_lapis_ore":4,"minecraft:potted_dandelion":1,"iceandfire:gold_pile":83,"biomesoplenty:webbing":8,"minecraft:green_carpet":5,"minecraft:spruce_wood":19,"iceandfire:dread_stone_bricks_cracked":12,"minecraft:player_head":19,"minecraft:tripwire":7,"minecraft:smoker":2,"minecraft:powder_snow":243,"minecraft:torch":25,"minecraft:note_block":2,"minecraft:dark_oak_wood":5,"minecraft:melon":4,"minecraft:dead_bush":5,"minecraft:nether_brick_slab":1,"minecraft:sugar_cane":7,"mca:cross_headstone":9,"minecraft:chain":3,"regions_unexplored:hyssop":13,"regions_unexplored:glister_bulb":5,"minecraft:jukebox":1,"minecraft:wither_rose":7,"iceandfire:dragonforge_ice_input":2,"minecraft:grass":363,"minecraft:smooth_quartz":34,"regions_unexplored:glistering_ivy":36,"biomemakeover:tall_brown_mushroom":2,"minecraft:deepslate":64,"regions_unexplored:glistering_sprout":31,"minecraft:dark_prismarine":26,"minecraft:potted_flowering_azalea_bush":2,"biomesoplenty:toadstool_block":1,"travelersbackpack:bookshelf":3,"iceandfire:chared_gravel":1,"minecraft:andesite":25,"minecraft:vine":4,"cfm:white_sofa":1,"regions_unexplored:small_oak_log":28,"iceandfire:podium_spruce":1,"biomesoplenty:rose_quartz_cluster":3,"minecraft:bone_block":31,"minecraft:birch_stairs":4,"minecraft:redstone_block":6,"minecraft:glass_pane":2,"minecraft:soul_sand":11,"minecraft:dandelion":11,"minecraft:cornflower":6,"regions_unexplored:silt_dirt":2,"minecraft:warped_roots":7,"minecraft:campfire":2,"minecraft:tall_grass":155,"minecraft:copper_ore":12,"regions_unexplored:mauve_log":25,"minecraft:deepslate_gold_ore":2,"divinerpg:rupee_ore_deepslate":1,"minecraft:diorite":4,"regions_unexplored:prismarite_cluster":32,"minecraft:cobblestone_wall":6,"iceandfire:silver_pile":8,"minecraft:sunflower":1,"minecraft:gravel":178,"minecraft:cobweb":38,"regions_unexplored:glistering_wart":2,"minecraft:gold_ore":2,"minecraft:iron_trapdoor":1,"minecraft:fern":101,"aether:cold_aercloud":11,"minecraft:farmland":4,"minecraft:orange_stained_glass":2,"minecraft:brewing_stand":3,"regions_unexplored:red_maple_shrub":1,"minecraft:spruce_trapdoor":18,"regions_unexplored:pine_shrub":4,"iceandfire:dread_spawner":1,"biomesoplenty:stripped_fir_log":1,"regions_unexplored:small_oak_leaves":6,"regions_unexplored:glister_spire":14,"minecraft:brown_bed":4,"minecraft:flowering_azalea_leaves":1,"minecraft:spruce_slab":11,"iceandfire:chared_cobblestone":2,"minecraft:waxed_cut_copper_stairs":1,"minecraft:deepslate_redstone_ore":13,"regions_unexplored:red_lupine":1,"biomesoplenty:wildflower":1,"biomesoplenty:hanging_cobweb_strand":5,"regions_unexplored:mycotoxic_daisy":5,"divinerpg:divine_fence_gate":2,"iceandfire:fire_lily":1,"minecraft:nether_quartz_ore":50,"minecraft:oak_planks":13,"regions_unexplored:bamboo_log":1,"minecraft:wall_torch":45,"minecraft:cauldron":2,"minecraft:light_blue_terracotta":1,"minecraft:dark_oak_slab":3,"minecraft:tnt":130,"biomesoplenty:fir_log":1386,"regions_unexplored:glistering_bloom":8,"iceandfire:dread_stone_bricks_mossy":1,"minecraft:oak_log":510,"minecraft:beetroots":16,"regions_unexplored:peat_dirt":1,"minecraft:dirt":248,"biomesoplenty:fir_sapling":6,"regions_unexplored:cobalt_nylium":5,"regions_unexplored:prismoss_sprout":5,"iceandfire:dread_stone_bricks":21,"minecraft:cyan_candle":6,"regions_unexplored:barley":10,"minecraft:ladder":11,"regions_unexplored:glistering_fern":5,"minecraft:soul_campfire":1,"minecraft:birch_slab":2,"minecraft:spruce_leaves":6,"iceandfire:dragon_ice":9,"minecraft:acacia_slab":5,"regions_unexplored:large_prismarite_cluster":5,"regions_unexplored:raw_redstone_block":8,"minecraft:hay_block":131,"regions_unexplored:baobab_log":15,"regions_unexplored:white_magnolia_shrub":1,"minecraft:peony":5,"minecraft:gold_block":1,"minecraft:bookshelf":2,"minecraft:deepslate_iron_ore":6,"minecraft:shroomlight":12,"crittersandcompanions:silk_cocoon":9,"minecraft:stripped_oak_log":2,"regions_unexplored:brimsprout_nylium":2,"regions_unexplored:redstone_bulb":10,"iceandfire:pixie_jar_empty":1,"regions_unexplored:brimwood_log":12,"minecraft:snow_block":95,"travelersbackpack:standard":23,"minecraft:oak_fence":3,"divinerpg:bloodgem_ore":1,"minecraft:stone_slab":6,"biomesoplenty:huge_clover_petal":9,"regions_unexplored:daisy":32,"minecraft:birch_planks":9,"biomesoplenty:fir_fence":2,"regions_unexplored:redstone_bud":12,"minecraft:sea_pickle":2,"minecraft:ice":1,"iceandfire:pixie_house_mushroom_red":1,"minecraft:white_wall_banner":3,"biomesoplenty:fir_leaves":94,"minecraft:cherry_leaves":5,"regions_unexplored:mycotoxic_mushrooms":2,"minecraft:cyan_carpet":96,"minecraft:stripped_acacia_wood":11,"minecraft:dark_oak_planks":48,"minecraft:cherry_log":30,"minecraft:jungle_leaves":18,"travelersbackpack:blaze":7,"minecraft:carved_pumpkin":25,"biomesoplenty:burning_blossom":25,"regions_unexplored:bleeding_heart":6,"biomesoplenty:bramble":15,"minecraft:yellow_carpet":1,"mca:deepslate_slanted_headstone":1,"minecraft:orange_candle":2,"minecraft:oxeye_daisy":7,"minecraft:tall_seagrass":2,"regions_unexplored:pointed_redstone":9,"minecraft:sticky_piston":2,"minecraft:pumpkin":15,"regions_unexplored:pine_leaves":2,"biomemakeover:mycelium_roots":1,"minecraft:cave_vines":1,"minecraft:dirt_path":6,"minecraft:deepslate_brick_stairs":1,"regions_unexplored:silt_grass_block":32,"regions_unexplored:dead_steppe_shrub":3,"minecraft:red_bed":9,"minecraft:player_wall_head":2,"regions_unexplored:tall_cobalt_earlight":2,"biomesoplenty:blackstone_spines":3,"minecraft:blast_furnace":16,"regions_unexplored:peat_grass_block":2,"regions_unexplored:cobalt_roots":3,"minecraft:cyan_bed":1,"minecraft:skeleton_skull":3,"minecraft:wheat":203,"biomesoplenty:large_rose_quartz_bud":2,"regions_unexplored:oak_shrub":1,"regions_unexplored:clover":6,"minecraft:stonecutter":2,"regions_unexplored:mycotoxic_grass":16,"regions_unexplored:fireweed":4,"minecraft:yellow_terracotta":2,"regions_unexplored:spruce_shrub":2,"iceandfire:silver_ore":12,"biomesoplenty:desert_grass":17,"minecraft:stripped_birch_log":1,"minecraft:jack_o_lantern":1,"divinerpg:realmite_block":1,"divinerpg:arlemite_ore_deepslate":3,"minecraft:shulker_box":37,"minecraft:nether_bricks":1,"regions_unexplored:hanging_earlight":119,"biomesoplenty:dead_grass":10,"minecraft:moss_block":10,"biomesoplenty:dune_grass":5,"minecraft:polished_blackstone_button":2,"minecraft:snow":56,"minecraft:acacia_wood":24,"divinerpg:stripped_divine_log":3,"minecraft:potatoes":85,"biomesoplenty:high_grass":13,"regions_unexplored:red_maple_leaves":1,"minecraft:bamboo":1,"iceandfire:frost_lily":3,"regions_unexplored:redwood_log":1,"regions_unexplored:windswept_grass":53,"minecraft:white_wool":9,"minecraft:cake":1,"regions_unexplored:felicia_daisy":21,"regions_unexplored:brimwood_shrub":2,"minecraft:light_gray_carpet":6,"minecraft:stone_brick_slab":1,"minecraft:emerald_ore":3,"regions_unexplored:baobab_shrub":1,"biomesoplenty:high_grass_plant":12,"minecraft:purple_bed":8,"regions_unexplored:hanging_earlight_plant":8,"minecraft:white_carpet":18,"minecraft:spruce_log":35,"aether:berry_bush":2,"regions_unexplored:sandy_grass":10,"minecraft:dripstone_block":2,"biomesoplenty:stringy_cobweb":9,"divinerpg:realmite_ore_deepslate":5,"minecraft:acacia_planks":35,"regions_unexplored:peat_podzol":4,"minecraft:spruce_planks":37,"minecraft:cobblestone_stairs":7,"minecraft:sculk_vein":5,"minecraft:potted_cactus":3,"regions_unexplored:hanging_prismarite":56,"minecraft:grass_block":181,"biomesoplenty:rose_quartz_block":17,"biomesoplenty:blackstone_bulb":4,"biomesoplenty:bramble_leaves":4,"minecraft:glowstone":111,"biomesoplenty:orange_cosmos":1,"minecraft:iron_ore":64,"minecraft:dark_oak_stairs":2,"biomesoplenty:hanging_cobweb":1,"regions_unexplored:dorcel":1,"regions_unexplored:cave_hyssop":6,"minecraft:blackstone":3,"minecraft:soul_lantern":5,"minecraft:calcite":4,"minecraft:poppy":104,"regions_unexplored:small_desert_shrub":3,"iceandfire:ghost_chest":9,"minecraft:chest":38,"minecraft:mushroom_stem":1,"minecraft:cobblestone":125,"minecraft:grindstone":5,"minecraft:pink_petals":47,"minecraft:seagrass":1,"minecraft:yellow_wool":1,"aether:aether_grass_block":4,"regions_unexplored:steppe_grass":1,"biomesoplenty:clover":5,"minecraft:sand":75,"aether:ambrosium_ore":4,"minecraft:netherrack":226,"minecraft:oak_leaves":96,"regions_unexplored:glistering_nylium":2,"minecraft:redstone_lamp":2,"minecraft:nether_gold_ore":16,"minecraft:red_carpet":3,"minecraft:tuff":1,"minecraft:deepslate_diamond_ore":2,"minecraft:oak_door":1,"biomesoplenty:bush":9,"regions_unexplored:silver_birch_shrub":1,"regions_unexplored:overgrown_bone_block":3,"minecraft:sandstone":13,"minecraft:rooted_dirt":1,"regions_unexplored:cobalt_log":4,"minecraft:large_fern":11,"regions_unexplored:brimwood_log_magma":3,"minecraft:spore_blossom":1,"minecraft:furnace":24,"minecraft:carrots":161,"biomesoplenty:toadstool":6,"iceandfire:dragon_bone_block":4,"minecraft:bell":9,"biomesoplenty:sea_oats":7,"minecraft:polished_deepslate":1,"regions_unexplored:medium_grass":141,"minecraft:stone":556,"biomesoplenty:spider_egg":3,"minecraft:redstone_wall_torch":1,"minecraft:podzol":3,"regions_unexplored:redwood_shrub":1,"minecraft:flowering_azalea":1,"minecraft:red_wool":68,"regions_unexplored:silver_birch_leaf_pile":6,"biomesoplenty:orange_sand":40,"minecraft:spruce_door":2,"minecraft:crafting_table":6,"minecraft:rose_bush":10,"biomesoplenty:sprout":16,"minecraft:sculk":13,"minecraft:spruce_stairs":4,"minecraft:lime_bed":5,"minecraft:cactus":7,"minecraft:beehive":1,"minecraft:redstone_torch":1,"minecraft:sweet_berry_bush":31,"regions_unexplored:red_maple_leaf_pile":6,"minecraft:yellow_bed":3,"minecraft:coal_ore":208,"minecraft:gray_carpet":4,"minecraft:polished_andesite":1,"regions_unexplored:glistering_ivy_plant":10,"travelersbackpack:enderman":18},"minecraft:picked_up":{"minecraft:suspicious_stew":2,"securitycraft:taser":14,"minecraft:lead":9,"minecraft:stone_slab":4,"regions_unexplored:silt_dirt":109,"regions_unexplored:glistering_sprout":22,"minecraft:enchanted_book":8,"divinerpg:bloodgem_ore":1,"minecraft:polished_deepslate":1,"minecraft:string":178,"biomemakeover:cladded_chestplate":2,"minecraft:shroomlight":5,"mca:engagement_ring":2,"travelersbackpack:enderman":23,"mca:male_villager_spawn_egg":1,"minecraft:jukebox":1,"divinerpg:realmite_sword":6,"minecraft:acacia_log":2,"mca:female_villager_spawn_egg":1,"regions_unexplored:raw_redstone_block":7,"minecraft:golden_chestplate":2,"aether:skyroot_pickaxe":1,"minecraft:cauldron":2,"divinerpg:realmite_boots":11,"minecraft:stone_sword":1,"divinerpg:realmite_leggings":9,"minecraft:carved_pumpkin":145,"minecraft:blaze_rod":11,"minecraft:iron_bars":3,"minecraft:snowball":1150,"iceandfire:sapphire_gem":26,"minecraft:feather":118,"minecraft:cooked_beef":7,"minecraft:water_bucket":9,"regions_unexplored:white_magnolia_shrub":2,"minecraft:brown_wool":2,"regions_unexplored:silver_birch_shrub":1,"biomesoplenty:fir_sapling":59,"minecraft:flint":27,"alexsmobs:cooked_kangaroo_meat":1,"travelersbackpack:gold_tier_upgrade":1,"divinerpg:realmite_chestplate":9,"minecraft:lantern":1,"aether:icestone":3,"minecraft:stonecutter":2,"minecraft:rabbit":1,"divinerpg:realmite_shield":12,"regions_unexplored:bamboo_log":3,"minecraft:stripped_acacia_wood":9,"iceandfire:dragon_skull_fire":11,"divinerpg:purple_glowbone_seeds":2,"divinerpg:pink_glowbone_seeds":3,"iceandfire:lightning_dragon_heart":1,"naturalist:duck_egg":1,"alexsmobs:animal_dictionary":4,"regions_unexplored:brimwood_sapling":1,"regions_unexplored:glister_bulb":5,"minecraft:polished_andesite":1,"regions_unexplored:clover":13,"minecraft:granite":218,"alexsmobs:tarantula_hawk_wing_fragment":3,"minecraft:rooted_dirt":1,"minecraft:jack_o_lantern":3,"minecraft:light_gray_carpet":6,"regions_unexplored:cobalt_log":4,"iceandfire:raw_silver":27,"regions_unexplored:baobab_log":1,"iceandfire:dragon_skull_lightning":2,"divinerpg:arlemite_shickaxe":2,"minecraft:leather_leggings":3,"minecraft:redstone_lamp":2,"aether:poison_dart":4,"aether:blue_berry":4,"minecraft:cornflower":7,"minecraft:flint_and_steel":2,"minecraft:white_carpet":20,"iceandfire:ghost_ingot":1,"iceandfire:graveyard_soil":6,"minecraft:netherite_sword":7,"iceandfire:dread_knight_sword":6,"minecraft:jungle_sapling":1,"minecraft:poppy":89,"minecraft:spruce_slab":12,"cfm:white_sofa":1,"divinerpg:arlemite_ingot":3,"minecraft:stone":911,"alexsmobs:cockroach_ootheca":4,"iceandfire:armor_copper_metal_boots":11,"iceandfire:dragon_skull_ice":23,"regions_unexplored:purple_coneflower":1,"regions_unexplored:mauve_sapling":11,"minecraft:hay_block":135,"minecraft:yellow_terracotta":4,"minecraft:mutton":38,"minecraft:rail":17,"biomesoplenty:orange_sand":41,"minecraft:bone_block":37,"minecraft:oxeye_daisy":7,"minecraft:lime_bed":5,"iceandfire:sea_serpent_fang":7,"minecraft:tripwire_hook":1,"minecraft:acacia_wood":30,"iceandfire:armor_copper_metal_helmet":11,"minecraft:paper":22,"minecraft:apple":34,"regions_unexplored:glistering_ivy":9,"alexsmobs:cockroach_wing_fragment":67,"minecraft:spore_blossom":1,"minecraft:oak_fence_gate":1,"tombstone:bag_of_seeds":4,"minecraft:dark_oak_stairs":2,"iceandfire:copper_nugget":14,"minecraft:sweet_berries":196,"aether:enchanted_dart":8,"minecraft:red_wool":64,"minecraft:leather_helmet":3,"iceandfire:dragon_flute":1,"travelersbackpack:standard":32,"divinerpg:arlemite_stabber":1,"regions_unexplored:cave_hyssop":9,"minecraft:slime_ball":56,"regions_unexplored:fireweed":4,"iceandfire:ice_dragon_flesh":4,"minecraft:baked_potato":1,"minecraft:black_carpet":1,"minecraft:yellow_wool":1,"regions_unexplored:brimsprout":15,"regions_unexplored:stripped_eucalyptus_log":1,"minecraft:experience_bottle":2,"travelersbackpack:blaze":9,"minecraft:bucket":7,"iceandfire:frost_lily":6,"minecraft:rose_bush":6,"minecraft:cobblestone_slab":4,"minecraft:wooden_shovel":2,"minecraft:iron_pickaxe":6,"minecraft:smooth_quartz":45,"divinerpg:divine_planks":1,"regions_unexplored:redwood_log":1,"biomesoplenty:rose_quartz_block":17,"iceandfire:ghost_chest":11,"iceandfire:armor_copper_metal_leggings":11,"minecraft:spruce_stairs":8,"iceandfire:rotten_egg":5,"iceandfire:crackled_gravel":2,"minecraft:diorite":369,"aether:golden_gloves":1,"regions_unexplored:daisy":37,"minecraft:rotten_flesh":317,"regions_unexplored:mauve_log":62,"minecraft:deepslate_brick_stairs":1,"minecraft:obsidian":8,"minecraft:cobblestone":7017,"minecraft:pink_petals":202,"minecraft:leather_chestplate":1,"minecraft:lilac":2,"minecraft:andesite":293,"minecraft:potato":207,"minecraft:dirt":508,"minecraft:stripped_birch_log":1,"minecraft:name_tag":2,"biomemakeover:crude_cladding":1,"minecraft:bone":270,"minecraft:acacia_planks":45,"minecraft:bow":4,"minecraft:wheat_seeds":831,"minecraft:grindstone":7,"minecraft:mossy_stone_bricks":6,"minecraft:fletching_table":1,"minecraft:bamboo":244,"divinerpg:realmite_block":1,"biomesoplenty:toadstool":14,"regions_unexplored:mycotoxic_mushrooms":5,"iceandfire:podium_spruce":1,"mca:matchmakers_ring":1,"justhammers:iron_hammer":13,"divinerpg:stripped_divine_log":9,"minecraft:grass_block":3,"minecraft:mossy_cobblestone":61,"minecraft:yellow_carpet":7,"minecraft:light_blue_terracotta":1,"minecraft:soul_lantern":6,"regions_unexplored:redwood_shrub":1,"alexsmobs:rattlesnake_rattle":1,"minecraft:crossbow":2,"minecraft:golden_apple":2,"minecraft:emerald":91,"alexsmobs:banana_slug_slime":30,"minecraft:netherrack":223,"iceandfire:silver_nugget":72,"divinerpg:white_mushroom_seeds":2,"minecraft:azure_bluet":1,"minecraft:splash_potion":1,"minecraft:ladder":23,"naturalist:venison":1,"minecraft:brown_mushroom":1,"divinerpg:corrupted_shards":3,"minecraft:chain":9,"minecraft:shield":4,"minecraft:moss_carpet":9,"divinerpg:aqua_ball":23,"regions_unexplored:spruce_shrub":1,"minecraft:blackstone":13,"regions_unexplored:peat_podzol":4,"biomesoplenty:wildflower":1,"iceandfire:ice_dragon_heart":1,"regions_unexplored:bleeding_heart":6,"minecraft:note_block":3,"minecraft:cookie":1,"divinerpg:ice_stone":14,"minecraft:stone_pressure_plate":1,"minecraft:nether_bricks":2,"crittersandcompanions:silk":33,"minecraft:skeleton_skull":13,"regions_unexplored:peat_dirt":3,"minecraft:netherite_boots":1,"regions_unexplored:hanging_prismarite":80,"minecraft:golden_carrot":42,"minecraft:leather":35,"regions_unexplored:red_lupine":1,"iceandfire:dread_stone_bricks_cracked":26,"divinerpg:rupee_ingot":2,"minecraft:yellow_bed":8,"minecraft:cobblestone_wall":4,"minecraft:gunpowder":39,"mca:book_romance":2,"regions_unexplored:small_oak_sapling":1,"regions_unexplored:tall_cobalt_earlight":2,"minecraft:cooked_mutton":40,"minecraft:coast_armor_trim_smithing_template":2,"minecraft:red_carpet":16,"minecraft:rabbit_hide":584,"minecraft:spruce_wood":19,"minecraft:iron_ingot":184,"minecraft:cooked_chicken":26,"iceandfire:fire_dragon_flesh":4,"divinerpg:divine_fence_gate":2,"regions_unexplored:yellow_lupine":2,"minecraft:dandelion":16,"minecraft:stone_brick_slab":2,"iceandfire:ash":10,"minecraft:quartz":50,"divinerpg:ender_shards":5,"minecraft:nether_brick_slab":2,"minecraft:spruce_door":2,"biomemakeover:cladding_upgrade_smithing_template":2,"minecraft:pumpkin_seeds":8,"iceandfire:silver_pickaxe":1,"minecraft:chainmail_leggings":3,"securitycraft:keypad_barrel":417,"minecraft:cherry_sapling":7,"minecraft:dark_oak_wood":8,"iceandfire:chared_gravel":1,"regions_unexplored:pointed_redstone":22,"regions_unexplored:small_oak_log":29,"minecraft:sunflower":1,"minecraft:wooden_axe":2,"iceandfire:dread_stone_bricks":19,"minecraft:iron_chestplate":3,"minecraft:prismarine_shard":9,"minecraft:flower_pot":6,"minecraft:creeper_head":1,"minecraft:anvil":1856,"minecraft:diamond_sword":2,"minecraft:oak_stairs":16,"minecraft:brown_bed":4,"minecraft:wither_rose":11,"minecraft:brewing_stand":3,"aether:ambrosium_torch":1,"iceandfire:manuscript":15,"minecraft:beetroot":11,"minecraft:spruce_planks":47,"minecraft:gold_nugget":956,"minecraft:cobbled_deepslate":5386,"aether:holystone_pickaxe":2,"divinerpg:raw_arlemite":46,"minecraft:coal_block":4,"minecraft:enchanted_golden_apple":2,"minecraft:melon_slice":30,"regions_unexplored:pine_shrub":3,"mca:wedding_ring":2,"minecraft:golden_helmet":2,"minecraft:beehive":1,"divinerpg:skeleton_torch":3,"regions_unexplored:barrel_cactus":2,"iceandfire:dread_torch":18,"tombstone:bone_needle":1,"minecraft:cherry_log":29,"divinerpg:ice_shards":307,"minecraft:bamboo_block":163,"biomesoplenty:rose_quartz_chunk":8,"iceandfire:fire_dragon_heart":1,"biomesoplenty:fir_slab":47,"friendsandfoes:waxed_oxidized_copper_button":2,"minecraft:birch_log":1,"iceandfire:dragonscales_black":1,"divinerpg:tomato":41,"minecraft:birch_slab":4,"minecraft:smoker":4,"biomesoplenty:fir_log":1765,"regions_unexplored:cobalt_roots":9,"biomemakeover:crude_fragment":6,"regions_unexplored:brimwood_shrub":2,"minecraft:glowstone_dust":314,"minecraft:moss_block":10,"minecraft:pitcher_pod":1,"divinerpg:realmite_pickaxe":8,"divinerpg:realmite_ingot":151,"iceandfire:shiny_scales":12,"iceandfire:chared_cobblestone":4,"minecraft:bundle":11,"regions_unexplored:hyssop":12,"alexsmobs:kangaroo_hide":5,"divinerpg:bloodgem":2,"minecraft:writable_book":1,"minecraft:bread":218,"alexsmobs:maggot":2,"minecraft:crafting_table":6,"iceandfire:witherbone":40,"minecraft:nether_wart":15,"aether:aether_dirt":1,"regions_unexplored:mycotoxic_daisy":4,"iceandfire:sea_serpent_scales_blue":8,"minecraft:red_bed":9,"divinerpg:realmite_helmet":10,"minecraft:cracked_stone_bricks":2,"iceandfire:bestiary":1,"minecraft:beef":63,"iceandfire:dread_shard":29,"minecraft:iron_nugget":23,"regions_unexplored:glister_spire":13,"minecraft:chest":44,"minecraft:egg":320,"regions_unexplored:glistering_wart":2,"minecraft:sandstone":16,"minecraft:oak_door":3,"divinerpg:terran_shards":80,"divinerpg:marsine_seeds":3,"regions_unexplored:green_bioshroom_stem":20,"minecraft:carrot":789,"minecraft:redstone":330,"minecraft:prismarine_crystals":33,"minecraft:tnt":3191,"divinerpg:molten_shards":1,"minecraft:beetroot_seeds":69,"minecraft:peony":5,"regions_unexplored:felicia_daisy":27,"minecraft:gold_ingot":28,"minecraft:glow_berries":2,"minecraft:white_wool":93,"minecraft:stripped_oak_log":2,"regions_unexplored:eucalyptus_log":16,"minecraft:filled_map":2,"minecraft:oak_log":1013,"minecraft:white_banner":6,"tombstone:gift":1,"iceandfire:pixie_house_mushroom_red":1,"biomesoplenty:stripped_fir_log":1,"minecraft:stone_bricks":69,"iceandfire:pixie_jar_empty":1,"iceandfire:troll_leather_frost":3,"minecraft:cobweb":9,"regions_unexplored:brimwood_log":22,"minecraft:glass_bottle":3,"minecraft:flowering_azalea":3,"minecraft:iron_sword":6,"minecraft:dark_oak_slab":3,"regions_unexplored:oak_shrub":1,"minecraft:gravel":262,"minecraft:birch_stairs":4,"minecraft:spruce_sapling":13,"minecraft:spruce_log":42,"minecraft:orange_candle":16,"minecraft:purple_bed":8,"iceandfire:silver_sword":2,"minecraft:stone_axe":1,"minecraft:gray_wool":9,"iceandfire:dragonforge_ice_input":7,"minecraft:warped_roots":9,"mca:book_infection":2,"minecraft:ender_pearl":7,"alexsmobs:maraca":9,"biomesoplenty:burning_blossom":23,"minecraft:wheat":215,"minecraft:redstone_block":6,"iceandfire:armor_copper_metal_chestplate":11,"minecraft:potion":1,"tombstone:grave_key":8,"regions_unexplored:prismarite_cluster":34,"minecraft:raw_copper":131,"minecraft:iron_leggings":4,"minecraft:armor_stand":16,"minecraft:sticky_piston":4,"minecraft:oak_sign":1,"minecraft:sea_pickle":1,"biomesoplenty:fir_planks":54,"minecraft:redstone_torch":5,"minecraft:calcite":4,"minecraft:furnace":24,"minecraft:iron_boots":4,"minecraft:stick":209,"minecraft:oak_fence":112,"minecraft:torch":1246,"minecraft:porkchop":165,"tombstone:grave_dust":91,"minecraft:music_disc_pigstep":1,"regions_unexplored:barley":13,"minecraft:cactus":19,"aether:iron_ring":2,"biomesoplenty:orange_cosmos":1,"minecraft:magma_cream":1,"divinerpg:realmite_axe":13,"minecraft:tuff":381,"minecraft:wither_skeleton_skull":3,"minecraft:lapis_lazuli":185,"minecraft:leather_boots":1,"travelersbackpack:bookshelf":4,"aether:holystone":6,"minecraft:raw_gold":63,"minecraft:bell":12,"aether:cold_aercloud":10,"minecraft:cyan_candle":23,"minecraft:powered_rail":1,"minecraft:oak_planks":217,"minecraft:cooked_porkchop":52,"minecraft:sand":97,"biomesoplenty:fir_fence":1,"minecraft:cyan_bed":1,"iceandfire:dragonbone_sword_lightning":3,"divinerpg:aquatic_pellets":5,"minecraft:shulker_box":46,"divinerpg:arlemite_boots":2,"minecraft:dark_prismarine":26,"iceandfire:dragon_bone_block":8,"regions_unexplored:glistering_bloom":8,"regions_unexplored:hanging_earlight_fruit":82,"minecraft:diamond":11,"minecraft:polished_blackstone_button":2,"iceandfire:dragon_ice":11,"aether:ambrosium_shard":31,"minecraft:oak_sapling":29,"divinerpg:realmite_shovel":4,"aether:aechor_petal":2,"minecraft:charcoal":2,"regions_unexplored:mycotoxic_grass":13,"minecraft:chicken":26,"minecraft:chest_minecart":3,"iceandfire:fire_lily":1,"minecraft:wooden_pickaxe":4,"minecraft:cooked_rabbit":1,"minecraft:gold_block":1,"minecraft:diamond_horse_armor":1,"regions_unexplored:red_maple_leaf_pile":9,"iceandfire:silver_hoe":4,"minecraft:iron_axe":5,"divinerpg:inferno_sword":9,"minecraft:wooden_sword":1,"minecraft:item_frame":3,"minecraft:cyan_carpet":162,"minecraft:detector_rail":1,"minecraft:player_head":21,"minecraft:light_gray_wool":14,"minecraft:sugar_cane":46,"minecraft:phantom_membrane":3,"minecraft:spruce_trapdoor":34,"crittersandcompanions:clam":2,"iceandfire:dragonscales_green":14,"iceandfire:dragonbone":109,"minecraft:raw_iron":518,"regions_unexplored:silver_birch_leaf_pile":11,"minecraft:copper_ingot":3,"regions_unexplored:blue_lupine":3,"regions_unexplored:baobab_shrub":1,"alexsmobs:leafcutter_ant_pupa":6,"minecraft:iron_horse_armor":5,"divinerpg:divine_fence":1,"minecraft:dark_oak_planks":45,"iceandfire:silver_ingot":6,"divinerpg:white_mushroom":14,"minecraft:arrow":96,"iceandfire:cyclops_eye":1,"regions_unexplored:redstone_bulb":10,"regions_unexplored:maple_sapling":1,"divinerpg:raw_realmite":262,"iceandfire:chared_dirt":16,"minecraft:saddle":3,"iceandfire:silver_axe":1,"regions_unexplored:glistering_fern":4,"regions_unexplored:dorcel":1,"divinerpg:raw_rupee":19,"minecraft:glow_ink_sac":18,"minecraft:birch_planks":9,"iceandfire:ectoplasm":28,"minecraft:cobblestone_stairs":69,"naturalist:glow_goop":1,"naturalist:bass":2,"regions_unexplored:large_prismarite_cluster":5,"regions_unexplored:yellow_bioshroom":1,"minecraft:soul_sand":18,"minecraft:book":4,"minecraft:pumpkin":70,"minecraft:bamboo_planks":6,"divinerpg:cyclops_eye_shards":52,"alexsmobs:sombrero":3,"justhammers:stone_hammer":1,"minecraft:blast_furnace":16,"minecraft:white_bed":6,"minecraft:green_carpet":11,"minecraft:spider_eye":35,"biomesoplenty:bramble":15,"biomemakeover:cladded_boots":1,"minecraft:iron_helmet":7,"iceandfire:sea_serpent_scales_red":12,"tombstone:magic_scroll":5,"minecraft:acacia_slab":5,"minecraft:black_wool":6,"minecraft:coal":1212}},"DataVersion":3465}