{"stats":{"minecraft:mined":{"iceandfire:silver_ore":9,"regions_unexplored:barley":8,"minecraft:oak_door":1,"biomesoplenty:desert_grass":1,"divinerpg:realmite_ore":96,"minecraft:granite":2,"minecraft:grass_block":2,"minecraft:large_fern":1,"minecraft:hay_block":17,"minecraft:tall_seagrass":1,"minecraft:furnace":7,"minecraft:carrots":6,"minecraft:iron_ore":41,"minecraft:cobbled_deepslate":2,"minecraft:andesite":17,"minecraft:fletching_table":1,"minecraft:dirt_path":1,"minecraft:potted_dandelion":1,"minecraft:vine":4,"crittersandcompanions:silk_cocoon":1,"regions_unexplored:medium_grass":20,"regions_unexplored:small_oak_log":9,"minecraft:stone":84,"regions_unexplored:silt_grass_block":25,"regions_unexplored:windswept_grass":5,"minecraft:podzol":3,"regions_unexplored:dead_steppe_shrub":1,"minecraft:spruce_door":1,"minecraft:dandelion":3,"minecraft:oak_fence":1,"minecraft:crafting_table":3,"minecraft:torch":2,"minecraft:blast_furnace":2,"regions_unexplored:small_desert_shrub":2,"minecraft:chest":1,"iceandfire:ghost_chest":1,"minecraft:dead_bush":1,"minecraft:tall_grass":44,"minecraft:cobblestone":14,"regions_unexplored:mauve_log":12,"minecraft:grindstone":1,"regions_unexplored:daisy":4,"minecraft:diorite":2,"minecraft:wall_torch":7,"minecraft:skeleton_skull":2,"regions_unexplored:hyssop":11,"minecraft:wheat":12,"minecraft:yellow_bed":2,"minecraft:wither_rose":3,"regions_unexplored:sandy_grass":1,"minecraft:grass":35,"minecraft:oak_log":41,"minecraft:coal_ore":74,"minecraft:beetroots":1,"minecraft:sand":16,"minecraft:dirt":1,"minecraft:cobweb":2,"minecraft:gold_ore":2,"minecraft:oak_leaves":4,"minecraft:fern":2,"regions_unexplored:fireweed":4},"minecraft:killed_by":{"minecraft:player":7,"divinerpg:kobblin":4,"iceandfire:gorgon":3,"minecraft:skeleton":1,"iceandfire:ghost":4,"iceandfire:fire_dragon":1},"minecraft:used":{"minecraft:beetroot":1,"minecraft:oak_fence":1,"divinerpg:realmite_pickaxe":21,"minecraft:armor_stand":3,"minecraft:chest":5,"minecraft:shield":117,"minecraft:oak_door":2,"regions_unexplored:small_oak_log":1,"minecraft:torch":10,"minecraft:dirt":6,"minecraft:mutton":3,"minecraft:carrot":14,"regions_unexplored:mauve_sapling":1,"minecraft:granite":2,"minecraft:wooden_axe":10,"minecraft:iron_axe":27,"iceandfire:ghost_chest":1,"minecraft:stone_bricks":2,"divinerpg:realmite_sword":142,"minecraft:beef":1,"minecraft:oak_sapling":4,"minecraft:furnace":8,"minecraft:beetroot_seeds":4,"tombstone:gift":4,"regions_unexplored:small_oak_sapling":1,"minecraft:wheat_seeds":21,"minecraft:diorite":2,"minecraft:spruce_door":1,"minecraft:stone_pickaxe":74,"minecraft:wooden_pickaxe":16,"minecraft:fletching_table":1,"minecraft:cracked_stone_bricks":2,"minecraft:sand":19,"minecraft:crafting_table":6,"minecraft:blast_furnace":2,"minecraft:painting":1,"justhammers:iron_hammer":18,"minecraft:oak_log":10,"minecraft:flower_pot":1,"minecraft:apple":3,"minecraft:iron_pickaxe":252,"minecraft:bread":63,"minecraft:stone_axe":106,"minecraft:cobblestone":80,"minecraft:grindstone":1,"minecraft:andesite":16,"minecraft:yellow_bed":1,"minecraft:dandelion":3,"regions_unexplored:silt_dirt":25},"minecraft:crafted":{"minecraft:oak_planks":120,"divinerpg:realmite_boots":1,"divinerpg:realmite_helmet":1,"minecraft:furnace":1,"divinerpg:realmite_chestplate":1,"minecraft:iron_axe":1,"divinerpg:realmite_ingot":58,"minecraft:stone_pickaxe":1,"minecraft:chest":4,"divinerpg:realmite_leggings":1,"minecraft:wheat":144,"iceandfire:silver_ingot":8,"minecraft:crafting_table":4,"minecraft:wooden_pickaxe":1,"minecraft:iron_helmet":1,"minecraft:stone_axe":1,"divinerpg:realmite_pickaxe":1,"minecraft:bread":59,"minecraft:air":0,"justhammers:iron_hammer":1,"minecraft:shield":1,"minecraft:stick":20,"minecraft:iron_ingot":41,"minecraft:iron_pickaxe":1,"divinerpg:realmite_sword":1,"minecraft:wooden_axe":1},"minecraft:custom":{"minecraft:mob_kills":37,"minecraft:interact_with_crafting_table":31,"minecraft:open_barrel":5,"minecraft:bell_ring":1,"minecraft:leave_game":1,"minecraft:time_since_death":3521,"minecraft:climb_one_cm":2750,"minecraft:sprint_one_cm":698422,"minecraft:walk_one_cm":473767,"minecraft:damage_blocked_by_shield":2147483647,"minecraft:drop":63,"minecraft:play_time":213827,"minecraft:deaths":21,"minecraft:sneak_time":826,"minecraft:walk_under_water_one_cm":17582,"minecraft:jump":5449,"minecraft:interact_with_blast_furnace":13,"minecraft:walk_on_water_one_cm":34295,"minecraft:total_world_time":213827,"minecraft:interact_with_furnace":22,"minecraft:pot_flower":1,"minecraft:interact_with_grindstone":1,"minecraft:sleep_in_bed":11,"minecraft:time_since_rest":2446,"minecraft:damage_taken":2147483647,"minecraft:trigger_trapped_chest":1,"minecraft:damage_dealt":8828,"minecraft:swim_one_cm":117399,"minecraft:fly_one_cm":1461075,"minecraft:open_chest":53,"minecraft:crouch_one_cm":2220,"tombstone:undead_killed":24,"minecraft:interact_with_smoker":1,"minecraft:fall_one_cm":174858},"minecraft:killed":{"divinerpg:cave_crawler":1,"alexsmobs:rattlesnake":1,"minecraft:skeleton":5,"divinerpg:kobblin":2,"minecraft:drowned":1,"minecraft:sheep":5,"divinerpg:miner":1,"alexsmobs:cockroach":1,"alexsmobs:crocodile":1,"minecraft:zombie":13,"iceandfire:ghost":4,"minecraft:cow":2},"minecraft:picked_up":{"regions_unexplored:small_oak_log":10,"minecraft:crafting_table":3,"minecraft:wheat":11,"minecraft:flower_pot":1,"iceandfire:armor_copper_metal_chestplate":1,"minecraft:wooden_pickaxe":2,"regions_unexplored:silt_dirt":25,"minecraft:wither_rose":3,"regions_unexplored:stripped_eucalyptus_log":1,"minecraft:shield":1,"minecraft:string":5,"divinerpg:realmite_helmet":2,"minecraft:iron_axe":1,"minecraft:iron_leggings":1,"minecraft:armor_stand":3,"minecraft:beetroot":1,"minecraft:beef":1,"minecraft:chest":1,"divinerpg:divine_planks":1,"crittersandcompanions:clam":1,"minecraft:golden_helmet":1,"minecraft:furnace":7,"iceandfire:ghost_chest":1,"minecraft:raw_iron":47,"minecraft:stick":14,"minecraft:oak_door":2,"iceandfire:armor_copper_metal_leggings":1,"divinerpg:realmite_sword":1,"minecraft:oak_fence":1,"minecraft:torch":10,"divinerpg:terran_shards":2,"tombstone:grave_dust":3,"minecraft:diorite":2,"iceandfire:armor_copper_metal_boots":1,"minecraft:carrot":11,"regions_unexplored:daisy":4,"minecraft:bamboo_block":97,"divinerpg:divine_fence":1,"regions_unexplored:barley":11,"divinerpg:realmite_leggings":2,"divinerpg:realmite_boots":2,"iceandfire:silver_ingot":3,"minecraft:arrow":5,"minecraft:rotten_flesh":33,"regions_unexplored:mauve_sapling":6,"minecraft:beetroot_seeds":4,"regions_unexplored:mauve_log":12,"crittersandcompanions:silk":3,"divinerpg:raw_realmite":115,"minecraft:hay_block":18,"minecraft:mutton":8,"minecraft:cobblestone":206,"minecraft:skeleton_skull":3,"minecraft:white_wool":5,"minecraft:leather_chestplate":1,"regions_unexplored:eucalyptus_log":16,"minecraft:andesite":18,"minecraft:oak_log":44,"iceandfire:ectoplasm":7,"minecraft:yellow_bed":2,"iceandfire:armor_copper_metal_helmet":1,"divinerpg:realmite_chestplate":2,"minecraft:dirt":9,"regions_unexplored:small_oak_sapling":1,"minecraft:bone":12,"minecraft:apple":10,"minecraft:wheat_seeds":51,"minecraft:raw_gold":2,"minecraft:grindstone":1,"minecraft:iron_ingot":11,"minecraft:fletching_table":1,"minecraft:oak_planks":52,"divinerpg:realmite_pickaxe":1,"divinerpg:realmite_ingot":38,"justhammers:iron_hammer":1,"minecraft:dandelion":4,"divinerpg:stripped_divine_log":6,"minecraft:sand":21,"minecraft:blast_furnace":2,"minecraft:spruce_door":1,"minecraft:leather_helmet":1,"alexsmobs:animal_dictionary":2,"regions_unexplored:hyssop":11,"minecraft:slime_ball":1,"regions_unexplored:fireweed":4,"minecraft:stone_axe":1,"minecraft:writable_book":1,"minecraft:iron_helmet":1,"minecraft:granite":2,"minecraft:bread":29,"minecraft:oak_sapling":4,"minecraft:coal":107,"iceandfire:raw_silver":11,"minecraft:wooden_axe":2},"minecraft:dropped":{"minecraft:bread":5,"minecraft:wheat_seeds":6,"crittersandcompanions:clam":1,"minecraft:cobblestone":6,"iceandfire:ectoplasm":1,"minecraft:stick":1,"minecraft:dirt":2,"regions_unexplored:small_oak_log":1,"tombstone:grave_key":1,"minecraft:wooden_axe":3,"regions_unexplored:barley":11,"minecraft:sand":1,"minecraft:string":5,"minecraft:bone":7,"minecraft:stone_axe":1,"minecraft:rotten_flesh":19,"minecraft:oak_planks":2,"crittersandcompanions:silk":3,"minecraft:hay_block":4,"minecraft:andesite":2,"divinerpg:divine_planks":4,"minecraft:slime_ball":1,"minecraft:arrow":1,"minecraft:stone_pickaxe":1,"minecraft:wooden_pickaxe":3},"minecraft:broken":{"divinerpg:realmite_boots":1,"divinerpg:realmite_leggings":1,"divinerpg:realmite_chestplate":1,"minecraft:stone_axe":1,"minecraft:iron_pickaxe":1,"divinerpg:realmite_helmet":1}},"DataVersion":3465}