{"stats":{"minecraft:mined":{"minecraft:cherry_log":30,"divinerpg:realmite_ore":99,"minecraft:granite":2,"minecraft:grass_block":6,"minecraft:tall_seagrass":1,"minecraft:glowstone":1,"minecraft:iron_ore":44,"minecraft:cobbled_deepslate":2,"minecraft:fletching_table":1,"minecraft:potted_dandelion":1,"minecraft:dirt_path":1,"regions_unexplored:silt_grass_block":28,"regions_unexplored:dead_steppe_shrub":1,"regions_unexplored:red_lupine":1,"minecraft:torch":3,"minecraft:blast_furnace":2,"regions_unexplored:small_desert_shrub":2,"iceandfire:ghost_chest":1,"minecraft:chest":1,"minecraft:dead_bush":5,"minecraft:cobblestone":14,"minecraft:grindstone":1,"minecraft:oak_planks":2,"minecraft:wall_torch":12,"minecraft:pink_petals":47,"minecraft:skeleton_skull":2,"regions_unexplored:hyssop":13,"minecraft:wheat":12,"minecraft:wither_rose":3,"minecraft:grass":78,"minecraft:oak_log":42,"minecraft:beetroots":1,"minecraft:sand":23,"minecraft:dirt":1,"minecraft:oak_leaves":8,"minecraft:deepslate":2,"regions_unexplored:fireweed":4,"iceandfire:silver_ore":10,"regions_unexplored:barley":10,"minecraft:oak_door":1,"biomesoplenty:desert_grass":1,"regions_unexplored:silver_birch_shrub":1,"minecraft:sandstone":13,"minecraft:large_fern":1,"minecraft:hay_block":98,"regions_unexplored:baobab_log":15,"minecraft:furnace":7,"minecraft:carrots":6,"minecraft:andesite":23,"divinerpg:stripped_divine_log":3,"minecraft:bell":2,"minecraft:deepslate_iron_ore":4,"minecraft:vine":4,"crittersandcompanions:silk_cocoon":2,"regions_unexplored:medium_grass":68,"regions_unexplored:small_oak_log":9,"minecraft:stone":84,"regions_unexplored:windswept_grass":13,"minecraft:podzol":3,"minecraft:spruce_door":1,"minecraft:dandelion":3,"minecraft:oak_fence":1,"minecraft:crafting_table":3,"regions_unexplored:baobab_shrub":1,"minecraft:tall_grass":80,"regions_unexplored:mauve_log":25,"regions_unexplored:daisy":4,"minecraft:diorite":2,"minecraft:yellow_bed":2,"regions_unexplored:sandy_grass":3,"minecraft:coal_ore":74,"minecraft:cherry_leaves":5,"minecraft:sunflower":1,"minecraft:cobweb":2,"divinerpg:realmite_ore_deepslate":5,"minecraft:gold_ore":2,"minecraft:fern":7},"minecraft:killed_by":{"divinerpg:cave_crawler":1,"divinerpg:kobblin":4,"divinerpg:caveclops":1,"alexsmobs:grizzly_bear":1,"iceandfire:fire_dragon":1,"minecraft:player":15,"iceandfire:gorgon":3,"minecraft:skeleton":3,"divinerpg:arid_warrior":1,"iceandfire:ghost":4},"minecraft:used":{"minecraft:beetroot":1,"minecraft:chest":7,"minecraft:shield":117,"regions_unexplored:red_lupine":1,"minecraft:mutton":3,"minecraft:carrot":14,"regions_unexplored:mauve_sapling":1,"regions_unexplored:barley":1,"divinerpg:realmite_boots":2,"regions_unexplored:baobab_shrub":1,"iceandfire:ghost_chest":1,"minecraft:stone_bricks":2,"minecraft:bow":1,"minecraft:furnace":8,"minecraft:oak_sapling":4,"minecraft:beetroot_seeds":4,"regions_unexplored:small_oak_sapling":1,"divinerpg:realmite_axe":152,"minecraft:diorite":2,"minecraft:spruce_door":1,"minecraft:stone_pickaxe":74,"minecraft:oak_planks":3,"minecraft:wooden_pickaxe":16,"minecraft:sandstone":6,"minecraft:sand":23,"divinerpg:realmite_leggings":2,"minecraft:blast_furnace":2,"minecraft:bread":127,"regions_unexplored:baobab_log":1,"iceandfire:dragon_skull_fire":3,"minecraft:grindstone":1,"minecraft:andesite":16,"minecraft:oak_fence":1,"divinerpg:realmite_pickaxe":63,"minecraft:armor_stand":5,"minecraft:oak_door":2,"regions_unexplored:small_oak_log":1,"minecraft:torch":13,"minecraft:dirt":9,"alexsmobs:maraca":33,"minecraft:granite":2,"regions_unexplored:hyssop":1,"minecraft:wooden_axe":10,"minecraft:iron_axe":29,"divinerpg:realmite_sword":315,"minecraft:beef":1,"tombstone:gift":4,"divinerpg:realmite_chestplate":2,"divinerpg:realmite_helmet":2,"minecraft:wheat_seeds":21,"divinerpg:realmite_shield":45,"minecraft:fletching_table":1,"minecraft:cracked_stone_bricks":2,"minecraft:crafting_table":7,"minecraft:painting":1,"justhammers:iron_hammer":20,"minecraft:oak_log":11,"minecraft:flower_pot":1,"minecraft:apple":3,"minecraft:iron_pickaxe":252,"minecraft:stone_axe":106,"minecraft:cobblestone":80,"minecraft:yellow_bed":3,"minecraft:dandelion":3,"regions_unexplored:silt_dirt":27},"minecraft:crafted":{"minecraft:oak_planks":124,"minecraft:chest":6,"minecraft:crafting_table":5,"minecraft:wooden_pickaxe":1,"minecraft:iron_helmet":1,"divinerpg:divine_planks":12,"divinerpg:realmite_shield":2,"divinerpg:realmite_pickaxe":1,"minecraft:book":1,"minecraft:paper":3,"minecraft:shield":1,"minecraft:stick":24,"minecraft:iron_ingot":41,"minecraft:iron_pickaxe":1,"divinerpg:realmite_sword":1,"divinerpg:realmite_boots":3,"divinerpg:realmite_helmet":3,"minecraft:furnace":1,"divinerpg:realmite_chestplate":3,"minecraft:iron_axe":1,"divinerpg:realmite_ingot":103,"minecraft:stone_pickaxe":1,"divinerpg:realmite_leggings":4,"minecraft:wheat":873,"iceandfire:silver_ingot":8,"divinerpg:realmite_axe":3,"minecraft:stone_axe":1,"minecraft:bread":303,"minecraft:air":0,"alexsmobs:maraca":1,"justhammers:iron_hammer":1,"minecraft:wooden_axe":1},"minecraft:custom":{"minecraft:interact_with_crafting_table":48,"minecraft:open_barrel":11,"minecraft:bell_ring":1,"minecraft:leave_game":7,"minecraft:time_since_death":1871,"minecraft:sprint_one_cm":1289702,"minecraft:damage_blocked_by_shield":2147483647,"minecraft:drop":104,"minecraft:play_time":355603,"minecraft:deaths":39,"minecraft:jump":10532,"minecraft:walk_on_water_one_cm":54030,"minecraft:interact_with_furnace":30,"minecraft:sleep_in_bed":14,"minecraft:damage_dealt":15359,"minecraft:player_kills":1,"minecraft:crouch_one_cm":2328,"tombstone:undead_killed":34,"minecraft:interact_with_smoker":1,"minecraft:horse_one_cm":2127,"minecraft:mob_kills":62,"minecraft:climb_one_cm":3570,"minecraft:walk_one_cm":773863,"minecraft:sneak_time":1193,"minecraft:walk_under_water_one_cm":33680,"minecraft:interact_with_blast_furnace":14,"minecraft:total_world_time":355603,"tombstone:raider_killed":1,"minecraft:pot_flower":1,"minecraft:interact_with_grindstone":2,"minecraft:time_since_rest":1650,"minecraft:damage_taken":2147483647,"minecraft:trigger_trapped_chest":1,"minecraft:swim_one_cm":188603,"minecraft:fly_one_cm":2937487,"minecraft:open_chest":108,"minecraft:fall_one_cm":317641},"minecraft:killed":{"minecraft:cave_spider":1,"divinerpg:cave_crawler":2,"minecraft:skeleton":9,"alexsmobs:leafcutter_ant":1,"naturalist:firefly":1,"minecraft:sheep":5,"minecraft:pillager":1,"minecraft:zombie":16,"alexsmobs:fly":1,"minecraft:cow":2,"mca:male_zombie_villager":1,"alexsmobs:tarantula_hawk":1,"alexsmobs:rattlesnake":2,"divinerpg:kobblin":3,"minecraft:drowned":1,"alexsmobs:guster":3,"minecraft:rabbit":1,"divinerpg:miner":2,"alexsmobs:cockroach":1,"alexsmobs:crocodile":1,"iceandfire:ghost":5},"minecraft:picked_up":{"minecraft:wooden_axe":2,"alexsmobs:maraca":1,"minecraft:wheat":11,"minecraft:flower_pot":1,"iceandfire:armor_copper_metal_chestplate":2,"regions_unexplored:silt_dirt":28,"minecraft:wither_rose":3,"tombstone:grave_key":1,"regions_unexplored:stripped_eucalyptus_log":1,"minecraft:string":6,"minecraft:iron_leggings":1,"minecraft:armor_stand":5,"minecraft:beetroot":1,"minecraft:cobbled_deepslate":2,"divinerpg:divine_planks":1,"minecraft:furnace":7,"minecraft:golden_helmet":1,"iceandfire:ghost_chest":1,"minecraft:stick":25,"iceandfire:armor_copper_metal_leggings":2,"minecraft:oak_fence":1,"divinerpg:realmite_sword":2,"minecraft:torch":20,"regions_unexplored:barrel_cactus":1,"minecraft:cherry_log":29,"tombstone:grave_dust":5,"minecraft:diorite":2,"regions_unexplored:daisy":4,"regions_unexplored:barley":13,"divinerpg:realmite_boots":5,"minecraft:bamboo_block":97,"minecraft:rotten_flesh":35,"divinerpg:realmite_leggings":5,"regions_unexplored:mauve_log":38,"minecraft:cobblestone":459,"minecraft:pink_petals":102,"minecraft:leather_chestplate":1,"divinerpg:realmite_axe":3,"minecraft:andesite":24,"regions_unexplored:silver_birch_shrub":1,"divinerpg:realmite_chestplate":5,"minecraft:dirt":13,"biomemakeover:crude_fragment":2,"minecraft:bone":18,"minecraft:bow":1,"minecraft:wheat_seeds":59,"minecraft:raw_gold":2,"minecraft:bell":2,"minecraft:grindstone":1,"minecraft:rabbit":1,"minecraft:fletching_table":1,"minecraft:glowstone_dust":3,"minecraft:oak_planks":54,"divinerpg:realmite_shield":3,"divinerpg:realmite_pickaxe":2,"divinerpg:realmite_ingot":40,"justhammers:iron_hammer":1,"iceandfire:dragon_skull_fire":4,"minecraft:sand":46,"divinerpg:stripped_divine_log":9,"alexsmobs:animal_dictionary":2,"regions_unexplored:hyssop":12,"minecraft:writable_book":1,"alexsmobs:rattlesnake_rattle":1,"minecraft:granite":2,"alexsmobs:tarantula_hawk_wing_fragment":1,"minecraft:bread":169,"minecraft:oak_sapling":4,"iceandfire:raw_silver":12,"regions_unexplored:baobab_log":1,"minecraft:crafting_table":3,"minecraft:wooden_pickaxe":2,"minecraft:shield":1,"divinerpg:realmite_helmet":5,"minecraft:iron_axe":3,"minecraft:beef":1,"minecraft:chest":1,"crittersandcompanions:clam":1,"minecraft:sandstone":12,"minecraft:raw_iron":54,"iceandfire:dragonbone":1,"minecraft:oak_door":2,"divinerpg:terran_shards":2,"regions_unexplored:baobab_shrub":1,"iceandfire:armor_copper_metal_boots":2,"minecraft:carrot":11,"divinerpg:divine_fence":1,"regions_unexplored:mauve_sapling":6,"iceandfire:silver_ingot":3,"minecraft:arrow":10,"minecraft:beetroot_seeds":4,"divinerpg:raw_realmite":123,"minecraft:hay_block":98,"crittersandcompanions:silk":8,"minecraft:mutton":8,"minecraft:skeleton_skull":3,"minecraft:white_wool":5,"regions_unexplored:eucalyptus_log":16,"minecraft:glow_ink_sac":4,"minecraft:oak_log":48,"regions_unexplored:red_lupine":1,"iceandfire:ectoplasm":7,"minecraft:yellow_bed":4,"iceandfire:armor_copper_metal_helmet":2,"regions_unexplored:small_oak_sapling":1,"naturalist:glow_goop":1,"minecraft:apple":10,"minecraft:rabbit_hide":1,"minecraft:iron_ingot":11,"minecraft:dandelion":4,"minecraft:blast_furnace":2,"minecraft:spruce_door":1,"minecraft:spider_eye":5,"minecraft:leather_helmet":1,"minecraft:slime_ball":1,"regions_unexplored:fireweed":4,"minecraft:stone_axe":1,"minecraft:iron_helmet":1,"minecraft:cherry_sapling":3,"minecraft:coal":107,"minecraft:sunflower":1,"regions_unexplored:small_oak_log":10},"minecraft:dropped":{"crittersandcompanions:clam":1,"iceandfire:ectoplasm":1,"minecraft:dirt":3,"minecraft:sand":6,"minecraft:bone":8,"minecraft:stone_axe":1,"minecraft:rotten_flesh":19,"minecraft:oak_planks":2,"minecraft:arrow":3,"minecraft:bread":61,"minecraft:wheat_seeds":12,"minecraft:cobblestone":6,"alexsmobs:maraca":1,"minecraft:stick":7,"regions_unexplored:small_oak_log":1,"tombstone:grave_key":2,"minecraft:wooden_axe":3,"regions_unexplored:barley":11,"minecraft:string":5,"crittersandcompanions:silk":8,"minecraft:hay_block":4,"minecraft:andesite":2,"divinerpg:divine_planks":4,"minecraft:spider_eye":4,"minecraft:slime_ball":1,"minecraft:sandstone":6,"minecraft:bow":1,"minecraft:stone_pickaxe":1,"minecraft:wooden_pickaxe":3},"minecraft:broken":{"divinerpg:realmite_leggings":1,"minecraft:stone_axe":1,"divinerpg:realmite_boots":1,"divinerpg:realmite_chestplate":1,"minecraft:iron_pickaxe":1,"divinerpg:realmite_helmet":2}},"DataVersion":3465}