{"stats":{"minecraft:mined":{"minecraft:dark_oak_planks":39,"minecraft:white_bed":3,"minecraft:cherry_log":30,"divinerpg:realmite_ore":99,"minecraft:carved_pumpkin":25,"minecraft:granite":2,"travelersbackpack:red_sleeping_bag":1,"minecraft:acacia_log":2,"biomesoplenty:fir_slab":3,"minecraft:yellow_carpet":1,"minecraft:tall_seagrass":2,"regions_unexplored:stone_bud":1,"iceandfire:dread_torch_wall":1,"minecraft:cobbled_deepslate":2,"minecraft:fire":17,"minecraft:pumpkin":12,"minecraft:fletching_table":1,"minecraft:potted_dandelion":1,"minecraft:dirt_path":3,"biomesoplenty:webbing":3,"minecraft:green_carpet":5,"minecraft:spruce_wood":8,"iceandfire:dread_stone_bricks_cracked":9,"regions_unexplored:silt_grass_block":32,"minecraft:player_head":4,"minecraft:tripwire":7,"regions_unexplored:dead_steppe_shrub":3,"minecraft:red_bed":1,"minecraft:smoker":1,"minecraft:powder_snow":162,"minecraft:torch":10,"minecraft:blast_furnace":2,"minecraft:melon":3,"minecraft:dead_bush":5,"minecraft:cyan_bed":1,"minecraft:sugar_cane":5,"mca:cross_headstone":1,"minecraft:skeleton_skull":3,"regions_unexplored:hyssop":13,"minecraft:wheat":69,"minecraft:wither_rose":7,"iceandfire:dragonforge_ice_input":1,"minecraft:grass":232,"regions_unexplored:oak_shrub":1,"regions_unexplored:clover":6,"minecraft:deepslate":2,"regions_unexplored:fireweed":4,"minecraft:dark_prismarine":14,"regions_unexplored:spruce_shrub":1,"iceandfire:silver_ore":12,"biomesoplenty:desert_grass":3,"minecraft:stripped_birch_log":1,"minecraft:jack_o_lantern":1,"minecraft:shulker_box":13,"biomesoplenty:dead_grass":4,"minecraft:snow":11,"minecraft:acacia_wood":8,"minecraft:andesite":23,"divinerpg:stripped_divine_log":3,"minecraft:potatoes":37,"minecraft:vine":4,"minecraft:bamboo":1,"regions_unexplored:small_oak_log":28,"regions_unexplored:redwood_log":1,"minecraft:bone_block":27,"regions_unexplored:windswept_grass":47,"minecraft:white_wool":6,"regions_unexplored:felicia_daisy":21,"minecraft:birch_stairs":4,"minecraft:light_gray_carpet":3,"minecraft:glass_pane":2,"minecraft:dandelion":3,"regions_unexplored:baobab_shrub":1,"regions_unexplored:silt_dirt":2,"minecraft:campfire":2,"minecraft:tall_grass":132,"regions_unexplored:mauve_log":25,"minecraft:diorite":2,"minecraft:purple_bed":3,"minecraft:white_carpet":9,"regions_unexplored:sandy_grass":9,"minecraft:sunflower":1,"minecraft:gravel":32,"biomesoplenty:stringy_cobweb":2,"minecraft:cobweb":2,"divinerpg:realmite_ore_deepslate":5,"minecraft:acacia_planks":23,"minecraft:gold_ore":2,"minecraft:fern":47,"minecraft:spruce_planks":25,"minecraft:potted_cactus":2,"regions_unexplored:red_maple_shrub":1,"minecraft:spruce_trapdoor":6,"minecraft:grass_block":37,"iceandfire:dread_spawner":1,"regions_unexplored:small_oak_leaves":6,"minecraft:glowstone":1,"biomesoplenty:orange_cosmos":1,"minecraft:iron_ore":47,"minecraft:spruce_slab":7,"regions_unexplored:red_lupine":1,"biomesoplenty:wildflower":1,"biomesoplenty:hanging_cobweb_strand":1,"minecraft:poppy":83,"minecraft:chest":9,"iceandfire:ghost_chest":8,"regions_unexplored:small_desert_shrub":3,"iceandfire:fire_lily":1,"minecraft:cobblestone":25,"minecraft:grindstone":3,"minecraft:oak_planks":13,"regions_unexplored:bamboo_log":1,"minecraft:wall_torch":20,"minecraft:pink_petals":47,"minecraft:seagrass":1,"minecraft:dark_oak_slab":3,"minecraft:yellow_wool":1,"minecraft:tnt":126,"regions_unexplored:steppe_grass":1,"biomesoplenty:fir_log":894,"biomesoplenty:clover":1,"minecraft:oak_log":505,"minecraft:beetroots":16,"minecraft:sand":40,"minecraft:dirt":45,"minecraft:oak_leaves":96,"iceandfire:dread_stone_bricks":14,"minecraft:redstone_lamp":2,"minecraft:red_carpet":1,"regions_unexplored:barley":10,"minecraft:oak_door":1,"biomesoplenty:bush":5,"regions_unexplored:silver_birch_shrub":1,"minecraft:birch_slab":2,"minecraft:acacia_slab":5,"minecraft:sandstone":13,"minecraft:large_fern":4,"minecraft:hay_block":124,"regions_unexplored:baobab_log":15,"minecraft:furnace":8,"minecraft:carrots":96,"biomesoplenty:toadstool":1,"regions_unexplored:white_magnolia_shrub":1,"iceandfire:dragon_bone_block":4,"minecraft:bell":2,"minecraft:bookshelf":1,"minecraft:shroomlight":7,"minecraft:deepslate_iron_ore":4,"crittersandcompanions:silk_cocoon":6,"minecraft:stripped_oak_log":2,"regions_unexplored:medium_grass":117,"biomesoplenty:spider_egg":1,"minecraft:stone":100,"minecraft:redstone_wall_torch":1,"minecraft:podzol":3,"minecraft:red_wool":46,"regions_unexplored:silver_birch_leaf_pile":6,"biomesoplenty:orange_sand":31,"minecraft:snow_block":95,"minecraft:spruce_door":2,"travelersbackpack:standard":14,"minecraft:oak_fence":1,"minecraft:crafting_table":3,"minecraft:rose_bush":10,"biomesoplenty:sprout":6,"biomesoplenty:huge_clover_petal":4,"regions_unexplored:daisy":31,"minecraft:spruce_stairs":4,"minecraft:birch_planks":9,"minecraft:lime_bed":3,"minecraft:cactus":7,"biomesoplenty:fir_fence":2,"minecraft:redstone_torch":1,"minecraft:sweet_berry_bush":15,"minecraft:white_wall_banner":3,"regions_unexplored:red_maple_leaf_pile":6,"minecraft:yellow_bed":3,"minecraft:coal_ore":104,"biomesoplenty:fir_leaves":65,"minecraft:cherry_leaves":5,"minecraft:stripped_acacia_wood":11},"minecraft:crafted":{"minecraft:birch_slab":12,"naturalist:cooked_bass":2,"minecraft:cooked_mutton":10,"minecraft:glass":15,"minecraft:cooked_rabbit":1,"iceandfire:silver_axe":4,"minecraft:cooked_porkchop":188,"minecraft:acacia_slab":48,"travelersbackpack:standard":1,"divinerpg:divine_planks":12,"divinerpg:realmite_pickaxe":1,"divinerpg:realmite_shovel":1,"minecraft:iron_pickaxe":3,"divinerpg:realmite_sword":2,"minecraft:gold_ingot":2,"minecraft:light_gray_dye":3,"divinerpg:realmite_boots":5,"minecraft:light_gray_wool":3,"divinerpg:realmite_chestplate":4,"minecraft:spruce_slab":72,"minecraft:stone_pickaxe":1,"divinerpg:realmite_leggings":5,"minecraft:wheat":1082,"mca:engagement_ring":1,"securitycraft:taser":1,"minecraft:oak_fence_gate":1,"minecraft:wooden_axe":1,"iceandfire:silver_pickaxe":1,"minecraft:oak_planks":420,"minecraft:cooked_chicken":19,"minecraft:stone":485,"minecraft:bow":1,"tombstone:grave_key":1,"minecraft:chest":16,"minecraft:oak_fence":96,"mca:matchmakers_ring":1,"minecraft:crafting_table":8,"minecraft:spruce_planks":32,"minecraft:wooden_pickaxe":1,"minecraft:iron_helmet":1,"minecraft:baked_potato":19,"divinerpg:realmite_shield":3,"minecraft:dark_oak_slab":6,"minecraft:book":1,"minecraft:paper":3,"minecraft:shield":1,"minecraft:stick":172,"minecraft:iron_ingot":165,"minecraft:snow_block":2,"minecraft:oak_door":3,"minecraft:leather_boots":2,"divinerpg:realmite_helmet":6,"minecraft:furnace":1,"minecraft:flint_and_steel":1,"divinerpg:realmite_ingot":112,"minecraft:iron_axe":2,"travelersbackpack:light_gray_sleeping_bag":1,"minecraft:cooked_beef":36,"iceandfire:silver_ingot":11,"travelersbackpack:backpack_tank":2,"minecraft:iron_sword":1,"divinerpg:realmite_axe":4,"minecraft:bucket":5,"minecraft:stone_axe":1,"minecraft:bread":391,"minecraft:air":0,"regions_unexplored:redwood_planks":4,"iceandfire:dragonbone":36,"alexsmobs:maraca":1,"justhammers:iron_hammer":1,"minecraft:stonecutter":1,"minecraft:acacia_planks":40,"minecraft:torch":12,"mca:wedding_ring":1},"minecraft:picked_up":{"iceandfire:dread_stone_bricks":13,"minecraft:iron_chestplate":3,"minecraft:flower_pot":1,"minecraft:prismarine_shard":3,"securitycraft:taser":14,"regions_unexplored:silt_dirt":108,"minecraft:oak_stairs":16,"minecraft:wither_rose":7,"minecraft:enchanted_book":1,"iceandfire:manuscript":5,"minecraft:string":30,"minecraft:shroomlight":2,"minecraft:beetroot":6,"minecraft:gold_nugget":20,"minecraft:cobbled_deepslate":2,"travelersbackpack:enderman":1,"minecraft:spruce_planks":13,"minecraft:melon_slice":18,"minecraft:coal_block":2,"minecraft:golden_helmet":1,"divinerpg:realmite_sword":6,"minecraft:acacia_log":2,"regions_unexplored:barrel_cactus":1,"iceandfire:dread_torch":8,"tombstone:bone_needle":1,"minecraft:cherry_log":29,"minecraft:golden_chestplate":2,"divinerpg:ice_shards":47,"minecraft:bamboo_block":97,"divinerpg:realmite_boots":11,"minecraft:stone_sword":1,"divinerpg:realmite_leggings":9,"minecraft:carved_pumpkin":97,"biomesoplenty:fir_slab":5,"friendsandfoes:waxed_oxidized_copper_button":2,"minecraft:snowball":1074,"iceandfire:sapphire_gem":15,"minecraft:feather":32,"minecraft:cooked_beef":7,"minecraft:birch_slab":2,"divinerpg:tomato":6,"minecraft:water_bucket":8,"minecraft:brown_wool":1,"regions_unexplored:white_magnolia_shrub":1,"regions_unexplored:silver_birch_shrub":1,"minecraft:smoker":1,"biomesoplenty:fir_sapling":42,"biomesoplenty:fir_log":986,"minecraft:flint":9,"divinerpg:realmite_chestplate":9,"travelersbackpack:gold_tier_upgrade":1,"minecraft:lantern":1,"biomemakeover:crude_fragment":2,"minecraft:rabbit":1,"minecraft:glowstone_dust":3,"divinerpg:realmite_shield":12,"regions_unexplored:bamboo_log":3,"divinerpg:realmite_pickaxe":7,"divinerpg:realmite_ingot":110,"minecraft:stripped_acacia_wood":9,"iceandfire:dragon_skull_fire":9,"iceandfire:shiny_scales":10,"alexsmobs:animal_dictionary":2,"minecraft:bundle":4,"regions_unexplored:hyssop":12,"divinerpg:bloodgem":1,"minecraft:writable_book":1,"regions_unexplored:clover":13,"minecraft:granite":2,"alexsmobs:tarantula_hawk_wing_fragment":1,"minecraft:bread":202,"alexsmobs:maggot":2,"minecraft:jack_o_lantern":1,"minecraft:light_gray_carpet":3,"regions_unexplored:baobab_log":1,"iceandfire:raw_silver":15,"minecraft:crafting_table":3,"iceandfire:witherbone":23,"minecraft:leather_leggings":1,"minecraft:redstone_lamp":2,"divinerpg:arlemite_shickaxe":2,"minecraft:red_bed":1,"divinerpg:realmite_helmet":10,"minecraft:flint_and_steel":1,"minecraft:white_carpet":9,"iceandfire:ghost_ingot":1,"iceandfire:graveyard_soil":2,"minecraft:cracked_stone_bricks":1,"minecraft:netherite_sword":5,"minecraft:beef":37,"iceandfire:dread_knight_sword":5,"iceandfire:dread_shard":19,"minecraft:iron_nugget":16,"minecraft:poppy":64,"minecraft:spruce_slab":8,"minecraft:chest":10,"minecraft:egg":92,"minecraft:sandstone":16,"minecraft:stone":181,"minecraft:oak_door":3,"divinerpg:terran_shards":26,"divinerpg:marsine_seeds":3,"regions_unexplored:green_bioshroom_stem":4,"iceandfire:armor_copper_metal_boots":10,"minecraft:carrot":310,"minecraft:redstone":1,"minecraft:prismarine_crystals":13,"iceandfire:dragon_skull_ice":20,"regions_unexplored:purple_coneflower":1,"minecraft:tnt":261,"regions_unexplored:mauve_sapling":6,"minecraft:beetroot_seeds":31,"regions_unexplored:felicia_daisy":26,"minecraft:hay_block":128,"minecraft:gold_ingot":19,"minecraft:mutton":12,"biomesoplenty:orange_sand":33,"minecraft:white_wool":25,"minecraft:bone_block":30,"minecraft:stripped_oak_log":2,"minecraft:lime_bed":3,"regions_unexplored:eucalyptus_log":16,"minecraft:acacia_wood":10,"minecraft:oak_log":672,"iceandfire:armor_copper_metal_helmet":10,"minecraft:white_banner":3,"minecraft:apple":14,"minecraft:stone_bricks":1,"iceandfire:troll_leather_frost":3,"minecraft:oak_fence_gate":1,"minecraft:cobweb":9,"tombstone:bag_of_seeds":1,"minecraft:glass_bottle":1,"minecraft:iron_sword":5,"minecraft:dark_oak_slab":3,"minecraft:sweet_berries":71,"minecraft:red_wool":43,"regions_unexplored:oak_shrub":1,"minecraft:gravel":107,"minecraft:birch_stairs":4,"minecraft:spruce_log":1,"minecraft:leather_helmet":3,"travelersbackpack:standard":23,"iceandfire:dragon_flute":1,"iceandfire:silver_sword":1,"minecraft:purple_bed":3,"minecraft:slime_ball":25,"regions_unexplored:fireweed":4,"minecraft:stone_axe":1,"iceandfire:dragonforge_ice_input":4,"minecraft:baked_potato":1,"minecraft:ender_pearl":1,"minecraft:wheat":83,"alexsmobs:maraca":1,"minecraft:yellow_wool":1,"iceandfire:armor_copper_metal_chestplate":10,"tombstone:grave_key":4,"regions_unexplored:stripped_eucalyptus_log":1,"minecraft:raw_copper":4,"minecraft:armor_stand":13,"minecraft:iron_leggings":4,"minecraft:experience_bottle":2,"travelersbackpack:blaze":1,"biomesoplenty:fir_planks":44,"minecraft:bucket":4,"iceandfire:frost_lily":1,"minecraft:rose_bush":5,"minecraft:redstone_torch":2,"minecraft:iron_pickaxe":1,"divinerpg:divine_planks":1,"minecraft:iron_boots":2,"regions_unexplored:redwood_log":1,"minecraft:furnace":8,"minecraft:stick":137,"iceandfire:ghost_chest":8,"iceandfire:armor_copper_metal_leggings":10,"minecraft:oak_fence":6,"minecraft:torch":85,"minecraft:spruce_stairs":4,"minecraft:porkchop":82,"iceandfire:rotten_egg":2,"tombstone:grave_dust":48,"minecraft:diorite":2,"aether:golden_gloves":1,"regions_unexplored:daisy":36,"regions_unexplored:barley":13,"minecraft:cactus":13,"minecraft:rotten_flesh":109,"regions_unexplored:mauve_log":38,"minecraft:obsidian":4,"biomesoplenty:orange_cosmos":1,"minecraft:cobblestone":2757,"minecraft:pink_petals":102,"minecraft:leather_chestplate":1,"divinerpg:realmite_axe":13,"minecraft:andesite":33,"minecraft:potato":68,"minecraft:wither_skeleton_skull":3,"minecraft:dirt":103,"minecraft:stripped_birch_log":1,"minecraft:name_tag":1,"minecraft:leather_boots":1,"minecraft:bone":118,"minecraft:acacia_planks":31,"minecraft:bow":3,"minecraft:wheat_seeds":249,"minecraft:bell":2,"minecraft:raw_gold":2,"minecraft:grindstone":3,"minecraft:fletching_table":1,"minecraft:bamboo":244,"minecraft:oak_planks":135,"biomesoplenty:toadstool":1,"minecraft:cooked_porkchop":9,"justhammers:iron_hammer":2,"divinerpg:stripped_divine_log":9,"minecraft:sand":62,"biomesoplenty:fir_fence":1,"minecraft:cyan_bed":1,"divinerpg:aquatic_pellets":1,"divinerpg:arlemite_boots":2,"minecraft:shulker_box":13,"minecraft:mossy_cobblestone":11,"minecraft:dark_prismarine":14,"iceandfire:dragon_bone_block":8,"minecraft:yellow_carpet":7,"minecraft:diamond":1,"alexsmobs:rattlesnake_rattle":1,"minecraft:crossbow":2,"minecraft:emerald":20,"minecraft:oak_sapling":26,"divinerpg:realmite_shovel":4,"minecraft:charcoal":2,"minecraft:chicken":25,"iceandfire:fire_lily":1,"minecraft:wooden_pickaxe":3,"minecraft:cooked_rabbit":1,"minecraft:diamond_horse_armor":1,"minecraft:chain":2,"regions_unexplored:red_maple_leaf_pile":9,"minecraft:shield":4,"iceandfire:silver_hoe":3,"minecraft:moss_carpet":3,"minecraft:iron_axe":3,"divinerpg:aqua_ball":3,"minecraft:player_head":4,"minecraft:light_gray_wool":3,"biomesoplenty:wildflower":1,"minecraft:sugar_cane":40,"minecraft:spruce_trapdoor":14,"crittersandcompanions:clam":1,"minecraft:raw_iron":170,"iceandfire:dragonbone":61,"regions_unexplored:silver_birch_leaf_pile":11,"regions_unexplored:blue_lupine":3,"regions_unexplored:baobab_shrub":1,"divinerpg:ice_stone":1,"alexsmobs:leafcutter_ant_pupa":3,"minecraft:dark_oak_planks":28,"divinerpg:divine_fence":1,"divinerpg:white_mushroom":3,"iceandfire:silver_ingot":6,"minecraft:arrow":38,"divinerpg:raw_realmite":123,"crittersandcompanions:silk":20,"minecraft:skeleton_skull":7,"iceandfire:silver_axe":1,"minecraft:netherite_boots":1,"minecraft:golden_carrot":5,"minecraft:glow_ink_sac":4,"minecraft:leather":17,"minecraft:birch_planks":9,"regions_unexplored:red_lupine":1,"iceandfire:ectoplasm":16,"iceandfire:dread_stone_bricks_cracked":18,"minecraft:gunpowder":6,"minecraft:yellow_bed":8,"minecraft:cobblestone_wall":1,"minecraft:cobblestone_stairs":59,"regions_unexplored:small_oak_sapling":1,"naturalist:glow_goop":1,"naturalist:bass":2,"minecraft:red_carpet":1,"minecraft:rabbit_hide":8,"minecraft:spruce_wood":8,"minecraft:iron_ingot":40,"regions_unexplored:yellow_lupine":2,"minecraft:pumpkin":36,"minecraft:bamboo_planks":6,"minecraft:dandelion":8,"divinerpg:cyclops_eye_shards":18,"minecraft:blast_furnace":2,"divinerpg:ender_shards":2,"minecraft:white_bed":3,"minecraft:spruce_door":1,"minecraft:green_carpet":7,"minecraft:spider_eye":15,"minecraft:chainmail_leggings":3,"minecraft:iron_helmet":7,"minecraft:cherry_sapling":3,"tombstone:magic_scroll":1,"minecraft:acacia_slab":5,"minecraft:coal":337,"minecraft:sunflower":1,"regions_unexplored:small_oak_log":29,"minecraft:wooden_axe":2},"minecraft:used":{"minecraft:beetroot":1,"minecraft:spruce_slab":28,"iceandfire:dragon_skull_ice":12,"minecraft:chest":23,"minecraft:rotten_flesh":2,"regions_unexplored:red_lupine":1,"regions_unexplored:mauve_sapling":1,"naturalist:cooked_bass":2,"minecraft:snowball":3,"regions_unexplored:barley":1,"divinerpg:realmite_boots":2,"regions_unexplored:baobab_shrub":1,"iceandfire:ghost_chest":5,"minecraft:dark_oak_slab":6,"regions_unexplored:silver_birch_leaf_pile":9,"divinerpg:arlemite_shickaxe":35,"minecraft:bow":1,"minecraft:oak_sapling":9,"minecraft:sweet_berries":30,"minecraft:furnace":9,"regions_unexplored:small_oak_sapling":1,"minecraft:egg":73,"minecraft:potato":62,"divinerpg:realmite_axe":985,"minecraft:diorite":2,"minecraft:spruce_door":1,"minecraft:wooden_pickaxe":43,"iceandfire:dread_stone_bricks":9,"minecraft:sand":24,"divinerpg:realmite_leggings":3,"minecraft:blast_furnace":2,"iceandfire:silver_pickaxe":1,"minecraft:birch_slab":13,"minecraft:stripped_acacia_wood":6,"iceandfire:silver_sword":154,"minecraft:carved_pumpkin":1,"minecraft:armor_stand":11,"minecraft:torch":43,"regions_unexplored:clover":6,"minecraft:yellow_carpet":3,"regions_unexplored:hyssop":1,"regions_unexplored:daisy":2,"minecraft:iron_axe":44,"minecraft:beef":1,"tombstone:gift":10,"divinerpg:realmite_chestplate":3,"minecraft:acacia_planks":7,"minecraft:wheat_seeds":39,"minecraft:water_bucket":60,"minecraft:birch_planks":3,"divinerpg:tomato":3,"minecraft:fletching_table":1,"minecraft:cracked_stone_bricks":2,"biomesoplenty:fir_slab":1,"minecraft:crafting_table":10,"minecraft:white_bed":2,"justhammers:iron_hammer":365,"minecraft:oak_log":92,"minecraft:dark_prismarine":10,"minecraft:iron_pickaxe":253,"divinerpg:realmite_shovel":147,"minecraft:spruce_trapdoor":3,"minecraft:purple_bed":2,"minecraft:green_carpet":3,"travelersbackpack:standard":19,"minecraft:cobblestone":205,"minecraft:cooked_porkchop":52,"biomesoplenty:fir_log":141,"minecraft:dandelion":3,"iceandfire:dread_stone_bricks_cracked":6,"regions_unexplored:silt_dirt":31,"minecraft:shield":221,"minecraft:iron_sword":98,"minecraft:mutton":4,"minecraft:carrot":280,"divinerpg:smoldering_tar_bucket":2,"biomesoplenty:fir_sapling":42,"minecraft:iron_helmet":1,"minecraft:stone_bricks":2,"minecraft:beetroot_seeds":4,"biomesoplenty:fir_fence":1,"minecraft:stone_pickaxe":74,"minecraft:oak_planks":13,"minecraft:ender_pearl":1,"minecraft:sandstone":6,"minecraft:white_wool":6,"iceandfire:silver_axe":1151,"minecraft:redstone_torch":1,"minecraft:bread":244,"minecraft:string":2,"regions_unexplored:bamboo_log":1,"tombstone:grave_key":6,"minecraft:gravel":52,"regions_unexplored:baobab_log":1,"iceandfire:dragon_skull_fire":7,"minecraft:grindstone":2,"minecraft:cooked_rabbit":1,"minecraft:andesite":16,"minecraft:oak_fence":3,"minecraft:netherite_sword":516,"minecraft:rose_bush":1,"divinerpg:realmite_pickaxe":256,"minecraft:flint_and_steel":52,"minecraft:spruce_planks":4,"minecraft:cooked_chicken":3,"minecraft:oak_door":7,"regions_unexplored:small_oak_log":4,"minecraft:dirt":59,"alexsmobs:maraca":33,"minecraft:spruce_stairs":1,"minecraft:shulker_box":10,"minecraft:granite":2,"minecraft:dark_oak_planks":2,"minecraft:wooden_axe":10,"alexsmobs:maggot":2,"minecraft:acacia_slab":49,"biomesoplenty:orange_sand":54,"divinerpg:realmite_sword":551,"minecraft:golden_carrot":5,"minecraft:cooked_beef":36,"minecraft:pumpkin":1,"minecraft:bamboo_planks":6,"divinerpg:realmite_helmet":4,"minecraft:powder_snow_bucket":6,"minecraft:iron_leggings":1,"minecraft:cooked_mutton":10,"minecraft:snow_block":2,"minecraft:baked_potato":19,"iceandfire:dread_knight_sword":285,"divinerpg:realmite_shield":127,"minecraft:stonecutter":1,"minecraft:lime_bed":3,"minecraft:painting":1,"minecraft:flower_pot":1,"minecraft:apple":3,"biomesoplenty:toadstool":1,"minecraft:stone_axe":106,"minecraft:white_banner":2,"minecraft:bucket":79,"minecraft:yellow_bed":7,"alexsmobs:animal_dictionary":2},"minecraft:custom":{"minecraft:interact_with_crafting_table":122,"minecraft:open_barrel":24,"minecraft:bell_ring":2,"minecraft:leave_game":26,"minecraft:time_since_death":5955,"minecraft:damage_blocked_by_shield":2147483647,"minecraft:play_time":1370600,"minecraft:deaths":166,"tombstone:tomb_raiding":3,"minecraft:jump":37016,"minecraft:interact_with_furnace":180,"minecraft:sleep_in_bed":50,"tombstone:sneak_grave":11,"minecraft:damage_dealt":106396,"tombstone:undead_killed":160,"minecraft:interact_with_smoker":16,"minecraft:inspect_dispenser":1,"minecraft:horse_one_cm":13731,"minecraft:sneak_time":15857,"minecraft:interact_with_blast_furnace":19,"minecraft:total_world_time":1370600,"tombstone:raider_killed":6,"minecraft:interact_with_stonecutter":9,"minecraft:time_since_rest":887,"minecraft:swim_one_cm":992915,"minecraft:fly_one_cm":9072948,"minecraft:open_chest":923,"minecraft:fall_one_cm":1116599,"minecraft:open_shulker_box":34,"minecraft:sprint_one_cm":4714150,"minecraft:drop":452,"minecraft:walk_on_water_one_cm":203936,"minecraft:player_kills":19,"minecraft:crouch_one_cm":45851,"tombstone:villager_killed":3,"minecraft:mob_kills":335,"minecraft:interact_with_campfire":4,"minecraft:climb_one_cm":10227,"minecraft:walk_one_cm":3108178,"minecraft:walk_under_water_one_cm":167505,"minecraft:pot_flower":1,"minecraft:interact_with_grindstone":5,"minecraft:damage_taken":2147483647,"minecraft:trigger_trapped_chest":2},"minecraft:broken":{"aether:golden_gloves":1,"minecraft:iron_chestplate":1,"divinerpg:realmite_sword":1,"minecraft:leather_helmet":1,"minecraft:wooden_pickaxe":1,"divinerpg:realmite_chestplate":3,"minecraft:iron_pickaxe":1,"iceandfire:silver_axe":2,"minecraft:netherite_boots":1,"divinerpg:realmite_axe":2,"divinerpg:realmite_leggings":3,"minecraft:stone_axe":1,"divinerpg:realmite_boots":2,"minecraft:leather_boots":1,"divinerpg:realmite_helmet":5},"minecraft:dropped":{"biomesoplenty:fir_log":3,"minecraft:iron_sword":4,"minecraft:porkchop":6,"crittersandcompanions:clam":1,"minecraft:diamond":1,"minecraft:cooked_porkchop":25,"minecraft:crossbow":1,"iceandfire:ectoplasm":5,"divinerpg:aquatic_pellets":1,"minecraft:leather_helmet":3,"minecraft:emerald":12,"minecraft:dirt":27,"minecraft:sand":11,"minecraft:iron_pickaxe":3,"minecraft:dark_oak_planks":2,"divinerpg:realmite_ingot":9,"minecraft:white_wool":34,"minecraft:bone":43,"minecraft:stone_axe":1,"minecraft:sugar_cane":16,"minecraft:netherite_sword":1,"minecraft:wheat":1,"minecraft:obsidian":3,"minecraft:rotten_flesh":52,"minecraft:oak_planks":41,"regions_unexplored:oak_shrub":1,"regions_unexplored:redwood_planks":4,"regions_unexplored:red_lupine":2,"minecraft:charcoal":2,"biomesoplenty:wildflower":1,"minecraft:egg":1,"minecraft:iron_ingot":79,"minecraft:wheat_seeds":128,"divinerpg:cyclops_eye_shards":2,"minecraft:oak_fence":7,"minecraft:iron_helmet":7,"minecraft:cobblestone":547,"naturalist:glow_goop":6,"minecraft:yellow_carpet":6,"regions_unexplored:daisy":6,"regions_unexplored:small_oak_log":1,"minecraft:wooden_axe":3,"regions_unexplored:barley":243,"minecraft:stripped_birch_log":1,"minecraft:oak_stairs":13,"minecraft:pumpkin":1,"minecraft:chainmail_leggings":2,"minecraft:string":11,"minecraft:moss_carpet":1,"regions_unexplored:bamboo_log":2,"minecraft:experience_bottle":2,"minecraft:iron_boots":2,"crittersandcompanions:silk":8,"minecraft:hay_block":4,"minecraft:stone":54,"minecraft:spruce_planks":2,"divinerpg:divine_planks":4,"minecraft:yellow_bed":1,"minecraft:spider_eye":7,"minecraft:bamboo":216,"minecraft:sandstone":6,"divinerpg:realmite_boots":1,"minecraft:bow":2,"regions_unexplored:silt_dirt":79,"minecraft:cooked_rabbit":2,"regions_unexplored:blue_lupine":3,"friendsandfoes:waxed_oxidized_copper_button":2,"minecraft:oak_log":2,"minecraft:baked_potato":1,"minecraft:lantern":1,"minecraft:leather":5,"travelersbackpack:standard":6,"minecraft:cobblestone_stairs":6,"minecraft:flint":2,"regions_unexplored:red_maple_leaf_pile":1,"minecraft:snowball":6,"iceandfire:silver_hoe":4,"regions_unexplored:felicia_daisy":9,"minecraft:gravel":7,"divinerpg:realmite_helmet":1,"securitycraft:taser":6,"minecraft:cooked_mutton":3,"divinerpg:terran_shards":7,"minecraft:carrot":32,"travelersbackpack:gold_tier_upgrade":1,"iceandfire:armor_silver_metal_boots":1,"minecraft:gunpowder":4,"minecraft:beetroot_seeds":6,"minecraft:chest":1,"minecraft:arrow":43,"minecraft:water_bucket":3,"minecraft:bread":61,"regions_unexplored:yellow_lupine":4,"biomesoplenty:fir_slab":2,"iceandfire:dragon_flute":1,"alexsmobs:maraca":1,"minecraft:stick":22,"biomesoplenty:orange_sand":43,"minecraft:torch":108,"tombstone:grave_key":7,"tombstone:grave_dust":3,"minecraft:iron_leggings":5,"minecraft:green_carpet":2,"minecraft:iron_axe":2,"regions_unexplored:poppy_bush":8,"minecraft:bucket":3,"divinerpg:arlemite_boots":1,"minecraft:sweet_berries":50,"alexsmobs:maggot":1,"divinerpg:aqua_ball":1,"minecraft:raw_copper":4,"iceandfire:witherbone":3,"minecraft:wither_skeleton_skull":1,"minecraft:shulker_box":3,"minecraft:shield":5,"minecraft:iron_chestplate":4,"minecraft:andesite":3,"minecraft:purple_bed":1,"minecraft:oak_sapling":1,"minecraft:slime_ball":6,"minecraft:stone_pickaxe":1,"minecraft:wooden_pickaxe":3},"minecraft:killed_by":{"divinerpg:jungle_spider":1,"divinerpg:miner":1,"minecraft:zombie":3,"alexsmobs:grizzly_bear":1,"divinerpg:arid_warrior":1,"divinerpg:glacon":4,"iceandfire:ghost":7,"minecraft:wither_skeleton":2,"minecraft:creeper":3,"divinerpg:cave_crawler":2,"divinerpg:kobblin":9,"iceandfire:dread_ghoul":16,"divinerpg:caveclops":1,"iceandfire:ice_dragon":1,"iceandfire:fire_dragon":3,"minecraft:player":62,"iceandfire:dread_scuttler":6,"minecraft:enderman":1,"minecraft:iron_golem":1,"iceandfire:dread_knight":3,"iceandfire:gorgon":3,"minecraft:skeleton":6,"divinerpg:pumpkin_spider":5},"minecraft:killed":{"alexsmobs:lobster":1,"minecraft:cave_spider":3,"divinerpg:cave_crawler":2,"minecraft:skeleton":18,"alexsmobs:leafcutter_ant":4,"iceandfire:dread_scuttler":6,"naturalist:firefly":1,"minecraft:pillager":2,"minecraft:zombie":50,"mca:male_villager":1,"iceandfire:dread_ghoul":14,"minecraft:cow":19,"divinerpg:jungle_dramcryx":1,"mca:female_zombie_villager":1,"mca:male_zombie_villager":1,"divinerpg:cyclops":24,"divinerpg:glacon":5,"iceandfire:dread_knight":9,"iceandfire:siren":3,"divinerpg:kobblin":8,"minecraft:snow_golem":1,"alexsmobs:guster":3,"divinerpg:arid_warrior":1,"endermanoverhaul:snowy_enderman":1,"minecraft:rabbit":1,"divinerpg:pumpkin_spider":9,"divinerpg:miner":8,"alexsmobs:crocodile":1,"iceandfire:ghost":9,"divinerpg:jungle_spider":1,"mca:female_villager":1,"minecraft:spider":6,"minecraft:pig":4,"minecraft:creeper":1,"minecraft:sheep":8,"alexsmobs:fly":3,"alexsmobs:tarantula_hawk":1,"alexsmobs:rattlesnake":2,"iceandfire:dread_thrall":7,"naturalist:bass":2,"minecraft:drowned":1,"minecraft:hoglin":29,"alexsmobs:cockroach":1,"divinerpg:frost":4,"minecraft:wither_skeleton":42,"minecraft:villager":1}},"DataVersion":3465}