{"stats":{"minecraft:used":{"minecraft:stone_sword":72,"minecraft:iron_shovel":12,"travelersbackpack:lapis":1,"minecraft:spruce_planks":5,"minecraft:shield":19,"minecraft:wooden_shovel":59,"minecraft:rotten_flesh":9,"minecraft:iron_chestplate":2,"minecraft:torch":31,"minecraft:dirt":34,"minecraft:carrot":110,"minecraft:wooden_axe":3,"minecraft:iron_axe":911,"minecraft:grass_block":1,"biomesoplenty:fir_sapling":47,"minecraft:iron_helmet":2,"minecraft:iron_boots":2,"minecraft:sweet_berries":192,"tombstone:gift":1,"minecraft:egg":4,"minecraft:cooked_beef":5,"minecraft:pumpkin":2,"biomesoplenty:fir_fence":2,"minecraft:iron_leggings":2,"minecraft:water_bucket":85,"minecraft:stone_pickaxe":116,"minecraft:baked_potato":62,"minecraft:wooden_pickaxe":54,"biomesoplenty:fir_leaves":60,"biomesoplenty:fir_planks":37,"biomesoplenty:fir_slab":6,"minecraft:crafting_table":2,"iceandfire:silver_axe":63,"divinerpg:frost_sword":347,"minecraft:shears":952,"minecraft:iron_pickaxe":5,"minecraft:gravel":10,"minecraft:stone_axe":1,"minecraft:coal_block":1,"minecraft:wooden_sword":53,"minecraft:cobblestone":23,"minecraft:cooked_porkchop":20,"minecraft:bucket":84,"biomesoplenty:fir_log":8},"minecraft:dropped":{"biomesoplenty:fir_log":511,"divinerpg:cyclops_eye_shards":9,"minecraft:wheat_seeds":3,"minecraft:diamond":6,"divinerpg:ice_shards":4,"minecraft:iron_helmet":1,"minecraft:cobblestone":555,"minecraft:lead":1,"minecraft:leather":1,"divinerpg:frost_sword":1,"regions_unexplored:bleeding_heart":1,"iceandfire:dread_stone_bricks_cracked":4,"minecraft:coal_block":1,"biomesoplenty:fir_sapling":10,"minecraft:dirt":3,"tombstone:grave_key":3,"tombstone:grave_dust":1,"minecraft:wooden_sword":1,"minecraft:pumpkin":6,"minecraft:iron_axe":9,"minecraft:string":4,"minecraft:spruce_sapling":1,"minecraft:gold_ingot":3,"minecraft:rotten_flesh":2,"regions_unexplored:maple_sapling":1,"divinerpg:terran_shards":4,"biomesoplenty:fir_planks":8,"minecraft:gunpowder":2,"minecraft:spruce_trapdoor":2,"minecraft:iron_chestplate":1,"minecraft:ladder":9,"minecraft:wooden_shovel":1,"minecraft:spider_eye":1,"biomesoplenty:fir_leaves":64,"biomesoplenty:fir_button":1,"minecraft:egg":2},"minecraft:killed":{"divinerpg:cyclops":22,"divinerpg:cave_crawler":1,"minecraft:spider":2,"minecraft:skeleton":1,"divinerpg:glacon":2,"friendsandfoes:glare":1,"divinerpg:kobblin":2,"divinerpg:pumpkin_spider":3,"minecraft:creeper":2,"minecraft:trader_llama":2,"divinerpg:miner":2,"minecraft:zombie":19,"mca:male_villager":1,"divinerpg:frost":2,"minecraft:enderman":1,"minecraft:cow":7},"minecraft:custom":{"minecraft:interact_with_smithing_table":1,"minecraft:interact_with_anvil":2,"minecraft:mob_kills":71,"minecraft:interact_with_crafting_table":22,"minecraft:leave_game":19,"minecraft:time_since_death":30480,"minecraft:climb_one_cm":8187,"minecraft:sprint_one_cm":1304676,"minecraft:walk_one_cm":821795,"minecraft:damage_blocked_by_shield":1029,"minecraft:drop":88,"minecraft:talked_to_villager":2,"minecraft:play_time":475364,"minecraft:deaths":48,"minecraft:sneak_time":22537,"minecraft:walk_under_water_one_cm":91315,"minecraft:jump":12363,"minecraft:walk_on_water_one_cm":36306,"minecraft:total_world_time":475364,"minecraft:interact_with_furnace":55,"tombstone:raider_killed":1,"minecraft:interact_with_grindstone":1,"minecraft:sleep_in_bed":12,"minecraft:time_since_rest":9752,"minecraft:damage_taken":27948,"minecraft:damage_dealt":22828,"minecraft:player_kills":1,"minecraft:swim_one_cm":330061,"minecraft:fly_one_cm":2655682,"minecraft:open_chest":207,"minecraft:crouch_one_cm":79060,"tombstone:undead_killed":22,"tombstone:villager_killed":1,"minecraft:fall_one_cm":452046},"minecraft:killed_by":{"minecraft:player":16,"minecraft:creeper":1,"divinerpg:cave_crawler":1,"minecraft:pillager":1,"divinerpg:kobblin":2,"iceandfire:dread_lich":1,"iceandfire:dread_ghoul":1,"iceandfire:ice_dragon":2,"minecraft:zombie":3,"divinerpg:glacon":1,"iceandfire:fire_dragon":1,"divinerpg:pumpkin_spider":4},"minecraft:broken":{"minecraft:wooden_shovel":1,"minecraft:stone_sword":1,"minecraft:shears":4,"minecraft:iron_boots":1,"minecraft:iron_axe":3,"minecraft:leather_boots":1,"iceandfire:silver_axe":1},"minecraft:crafted":{"minecraft:wooden_sword":1,"minecraft:iron_boots":1,"minecraft:ladder":9,"minecraft:stone_pickaxe":1,"minecraft:wooden_shovel":2,"minecraft:cooked_porkchop":16,"minecraft:crafting_table":1,"minecraft:spruce_planks":8,"minecraft:iron_helmet":1,"minecraft:wooden_pickaxe":1,"minecraft:baked_potato":64,"minecraft:stone_axe":1,"biomesoplenty:fir_planks":72,"minecraft:iron_chestplate":1,"minecraft:shield":1,"minecraft:stick":28,"minecraft:iron_ingot":32,"minecraft:iron_pickaxe":2,"minecraft:wooden_axe":1,"minecraft:stone_sword":1,"minecraft:iron_shovel":1,"minecraft:iron_leggings":1,"biomesoplenty:fir_button":1},"minecraft:mined":{"minecraft:spruce_planks":2,"travelersbackpack:lapis":4,"minecraft:spruce_trapdoor":4,"biomesoplenty:fir_slab":8,"minecraft:grass_block":19,"regions_unexplored:maple_leaves":1,"minecraft:spruce_leaves":4,"minecraft:oxeye_daisy":1,"minecraft:carrots":1,"biomesoplenty:toadstool":2,"minecraft:iron_ore":33,"minecraft:pumpkin":2,"biomesoplenty:high_grass":1,"minecraft:stone":100,"minecraft:powder_snow":3,"minecraft:crafting_table":2,"minecraft:torch":16,"biomesoplenty:fir_planks":6,"minecraft:poppy":1,"biomesoplenty:high_grass_plant":2,"minecraft:tall_grass":1,"minecraft:cobblestone":1,"minecraft:sugar_cane":1,"minecraft:wall_torch":16,"mca:cross_headstone":1,"biomesoplenty:fir_fence":2,"minecraft:sweet_berry_bush":8,"minecraft:birch_leaves":2,"biomesoplenty:fir_log":728,"minecraft:grass":20,"biomesoplenty:fir_leaves":1744,"minecraft:gravel":15,"minecraft:dirt":12,"biomesoplenty:fir_sapling":4,"minecraft:oak_leaves":1,"minecraft:fern":6},"minecraft:picked_up":{"minecraft:iron_chestplate":3,"minecraft:crafting_table":2,"minecraft:wheat":1,"minecraft:lead":1,"tombstone:grave_key":3,"minecraft:string":7,"minecraft:iron_axe":15,"minecraft:iron_leggings":1,"biomesoplenty:fir_planks":6,"minecraft:spruce_planks":3,"travelersbackpack:lapis":4,"minecraft:beef":16,"minecraft:spruce_trapdoor":3,"regions_unexplored:bleeding_heart":1,"minecraft:iron_boots":1,"minecraft:egg":6,"minecraft:stick":37,"minecraft:raw_iron":33,"minecraft:torch":32,"divinerpg:terran_shards":4,"tombstone:grave_dust":2,"minecraft:carrot":1,"divinerpg:ice_stone":2,"divinerpg:ice_shards":20,"minecraft:arrow":1,"minecraft:rotten_flesh":24,"regions_unexplored:maple_sapling":1,"biomesoplenty:fir_leaves":668,"minecraft:shears":4,"biomesoplenty:fir_slab":10,"tombstone:essence_of_undeath":1,"minecraft:gold_ingot":10,"minecraft:glow_berries":1,"minecraft:cobblestone":658,"minecraft:oxeye_daisy":1,"iceandfire:silver_axe":1,"divinerpg:tomato":3,"biomesoplenty:fir_button":1,"minecraft:water_bucket":1,"minecraft:leather":11,"biomesoplenty:fir_sapling":57,"biomesoplenty:fir_log":834,"minecraft:flint":1,"iceandfire:dread_stone_bricks_cracked":4,"minecraft:gunpowder":2,"minecraft:dirt":28,"divinerpg:frost_sword":2,"minecraft:leather_boots":1,"minecraft:bone":1,"minecraft:wheat_seeds":8,"minecraft:iron_ingot":1,"divinerpg:realmite_ingot":2,"biomesoplenty:toadstool":1,"minecraft:cooked_porkchop":9,"minecraft:pumpkin":8,"minecraft:sweet_berries":134,"divinerpg:cyclops_eye_shards":12,"minecraft:gravel":14,"biomesoplenty:fir_fence":2,"minecraft:spruce_sapling":1,"minecraft:grass_block":1,"minecraft:spruce_log":2,"minecraft:spider_eye":1,"minecraft:slime_ball":1,"minecraft:iron_helmet":2}},"DataVersion":3465}